run_timestamp,role,work_id,title,fandom,fandom_scope,category_filter,warning_filter,crossover_filter,chapter_filter,completion_filter,timeframe_filter,hits,kudos,comments,chapters,kudos_to_hits,comments_to_hits,comments_to_kudos
2026-09-08T11:47:02,target,67051126,lantern shining the way through (here),Harry Potter - J. K. Rowling,same,0,0,0,0,0,0,997,71,8,1,7.12136409227683,0.802407221664995,11.267605633802818
2026-09-08T11:47:02,cohort,85509931,,Harry Potter - J. K. Rowling,same,0,0,0,0,0,0,5695,116,621,103,2.0368744512730466,10.904302019315189,535.344827586207
2026-09-08T11:47:02,cohort,87766681,,Harry Potter - J. K. Rowling,same,0,0,0,0,0,0,1214,32,4,56,2.6359143327841847,0.3294892915980231,12.5
2026-09-08T11:47:02,cohort,86794566,,Harry Potter - J. K. Rowling,same,0,0,0,0,0,0,1518,49,6,12,3.227931488801054,0.3952569169960474,12.244897959183673
2026-09-08T11:47:02,cohort,60256102,,Harry Potter - J. K. Rowling,same,0,0,0,0,0,0,177594,2417,5486,378,1.360969402119441,3.089068324380328,226.9755895738519
2026-09-08T11:47:02,cohort,90277036,,Harry Potter - J. K. Rowling,same,0,0,0,0,0,0,1894,26,31,48,1.3727560718057021,1.6367476240760297,119.23076923076923
2026-09-08T11:47:02,cohort,91013846,,Harry Potter - J. K. Rowling,same,0,0,0,0,0,0,76,11,12,3,14.473684210526317,15.789473684210526,109.09090909090908
2026-09-08T11:47:02,cohort,79477926,,Harry Potter - J. K. Rowling,same,0,0,0,0,0,0,14038,147,20,3,1.0471577147741844,0.14247043738424275,13.60544217687075
2026-09-08T11:47:02,cohort,85422911,,Harry Potter - J. K. Rowling,same,0,0,0,0,0,0,1467,27,41,23,1.8404907975460123,2.7948193592365373,151.85185185185185
2026-09-08T11:47:02,cohort,92068401,,Harry Potter - J. K. Rowling,same,0,0,0,0,0,0,66,0,0,5,0.0,0.0,0.0
2026-09-08T11:47:02,cohort,91936516,,Harry Potter - J. K. Rowling,same,0,0,0,0,0,0,64,0,0,9,0.0,0.0,0.0
2026-09-08T11:47:02,cohort,89682646,,Harry Potter - J. K. Rowling,same,0,0,0,0,0,0,1006,61,50,7,6.063618290258449,4.970178926441352,81.9672131147541
2026-09-08T11:47:02,cohort,89187691,,Harry Potter - J. K. Rowling,same,0,0,0,0,0,0,5686,273,83,11,4.801266268026732,1.4597256419275415,30.4029304029304
2026-09-08T11:47:02,cohort,92126651,,Harry Potter - J. K. Rowling,same,0,0,0,0,0,0,128,17,0,4,13.28125,0.0,0.0
2026-09-08T11:47:02,cohort,91357301,,Harry Potter - J. K. Rowling,same,0,0,0,0,0,0,107,1,0,16,0.9345794392523363,0.0,0.0
2026-09-08T11:47:02,cohort,88787801,,Harry Potter - J. K. Rowling,same,0,0,0,0,0,0,1707,50,22,40,2.9291154071470418,1.2888107791446983,44.0
2026-09-08T11:47:02,cohort,57593773,,Harry Potter - J. K. Rowling,same,0,0,0,0,0,0,107871,739,3911,147,0.6850775463284849,3.62562690621205,529.2286874154263
2026-09-08T11:47:02,cohort,91785606,,Harry Potter - J. K. Rowling,same,0,0,0,0,0,0,407,15,6,15,3.6855036855036856,1.4742014742014742,40.0
2026-09-08T11:47:02,cohort,90837406,,Harry Potter - J. K. Rowling,same,0,0,0,0,0,0,199,6,0,5,3.015075376884422,0.0,0.0
2026-09-08T11:47:02,cohort,90476996,,Harry Potter - J. K. Rowling,same,0,0,0,0,0,0,4634,252,66,10,5.438066465256798,1.4242555028053518,26.190476190476193
2026-09-08T11:47:02,cohort,87214426,,Harry Potter - J. K. Rowling,same,0,0,0,0,0,0,804,55,16,12,6.8407960199004965,1.9900497512437811,29.09090909090909
2026-09-08T11:47:02,cohort,64845913,,Harry Potter - J. K. Rowling,same,0,0,0,0,0,0,8619,237,267,32,2.749738948833971,3.09780717020536,112.65822784810126
2026-09-08T11:47:02,cohort,63255739,,Harry Potter - J. K. Rowling,same,0,0,0,0,0,0,2169,93,38,4,4.287690179806362,1.751959428307976,40.86021505376344
2026-09-08T11:47:02,cohort,91017061,,Harry Potter - J. K. Rowling,same,0,0,0,0,0,0,593,47,17,2,7.925801011804384,2.866779089376054,36.17021276595745
2026-09-08T11:47:02,cohort,74547146,,Harry Potter - J. K. Rowling,same,0,0,0,0,0,0,264,6,0,5,2.272727272727273,0.0,0.0
2026-09-08T11:47:02,cohort,91298411,,Harry Potter - J. K. Rowling,same,0,0,0,0,0,0,237,10,0,35,4.219409282700422,0.0,0.0
2026-09-08T11:47:02,cohort,65827354,,Harry Potter - J. K. Rowling,same,0,0,0,0,0,0,5069,68,115,22,1.3414874728743342,2.2686920497139473,169.11764705882354
2026-09-08T11:47:02,cohort,92060851,,Harry Potter - J. K. Rowling,same,0,0,0,0,0,0,184,3,0,63,1.6304347826086956,0.0,0.0
2026-09-08T11:47:02,cohort,91589686,,Harry Potter - J. K. Rowling,same,0,0,0,0,0,0,724,33,22,15,4.558011049723757,3.0386740331491713,66.66666666666666
2026-09-08T11:47:02,cohort,25793239,,Harry Potter - J. K. Rowling,same,0,0,0,0,0,0,1150,21,31,11,1.8260869565217392,2.6956521739130435,147.61904761904762
2026-09-08T11:47:02,cohort,87133201,,Harry Potter - J. K. Rowling,same,0,0,0,0,0,0,102,0,0,9,0.0,0.0,0.0
2026-09-08T11:47:02,cohort,90459831,,Harry Potter - J. K. Rowling,same,0,0,0,0,0,0,5901,152,80,55,2.5758346043043554,1.3557024233180817,52.63157894736842
2026-09-08T11:47:02,cohort,78410181,,Harry Potter - J. K. Rowling,same,0,0,0,0,0,0,2031,77,33,23,3.79123584441162,1.6248153618906942,42.857142857142854
2026-09-08T11:47:02,cohort,92170576,,Harry Potter - J. K. Rowling,same,0,0,0,0,0,0,105,5,3,14,4.761904761904762,2.857142857142857,60.0
2026-09-08T11:47:02,cohort,62419144,,Harry Potter - J. K. Rowling,same,0,0,0,0,0,0,135,4,5,31,2.9629629629629632,3.7037037037037033,125.0
2026-09-08T11:47:02,cohort,80373836,,Harry Potter - J. K. Rowling,same,0,0,0,0,0,0,357,13,1,4,3.6414565826330536,0.2801120448179272,7.6923076923076925
2026-09-08T11:47:02,cohort,83144011,,Harry Potter - J. K. Rowling,same,0,0,0,0,0,0,1952,77,110,10,3.944672131147541,5.635245901639344,142.85714285714286
2026-09-08T11:47:02,cohort,90543061,,Harry Potter - J. K. Rowling,same,0,0,0,0,0,0,291,6,29,15,2.0618556701030926,9.965635738831615,483.3333333333333
2026-09-08T11:47:02,cohort,91690201,,Harry Potter - J. K. Rowling,same,0,0,0,0,0,0,1658,93,19,9,5.6091676718938475,1.1459589867310012,20.43010752688172
2026-09-08T11:47:02,cohort,36386545,,Harry Potter - J. K. Rowling,same,0,0,0,0,0,0,126329,2539,1218,131,2.0098314717919084,0.9641491660663822,47.97164237888933
2026-09-08T11:47:02,cohort,92066006,,Harry Potter - J. K. Rowling,same,0,0,0,0,0,0,55,5,1,3,9.090909090909092,1.8181818181818181,20.0
2026-09-08T11:47:02,cohort,71938031,,Harry Potter - J. K. Rowling,same,0,0,0,0,0,0,5462,160,111,6,2.929329915781765,2.0322226290735994,69.375
2026-09-08T11:47:02,cohort,53902054,,Harry Potter - J. K. Rowling,same,0,0,0,0,0,0,8833,66,1345,122,0.7471980074719801,15.226989697724441,2037.878787878788
2026-09-08T11:47:02,cohort,91272321,,Harry Potter - J. K. Rowling,same,0,0,0,0,0,0,624,18,3,6,2.8846153846153846,0.4807692307692308,16.666666666666664
2026-09-08T11:47:02,cohort,88388466,,Harry Potter - J. K. Rowling,same,0,0,0,0,0,0,1917,36,40,12,1.8779342723004695,2.0865936358894106,111.11111111111111
2026-09-08T11:47:02,cohort,53076592,,Harry Potter - J. K. Rowling,same,0,0,0,0,0,0,25019,259,647,33,1.0352132379391663,2.5860346136935926,249.80694980694983
2026-09-08T11:47:02,cohort,92117191,,Harry Potter - J. K. Rowling,same,0,0,0,0,0,0,215,6,11,16,2.7906976744186047,5.116279069767442,183.33333333333331
2026-09-08T11:47:02,cohort,84198311,,Harry Potter - J. K. Rowling,same,0,0,0,0,0,0,4017,68,28,35,1.6928055763007221,0.6970375902414737,41.17647058823529
2026-09-08T11:47:02,cohort,80341361,,Harry Potter - J. K. Rowling,same,0,0,0,0,0,0,7645,200,88,38,2.6160889470241986,1.1510791366906474,44.0
2026-09-08T11:47:02,cohort,54753058,,Harry Potter - J. K. Rowling,same,0,0,0,0,0,0,14976,341,104,42,2.2769764957264957,0.6944444444444444,30.498533724340177
2026-09-08T11:47:02,cohort,79167211,,Harry Potter - J. K. Rowling,same,0,0,0,0,0,0,25463,507,691,16,1.9911243765463615,2.7137415072850803,136.29191321499013
2026-09-08T11:47:02,cohort,92152606,,Harry Potter - J. K. Rowling,same,0,0,0,0,0,0,51,7,4,2,13.725490196078432,7.8431372549019605,57.14285714285714
2026-09-08T11:47:02,cohort,91887881,,Harry Potter - J. K. Rowling,same,0,0,0,0,0,0,578,14,21,17,2.422145328719723,3.633217993079585,150.0
2026-09-08T11:47:02,cohort,92030851,,Harry Potter - J. K. Rowling,same,0,0,0,0,0,0,590,24,0,14,4.067796610169491,0.0,0.0
2026-09-08T11:47:02,cohort,88179441,,Harry Potter - J. K. Rowling,same,0,0,0,0,0,0,127,5,3,4,3.937007874015748,2.3622047244094486,60.0
2026-09-08T11:47:02,cohort,80707531,,Harry Potter - J. K. Rowling,same,0,0,0,0,0,0,3887,134,51,10,3.4473887316696685,1.312065860560844,38.059701492537314
2026-09-08T11:47:02,cohort,86561276,,Harry Potter - J. K. Rowling,same,0,0,0,0,0,0,1934,22,8,119,1.1375387797311272,0.4136504653567736,36.36363636363637
2026-09-08T11:47:02,cohort,91228896,,Harry Potter - J. K. Rowling,same,0,0,0,0,0,0,80,4,1,9,5.0,1.25,25.0
2026-09-08T11:47:02,cohort,55938289,,Harry Potter - J. K. Rowling,same,0,0,0,0,0,0,3874,95,11,26,2.4522457408363447,0.2839442436757873,11.578947368421053
2026-09-08T11:47:02,cohort,90710601,,Harry Potter - J. K. Rowling,same,0,0,0,0,0,0,12672,52,5,20,0.4103535353535354,0.039457070707070704,9.615384615384617
2026-09-08T11:47:02,cohort,47154790,,Harry Potter - J. K. Rowling,same,0,0,0,0,0,0,772,31,10,14,4.015544041450777,1.2953367875647668,32.25806451612903
2026-09-08T11:47:02,cohort,89696306,,Harry Potter - J. K. Rowling,same,0,0,0,0,0,0,289,2,3,17,0.6920415224913495,1.0380622837370241,150.0
2026-09-08T11:47:02,cohort,92190226,,Harry Potter - J. K. Rowling,same,0,0,0,0,0,0,101,0,0,1,0.0,0.0,0.0
2026-09-08T11:47:02,cohort,35150137,,Harry Potter - J. K. Rowling,same,0,0,0,0,0,0,35617,431,19,21,1.2100963023275402,0.0533453126316085,4.408352668213457
2026-09-08T11:47:02,cohort,64573435,,Harry Potter - J. K. Rowling,same,0,0,0,0,0,0,9253,471,115,8,5.090241002917972,1.242840159948125,24.416135881104033
2026-09-08T11:47:02,cohort,92137911,,Harry Potter - J. K. Rowling,same,0,0,0,0,0,0,125,0,0,13,0.0,0.0,0.0
2026-09-08T11:47:02,cohort,78035016,,Harry Potter - J. K. Rowling,same,0,0,0,0,0,0,3660,100,386,37,2.73224043715847,10.546448087431694,386.0
2026-09-08T11:47:02,cohort,91811266,,Harry Potter - J. K. Rowling,same,0,0,0,0,0,0,290,7,0,67,2.413793103448276,0.0,0.0
2026-09-08T11:47:02,cohort,90182696,,Harry Potter - J. K. Rowling,same,0,0,0,0,0,0,8642,141,97,20,1.6315667669520946,1.1224253644989586,68.79432624113475
2026-09-08T11:47:02,cohort,90482471,,Harry Potter - J. K. Rowling,same,0,0,0,0,0,0,8595,378,115,16,4.397905759162303,1.3379872018615475,30.423280423280424
2026-09-08T11:47:02,cohort,88296336,,Harry Potter - J. K. Rowling,same,0,0,0,0,0,0,544,11,2,17,2.0220588235294117,0.3676470588235294,18.181818181818183
2026-09-08T11:47:02,cohort,92120391,,Harry Potter - J. K. Rowling,same,0,0,0,0,0,0,80,3,0,2,3.75,0.0,0.0
2026-09-08T11:47:02,cohort,88376766,,Harry Potter - J. K. Rowling,same,0,0,0,0,0,0,17312,412,140,32,2.379852125693161,0.8086876155268022,33.980582524271846
2026-09-08T11:47:02,cohort,73120496,,Harry Potter - J. K. Rowling,same,0,0,0,0,0,0,8714,225,47,22,2.582051870553133,0.539361946293321,20.88888888888889
2026-09-08T11:47:02,cohort,91016856,,Harry Potter - J. K. Rowling,same,0,0,0,0,0,0,1900,56,54,67,2.9473684210526314,2.8421052631578947,96.42857142857143
2026-09-08T11:47:02,cohort,75097406,,Harry Potter - J. K. Rowling,same,0,0,0,0,0,0,978,16,10,41,1.6359918200409,1.0224948875255624,62.5
2026-09-08T11:47:02,cohort,91923256,,Harry Potter - J. K. Rowling,same,0,0,0,0,0,0,243,28,10,4,11.522633744855968,4.11522633744856,35.714285714285715
2026-09-08T11:47:02,cohort,86649051,,Harry Potter - J. K. Rowling,same,0,0,0,0,0,0,9168,268,1071,74,2.9232111692844676,11.681937172774868,399.6268656716418
2026-09-08T11:47:02,cohort,91344426,,Harry Potter - J. K. Rowling,same,0,0,0,0,0,0,756,31,3,9,4.1005291005291005,0.3968253968253968,9.67741935483871
2026-09-08T11:47:02,cohort,91468236,,Harry Potter - J. K. Rowling,same,0,0,0,0,0,0,1703,123,54,8,7.22254844392249,3.1708749266001175,43.90243902439025
2026-09-08T11:47:02,cohort,58793119,,Harry Potter - J. K. Rowling,same,0,0,0,0,0,0,21574,348,476,110,1.6130527486789656,2.2063595068137576,136.7816091954023
2026-09-08T11:47:02,cohort,30439821,,Harry Potter - J. K. Rowling,same,0,0,0,0,0,0,6516,190,26,17,2.9158993247391036,0.3990178023327195,13.684210526315791
2026-09-08T11:47:02,cohort,91331301,,Harry Potter - J. K. Rowling,same,0,0,0,0,0,0,1984,168,26,5,8.46774193548387,1.310483870967742,15.476190476190476
2026-09-08T11:47:02,cohort,89493876,,Harry Potter - J. K. Rowling,same,0,0,0,0,0,0,6532,399,52,11,6.108389467238212,0.7960808328230252,13.032581453634084
2026-09-08T11:47:02,cohort,49763737,,Harry Potter - J. K. Rowling,same,0,0,0,0,0,0,1442,57,118,48,3.952843273231623,8.183079056865465,207.01754385964915
2026-09-08T11:47:02,cohort,92109421,,Harry Potter - J. K. Rowling,same,0,0,0,0,0,0,307,34,5,3,11.074918566775244,1.6286644951140066,14.705882352941178
2026-09-08T11:47:02,cohort,83813836,,Harry Potter - J. K. Rowling,same,0,0,0,0,0,0,30921,788,253,50,2.5484298696678636,0.8182141586623978,32.10659898477157
2026-09-08T11:47:02,cohort,91531496,,Harry Potter - J. K. Rowling,same,0,0,0,0,0,0,165,10,8,2,6.0606060606060606,4.848484848484849,80.0
2026-09-08T11:47:02,cohort,92188101,,Harry Potter - J. K. Rowling,same,0,0,0,0,0,0,111,19,1,1,17.117117117117118,0.9009009009009009,5.263157894736842
2026-09-08T11:47:02,cohort,69132691,,Harry Potter - J. K. Rowling,same,0,0,0,0,0,0,7716,371,430,71,4.808190772420944,5.572835666148263,115.90296495956873
2026-09-08T11:47:02,cohort,77101801,,Harry Potter - J. K. Rowling,same,0,0,0,0,0,0,2251,44,35,18,1.9546868058640605,1.5548645046645935,79.54545454545455
2026-09-08T11:47:02,cohort,92131976,,Harry Potter - J. K. Rowling,same,0,0,0,0,0,0,58,2,1,7,3.4482758620689653,1.7241379310344827,50.0
2026-09-08T11:47:02,cohort,63378631,,Harry Potter - J. K. Rowling,same,0,0,0,0,0,0,1394,56,27,16,4.017216642754662,1.9368723098995695,48.214285714285715
2026-09-08T11:47:02,cohort,89821571,,Harry Potter - J. K. Rowling,same,0,0,0,0,0,0,4374,128,343,20,2.9263831732967533,7.841792409693644,267.96875
2026-09-08T11:47:02,cohort,85179576,,Harry Potter - J. K. Rowling,same,0,0,0,0,0,0,198,5,5,41,2.525252525252525,2.525252525252525,100.0
2026-09-08T11:47:02,cohort,83839771,,Harry Potter - J. K. Rowling,same,0,0,0,0,0,0,1859,81,24,41,4.357181280258203,1.2910166756320602,29.629629629629626
2026-09-08T11:47:02,cohort,82224306,,Harry Potter - J. K. Rowling,same,0,0,0,0,0,0,6144,212,45,37,3.4505208333333335,0.732421875,21.22641509433962
2026-09-08T11:47:02,cohort,61350067,,Harry Potter - J. K. Rowling,same,0,0,0,0,0,0,808,14,14,35,1.7326732673267329,1.7326732673267329,100.0
2026-09-08T11:47:02,cohort,89798521,,Harry Potter - J. K. Rowling,same,0,0,0,0,0,0,3088,117,27,45,3.788860103626943,0.8743523316062176,23.076923076923077
2026-09-08T11:47:02,cohort,92118106,,Harry Potter - J. K. Rowling,same,0,0,0,0,0,0,86,4,0,2,4.651162790697675,0.0,0.0
2026-09-08T11:47:02,cohort,91696421,,Harry Potter - J. K. Rowling,same,0,0,0,0,0,0,256,8,0,2,3.125,0.0,0.0
2026-09-08T11:47:02,cohort,92044356,,Harry Potter - J. K. Rowling,same,0,0,0,0,0,0,93,8,6,2,8.60215053763441,6.451612903225806,75.0
2026-09-08T11:47:02,cohort,57974005,,Harry Potter - J. K. Rowling,same,0,0,0,0,0,0,199988,1491,1699,178,0.745544732683961,0.8495509730583835,113.95036887994634
2026-09-08T11:47:02,cohort,90277911,,Harry Potter - J. K. Rowling,same,0,0,0,0,0,0,273,20,8,5,7.326007326007327,2.93040293040293,40.0
2026-09-08T11:47:02,cohort,92186401,,Harry Potter - J. K. Rowling,same,0,0,0,0,0,0,121,15,3,1,12.396694214876034,2.479338842975207,20.0
2026-09-08T11:47:02,cohort,86147551,,Harry Potter - J. K. Rowling,same,0,0,0,0,0,0,7027,146,212,26,2.077700298847303,3.016934680518002,145.2054794520548
2026-09-08T11:47:02,cohort,85177771,,Harry Potter - J. K. Rowling,same,0,0,0,0,0,0,2382,123,27,35,5.163727959697733,1.1335012594458438,21.951219512195124
2026-09-08T11:47:02,cohort,90539046,,Harry Potter - J. K. Rowling,same,0,0,0,0,0,0,92,1,2,9,1.0869565217391304,2.1739130434782608,200.0
2026-09-08T11:47:02,cohort,82153296,,Harry Potter - J. K. Rowling,same,0,0,0,0,0,0,9068,436,702,53,4.808116453462726,7.741508601676224,161.0091743119266
2026-09-08T11:47:02,cohort,91898046,,Harry Potter - J. K. Rowling,same,0,0,0,0,0,0,1060,73,32,12,6.886792452830188,3.018867924528302,43.83561643835616
2026-09-08T11:47:02,cohort,60130921,,Harry Potter - J. K. Rowling,same,0,0,0,0,0,0,17272,236,356,93,1.366373320981936,2.06113941639648,150.84745762711864
2026-09-08T11:47:02,cohort,74322241,,Harry Potter - J. K. Rowling,same,0,0,0,0,0,0,27469,586,517,40,2.133313917507008,1.8821216644217118,88.22525597269625
2026-09-08T11:47:02,cohort,91378771,,Harry Potter - J. K. Rowling,same,0,0,0,0,0,0,4192,166,199,15,3.959923664122137,4.747137404580153,119.87951807228916
2026-09-08T11:47:02,cohort,88497791,,Harry Potter - J. K. Rowling,same,0,0,0,0,0,0,4348,212,52,32,4.875804967801288,1.1959521619135236,24.528301886792452
2026-09-08T11:47:02,cohort,91876441,,Harry Potter - J. K. Rowling,same,0,0,0,0,0,0,64,0,1,5,0.0,1.5625,0.0
2026-09-08T11:47:02,cohort,91748721,,Harry Potter - J. K. Rowling,same,0,0,0,0,0,0,93,0,2,4,0.0,2.1505376344086025,0.0
2026-09-08T11:47:02,cohort,92131796,,Harry Potter - J. K. Rowling,same,0,0,0,0,0,0,213,19,4,2,8.92018779342723,1.8779342723004695,21.052631578947366
2026-09-08T11:47:02,cohort,58966798,,Harry Potter - J. K. Rowling,same,0,0,0,0,0,0,4590,87,646,19,1.8954248366013071,14.074074074074074,742.5287356321838
2026-09-08T11:47:02,cohort,90664551,,Harry Potter - J. K. Rowling,same,0,0,0,0,0,0,414,6,8,25,1.4492753623188406,1.932367149758454,133.33333333333331
2026-09-08T11:47:02,cohort,90999731,,Harry Potter - J. K. Rowling,same,0,0,0,0,0,0,101,7,12,11,6.9306930693069315,11.881188118811881,171.42857142857142
2026-09-08T11:47:02,cohort,90316081,,Harry Potter - J. K. Rowling,same,0,0,0,0,0,0,430,34,17,7,7.906976744186046,3.953488372093023,50.0
2026-09-08T11:47:02,cohort,91707131,,Harry Potter - J. K. Rowling,same,0,0,0,0,0,0,134,2,0,15,1.4925373134328357,0.0,0.0
2026-09-08T11:47:02,cohort,92129586,,Harry Potter - J. K. Rowling,same,0,0,0,0,0,0,108,8,1,2,7.4074074074074066,0.9259259259259258,12.5
2026-09-08T11:47:02,cohort,45178327,,Harry Potter - J. K. Rowling,same,0,0,0,0,0,0,177916,4131,2440,165,2.3218822365610734,1.3714337102902494,59.06560154926168
2026-09-08T11:47:02,cohort,90929776,,Harry Potter - J. K. Rowling,same,0,0,0,0,0,0,133,13,5,5,9.774436090225564,3.7593984962406015,38.46153846153847
2026-09-08T11:47:02,cohort,85411761,,Harry Potter - J. K. Rowling,same,0,0,0,0,0,0,435,24,20,7,5.517241379310345,4.597701149425287,83.33333333333334
2026-09-08T11:47:02,cohort,91945926,,Harry Potter - J. K. Rowling,same,0,0,0,0,0,0,947,46,7,20,4.857444561774024,0.7391763463569165,15.217391304347828
2026-09-08T11:47:02,cohort,43642602,,Harry Potter - J. K. Rowling,same,0,0,0,0,0,0,994,9,8,73,0.9054325955734407,0.8048289738430584,88.88888888888889
2026-09-08T11:47:02,cohort,61185487,,Harry Potter - J. K. Rowling,same,0,0,0,0,0,0,3747,76,43,15,2.028289298105151,1.14758473445423,56.57894736842105
2026-09-08T11:47:02,cohort,91545691,,Harry Potter - J. K. Rowling,same,0,0,0,0,0,0,1020,68,11,4,6.666666666666667,1.0784313725490196,16.176470588235293
2026-09-08T11:47:02,cohort,65415976,,Harry Potter - J. K. Rowling,same,0,0,0,0,0,0,2090,80,94,14,3.827751196172249,4.497607655502392,117.5
2026-09-08T11:47:02,cohort,88369171,,Harry Potter - J. K. Rowling,same,0,0,0,0,0,0,637,9,7,9,1.4128728414442702,1.098901098901099,77.77777777777779
2026-09-08T11:47:02,cohort,91843791,,Harry Potter - J. K. Rowling,same,0,0,0,0,0,0,153,9,1,6,5.88235294117647,0.6535947712418301,11.11111111111111
2026-09-08T11:47:02,cohort,87882661,,Harry Potter - J. K. Rowling,same,0,0,0,0,0,0,409,17,3,168,4.156479217603912,0.7334963325183375,17.647058823529413
2026-09-08T11:47:02,cohort,87618591,,Harry Potter - J. K. Rowling,same,0,0,0,0,0,0,8794,44,1,11,0.5003411416875142,0.01137138958380714,2.272727272727273
2026-09-08T11:47:02,cohort,91858871,,Harry Potter - J. K. Rowling,same,0,0,0,0,0,0,254,16,13,4,6.299212598425196,5.118110236220472,81.25
2026-09-08T11:47:02,cohort,60594199,,Harry Potter - J. K. Rowling,same,0,0,0,0,0,0,9085,127,10,3,1.3979086406164007,0.1100715465052284,7.874015748031496
2026-09-08T11:47:02,cohort,71676241,,Harry Potter - J. K. Rowling,same,0,0,0,0,0,0,37345,427,1010,46,1.1433926897844424,2.7045119828624986,236.53395784543326
2026-09-08T11:47:02,cohort,89628206,,Harry Potter - J. K. Rowling,same,0,0,0,0,0,0,106,4,0,16,3.7735849056603774,0.0,0.0
2026-09-08T11:47:02,cohort,92184236,,Harry Potter - J. K. Rowling,same,0,0,0,0,0,0,77,10,0,1,12.987012987012985,0.0,0.0
2026-09-08T11:47:02,cohort,57539143,,Harry Potter - J. K. Rowling,same,0,0,0,0,0,0,12011,581,152,12,4.837232536841229,1.265506618932645,26.161790017211707
2026-09-08T11:47:02,cohort,50874031,,Harry Potter - J. K. Rowling,same,0,0,0,0,0,0,65338,936,224,17,1.432550736171906,0.3428326548103707,23.931623931623932
2026-09-08T11:47:02,cohort,84544476,,Harry Potter - J. K. Rowling,same,0,0,0,0,0,0,682,88,15,11,12.903225806451612,2.1994134897360706,17.045454545454543
2026-09-08T11:47:02,cohort,86607691,,Harry Potter - J. K. Rowling,same,0,0,0,0,0,0,179,6,3,6,3.35195530726257,1.675977653631285,50.0
2026-09-08T11:47:02,cohort,79759826,,Harry Potter - J. K. Rowling,same,0,0,0,0,0,0,13734,406,230,57,2.9561671763506627,1.6746759866025922,56.65024630541872
2026-09-08T11:47:02,cohort,39364623,,Harry Potter - J. K. Rowling,same,0,0,0,0,0,0,44189,1237,562,38,2.7993392020638623,1.2718097264024983,45.43249797898141
2026-09-08T11:47:02,cohort,92176611,,Harry Potter - J. K. Rowling,same,0,0,0,0,0,0,150,14,8,1,9.333333333333334,5.333333333333334,57.14285714285714
2026-09-08T11:47:02,cohort,92067621,,Harry Potter - J. K. Rowling,same,0,0,0,0,0,0,502,69,34,2,13.745019920318724,6.772908366533864,49.275362318840585
2026-09-08T11:47:02,cohort,83230471,,Harry Potter - J. K. Rowling,same,0,0,0,0,0,0,1284,42,24,11,3.2710280373831773,1.8691588785046727,57.14285714285714
2026-09-08T11:47:02,cohort,79952601,,Harry Potter - J. K. Rowling,same,0,0,0,0,0,0,34509,674,352,29,1.9531136804891478,1.020023761917181,52.22551928783383
2026-09-08T11:47:02,cohort,90846061,,Harry Potter - J. K. Rowling,same,0,0,0,0,0,0,2271,59,27,119,2.5979744605900486,1.1889035667107,45.76271186440678
2026-09-08T11:47:02,cohort,45546529,,Harry Potter - J. K. Rowling,same,0,0,0,0,0,0,53233,483,229,133,0.9073319181710593,0.4301842841846223,47.4120082815735
2026-09-08T11:47:02,cohort,91585341,,Harry Potter - J. K. Rowling,same,0,0,0,0,0,0,166,16,2,10,9.63855421686747,1.2048192771084338,12.5
2026-09-08T11:47:02,cohort,67248985,,Harry Potter - J. K. Rowling,same,0,0,0,0,0,0,73478,1164,662,129,1.58414763602711,0.9009499442009853,56.87285223367697
2026-09-08T11:47:02,cohort,81264856,,Harry Potter - J. K. Rowling,same,0,0,0,0,0,0,2774,83,153,14,2.9920692141312184,5.5155010814708,184.33734939759037
2026-09-08T11:47:02,cohort,90248076,,Harry Potter - J. K. Rowling,same,0,0,0,0,0,0,1288,76,10,7,5.900621118012422,0.7763975155279503,13.157894736842104
2026-09-08T11:47:02,cohort,92183086,,Harry Potter - J. K. Rowling,same,0,0,0,0,0,0,67,0,2,1,0.0,2.9850746268656714,0.0
2026-09-08T11:47:02,cohort,92182981,,Harry Potter - J. K. Rowling,same,0,0,0,0,0,0,69,6,0,1,8.695652173913043,0.0,0.0
2026-09-08T11:47:02,cohort,88982411,,Harry Potter - J. K. Rowling,same,0,0,0,0,0,0,395,19,8,5,4.810126582278481,2.0253164556962027,42.10526315789473
2026-09-08T11:47:02,cohort,84221551,,Harry Potter - J. K. Rowling,same,0,0,0,0,0,0,8259,393,211,22,4.758445332364693,2.55478871534084,53.68956743002544
2026-09-08T11:47:02,cohort,67902811,,Harry Potter - J. K. Rowling,same,0,0,0,0,0,0,8321,158,41,10,1.8988102391539479,0.4927292392741257,25.949367088607595
2026-09-08T11:47:02,cohort,92182806,,Harry Potter - J. K. Rowling,same,0,0,0,0,0,0,113,14,0,1,12.389380530973451,0.0,0.0
2026-09-08T11:47:02,cohort,92182611,,Harry Potter - J. K. Rowling,same,0,0,0,0,0,0,65,8,0,1,12.307692307692308,0.0,0.0
2026-09-08T11:47:02,cohort,71886891,,Harry Potter - J. K. Rowling,same,0,0,0,0,0,0,1589,29,16,9,1.825047199496539,1.0069225928256766,55.172413793103445
2026-09-08T11:47:02,cohort,80703586,,Harry Potter - J. K. Rowling,same,0,0,0,0,0,0,1802,86,28,7,4.772475027746948,1.553829078801332,32.55813953488372
2026-09-08T11:47:02,cohort,88623586,,Harry Potter - J. K. Rowling,same,0,0,0,0,0,0,3547,154,60,11,4.341697208908937,1.691570341133352,38.961038961038966
2026-09-08T11:47:02,cohort,74048466,,Harry Potter - J. K. Rowling,same,0,0,0,0,0,0,306,17,8,21,5.555555555555555,2.6143790849673203,47.05882352941176
2026-09-08T11:47:02,cohort,87201471,,Harry Potter - J. K. Rowling,same,0,0,0,0,0,0,467,16,16,11,3.4261241970021414,3.4261241970021414,100.0
2026-09-08T11:47:02,cohort,92182136,,Harry Potter - J. K. Rowling,same,0,0,0,0,0,0,99,9,0,1,9.090909090909092,0.0,0.0
2026-09-08T11:47:02,cohort,91971881,,Harry Potter - J. K. Rowling,same,0,0,0,0,0,0,71,2,3,6,2.8169014084507045,4.225352112676056,150.0
2026-09-08T11:47:02,cohort,87495621,,Harry Potter - J. K. Rowling,same,0,0,0,0,0,0,2964,68,103,63,2.2941970310391366,3.475033738191633,151.47058823529412
2026-09-08T11:47:02,cohort,92181861,,Harry Potter - J. K. Rowling,same,0,0,0,0,0,0,195,25,3,1,12.82051282051282,1.5384615384615385,12.0
2026-09-08T11:47:02,cohort,85395446,,Harry Potter - J. K. Rowling,same,0,0,0,0,0,0,518,24,25,12,4.633204633204633,4.826254826254826,104.16666666666667
2026-09-08T11:47:02,cohort,87563471,,Harry Potter - J. K. Rowling,same,0,0,0,0,0,0,29276,826,2353,22,2.8214236917611695,8.037300177619894,284.86682808716705
2026-09-08T11:47:02,cohort,86124756,,Harry Potter - J. K. Rowling,same,0,0,0,0,0,0,157,4,1,12,2.547770700636943,0.6369426751592357,25.0
2026-09-08T11:47:02,cohort,88746841,,Harry Potter - J. K. Rowling,same,0,0,0,0,0,0,117,4,0,15,3.418803418803419,0.0,0.0
2026-09-08T11:47:02,cohort,82642921,,Harry Potter - J. K. Rowling,same,0,0,0,0,0,0,9480,108,120,29,1.139240506329114,1.2658227848101267,111.11111111111111
2026-09-08T11:47:02,cohort,91706671,,Harry Potter - J. K. Rowling,same,0,0,0,0,0,0,1310,94,97,14,7.175572519083969,7.404580152671755,103.19148936170212
2026-09-08T11:47:02,cohort,91571021,,Harry Potter - J. K. Rowling,same,0,0,0,0,0,0,118,8,5,5,6.779661016949152,4.23728813559322,62.5
2026-09-08T11:47:02,cohort,87512286,,Harry Potter - J. K. Rowling,same,0,0,0,0,0,0,82,4,3,4,4.878048780487805,3.6585365853658534,75.0
2026-09-08T11:47:02,cohort,60666940,,Harry Potter - J. K. Rowling,same,0,0,0,0,0,0,10723,206,69,27,1.9211041686095311,0.6434766390002798,33.49514563106796
2026-09-08T11:47:02,cohort,87344886,,Harry Potter - J. K. Rowling,same,0,0,0,0,0,0,90,6,2,3,6.666666666666667,2.2222222222222223,33.33333333333333
2026-09-08T11:47:02,cohort,86816716,,Harry Potter - J. K. Rowling,same,0,0,0,0,0,0,623,44,9,10,7.062600321027287,1.4446227929373996,20.454545454545457
2026-09-08T11:47:02,cohort,90048546,,Harry Potter - J. K. Rowling,same,0,0,0,0,0,0,408,25,8,64,6.127450980392156,1.9607843137254901,32.0
2026-09-08T11:47:02,cohort,90405331,,Harry Potter - J. K. Rowling,same,0,0,0,0,0,0,154,17,9,4,11.03896103896104,5.844155844155844,52.94117647058824
2026-09-08T11:47:02,cohort,92113221,,Harry Potter - J. K. Rowling,same,0,0,0,0,0,0,721,54,14,1,7.489597780859916,1.9417475728155338,25.925925925925924
2026-09-08T11:47:02,cohort,86351731,,Harry Potter - J. K. Rowling,same,0,0,0,0,0,0,191,1,0,2,0.5235602094240838,0.0,0.0
2026-09-08T11:47:02,cohort,79464501,,Harry Potter - J. K. Rowling,same,0,0,0,0,0,0,27394,643,238,86,2.3472293202891144,0.8688033876031247,37.01399688958009
2026-09-08T11:47:02,cohort,89566461,,Harry Potter - J. K. Rowling,same,0,0,0,0,0,0,1850,87,31,12,4.702702702702703,1.6756756756756757,35.63218390804598
2026-09-08T11:47:02,cohort,92050871,,Harry Potter - J. K. Rowling,same,0,0,0,0,0,0,428,18,2,2,4.205607476635514,0.46728971962616817,11.11111111111111
2026-09-08T11:47:02,cohort,91497731,,Harry Potter - J. K. Rowling,same,0,0,0,0,0,0,843,27,19,17,3.202846975088968,2.2538552787663106,70.37037037037037
2026-09-08T11:47:02,cohort,75454381,,Harry Potter - J. K. Rowling,same,0,0,0,0,0,0,30380,816,469,23,2.685977616853193,1.543778801843318,57.475490196078425
2026-09-08T11:47:02,cohort,92180126,,Harry Potter - J. K. Rowling,same,0,0,0,0,0,0,50,3,0,1,6.0,0.0,0.0
2026-09-08T11:47:02,cohort,54451078,,Harry Potter - J. K. Rowling,same,0,0,0,0,0,0,2675,57,41,13,2.130841121495327,1.5327102803738317,71.9298245614035
2026-09-08T11:47:02,cohort,91698546,,Harry Potter - J. K. Rowling,same,0,0,0,0,0,0,67,2,1,7,2.9850746268656714,1.4925373134328357,50.0
2026-09-08T11:47:02,cohort,90114591,,Harry Potter - J. K. Rowling,same,0,0,0,0,0,0,253,9,6,15,3.557312252964427,2.371541501976284,66.66666666666666
2026-09-08T11:47:02,cohort,60057421,,Harry Potter - J. K. Rowling,same,0,0,0,0,0,0,73686,231,72,13,0.31349238661346795,0.09771191271069131,31.16883116883117
2026-09-08T11:47:02,cohort,91785611,,Harry Potter - J. K. Rowling,same,0,0,0,0,0,0,880,59,29,12,6.704545454545455,3.295454545454545,49.152542372881356
2026-09-08T11:47:02,cohort,91496141,,Harry Potter - J. K. Rowling,same,0,0,0,0,0,0,108,3,0,17,2.7777777777777777,0.0,0.0
2026-09-08T11:47:02,cohort,85710786,,Harry Potter - J. K. Rowling,same,0,0,0,0,0,0,767,16,2,19,2.0860495436766624,0.2607561929595828,12.5
2026-09-08T11:47:02,cohort,76958546,,Harry Potter - J. K. Rowling,same,0,0,0,0,0,0,17224,411,567,18,2.3862052949372967,3.2919182535996288,137.95620437956205
2026-09-08T11:47:02,cohort,90349151,,Harry Potter - J. K. Rowling,same,0,0,0,0,0,0,104,9,12,5,8.653846153846153,11.538461538461538,133.33333333333331
2026-09-08T11:47:02,cohort,91279631,,Harry Potter - J. K. Rowling,same,0,0,0,0,0,0,2110,130,24,4,6.161137440758294,1.1374407582938388,18.461538461538463
2026-09-08T11:47:02,cohort,84503461,,Harry Potter - J. K. Rowling,same,0,0,0,0,0,0,3289,86,20,11,2.614776527820006,0.6080875646093037,23.25581395348837
2026-09-08T11:47:02,cohort,77292896,,Harry Potter - J. K. Rowling,same,0,0,0,0,0,0,53,0,3,4,0.0,5.660377358490567,0.0
2026-09-08T11:47:02,cohort,91702116,,Harry Potter - J. K. Rowling,same,0,0,0,0,0,0,124,0,15,45,0.0,12.096774193548388,0.0
2026-09-08T11:47:02,cohort,87766016,,Harry Potter - J. K. Rowling,same,0,0,0,0,0,0,2049,71,43,23,3.465104929233773,2.09858467545144,60.56338028169014
2026-09-08T11:47:02,cohort,89682331,,Harry Potter - J. K. Rowling,same,0,0,0,0,0,0,56,5,4,5,8.928571428571429,7.142857142857142,80.0
2026-09-08T11:47:02,cohort,84092281,,Harry Potter - J. K. Rowling,same,0,0,0,0,0,0,12449,349,242,24,2.8034380271507753,1.9439312394569845,69.34097421203438
2026-09-08T11:47:02,cohort,91796121,,Harry Potter - J. K. Rowling,same,0,0,0,0,0,0,269,17,2,4,6.319702602230483,0.7434944237918215,11.76470588235294
2026-09-08T11:47:02,cohort,83074201,,Harry Potter - J. K. Rowling,same,0,0,0,0,0,0,5419,92,146,14,1.6977302085255583,2.6942240265731687,158.69565217391303
2026-09-08T11:47:02,cohort,49767376,,Harry Potter - J. K. Rowling,same,0,0,0,0,0,0,81734,648,502,35,0.7928157192845083,0.6141874862358382,77.46913580246914
2026-09-08T11:47:02,cohort,91477201,,Harry Potter - J. K. Rowling,same,0,0,0,0,0,0,140,6,5,8,4.285714285714286,3.571428571428571,83.33333333333334
2026-09-08T11:47:02,cohort,30416598,,Harry Potter - J. K. Rowling,same,0,0,0,0,0,0,4085,76,76,8,1.8604651162790697,1.8604651162790697,100.0
2026-09-08T11:47:02,cohort,92178351,,Harry Potter - J. K. Rowling,same,0,0,0,0,0,0,107,7,0,1,6.5420560747663545,0.0,0.0
2026-09-08T11:47:02,cohort,92014061,,Harry Potter - J. K. Rowling,same,0,0,0,0,0,0,410,53,11,10,12.926829268292684,2.682926829268293,20.754716981132077
2026-09-08T11:47:02,cohort,92177961,,Harry Potter - J. K. Rowling,same,0,0,0,0,0,0,63,0,3,2,0.0,4.761904761904762,0.0
2026-09-08T11:47:02,cohort,80766131,,Harry Potter - J. K. Rowling,same,0,0,0,0,0,0,13811,327,80,9,2.367677937875606,0.5792484251683441,24.464831804281346
2026-09-08T11:47:02,cohort,92161841,,Harry Potter - J. K. Rowling,same,0,0,0,0,0,0,88,17,6,2,19.318181818181817,6.8181818181818175,35.294117647058826
2026-09-08T11:47:02,cohort,92079011,,Harry Potter - J. K. Rowling,same,0,0,0,0,0,0,103,6,6,3,5.825242718446602,5.825242718446602,100.0
2026-09-08T11:47:02,cohort,90725156,,Harry Potter - J. K. Rowling,same,0,0,0,0,0,0,712,31,54,5,4.353932584269663,7.584269662921349,174.19354838709677
2026-09-08T11:47:02,cohort,92177896,,Harry Potter - J. K. Rowling,same,0,0,0,0,0,0,101,12,2,1,11.881188118811881,1.9801980198019802,16.666666666666664
2026-09-08T11:47:02,cohort,87757481,,Harry Potter - J. K. Rowling,same,0,0,0,0,0,0,792,24,47,22,3.0303030303030303,5.934343434343434,195.83333333333331
2026-09-08T11:47:02,cohort,91642801,,Harry Potter - J. K. Rowling,same,0,0,0,0,0,0,244,4,10,43,1.639344262295082,4.098360655737705,250.0
2026-09-08T11:47:02,cohort,86960221,,Harry Potter - J. K. Rowling,same,0,0,0,0,0,0,27367,438,80,50,1.6004677165929768,0.29232287061058937,18.2648401826484
2026-09-08T11:47:02,cohort,91667286,,Harry Potter - J. K. Rowling,same,0,0,0,0,0,0,67,3,0,4,4.477611940298507,0.0,0.0
2026-09-08T11:47:02,cohort,91227491,,Harry Potter - J. K. Rowling,same,0,0,0,0,0,0,111,15,10,2,13.513513513513514,9.00900900900901,66.66666666666666
2026-09-08T11:47:02,cohort,62186719,,Harry Potter - J. K. Rowling,same,0,0,0,0,0,0,7243,233,55,17,3.2168990749689352,0.7593538588982466,23.605150214592275
2026-09-08T11:47:02,cohort,85647846,,Harry Potter - J. K. Rowling,same,0,0,0,0,0,0,6825,131,18,10,1.9194139194139193,0.26373626373626374,13.740458015267176
2026-09-08T11:47:02,cohort,85953251,,Harry Potter - J. K. Rowling,same,0,0,0,0,0,0,426,17,5,6,3.9906103286384975,1.1737089201877933,29.411764705882355
2026-09-08T11:47:02,cohort,88486866,,Harry Potter - J. K. Rowling,same,0,0,0,0,0,0,319,12,9,12,3.761755485893417,2.8213166144200628,75.0
2026-09-08T11:47:02,cohort,91220966,,Harry Potter - J. K. Rowling,same,0,0,0,0,0,0,97,6,0,9,6.185567010309279,0.0,0.0
2026-09-08T11:47:02,cohort,91611596,,Harry Potter - J. K. Rowling,same,0,0,0,0,0,0,1794,55,25,4,3.0657748049052396,1.3935340022296545,45.45454545454545
2026-09-08T11:47:02,cohort,91811371,,Harry Potter - J. K. Rowling,same,0,0,0,0,0,0,148,21,13,2,14.18918918918919,8.783783783783784,61.904761904761905
2026-09-08T11:47:02,cohort,73424621,,Harry Potter - J. K. Rowling,same,0,0,0,0,0,0,22344,251,91,20,1.123344074471894,0.4072681704260651,36.254980079681275
2026-09-08T11:47:02,cohort,84789431,,Harry Potter - J. K. Rowling,same,0,0,0,0,0,0,2272,63,62,18,2.772887323943662,2.7288732394366195,98.4126984126984
2026-09-08T11:47:02,cohort,63868816,,Harry Potter - J. K. Rowling,same,0,0,0,0,0,0,34993,1003,1089,28,2.86628754322293,3.1120509816248965,108.57427716849453
2026-09-08T11:47:02,cohort,89099966,,Harry Potter - J. K. Rowling,same,0,0,0,0,0,0,2789,115,108,10,4.123341699533883,3.872355683040516,93.91304347826087
2026-09-08T11:47:02,cohort,73422456,,Harry Potter - J. K. Rowling,same,0,0,0,0,0,0,31337,425,122,20,1.3562242716277884,0.3893161438555062,28.705882352941174
2026-09-08T11:47:02,cohort,91946386,,Harry Potter - J. K. Rowling,same,0,0,0,0,0,0,579,28,6,7,4.8359240069084635,1.0362694300518136,21.428571428571427
2026-09-08T11:47:02,cohort,90278426,,Harry Potter - J. K. Rowling,same,0,0,0,0,0,0,56,12,10,1,21.428571428571427,17.857142857142858,83.33333333333334
2026-09-08T11:47:02,cohort,84095586,,Harry Potter - J. K. Rowling,same,0,0,0,0,0,0,1909,46,85,11,2.4096385542168677,4.452592980618125,184.7826086956522
2026-09-08T11:47:02,cohort,86240001,,Harry Potter - J. K. Rowling,same,0,0,0,0,0,0,11498,264,187,18,2.296051487215168,1.6263698034440772,70.83333333333334
2026-09-08T11:47:02,cohort,90711071,,Harry Potter - J. K. Rowling,same,0,0,0,0,0,0,84,11,4,1,13.095238095238097,4.761904761904762,36.36363636363637
2026-09-08T11:47:02,cohort,91776006,,Harry Potter - J. K. Rowling,same,0,0,0,0,0,0,270,21,4,9,7.777777777777778,1.4814814814814816,19.047619047619047
2026-09-08T11:47:02,cohort,91179161,,Harry Potter - J. K. Rowling,same,0,0,0,0,0,0,1569,12,0,3,0.7648183556405354,0.0,0.0
2026-09-08T11:47:02,cohort,72030826,,Harry Potter - J. K. Rowling,same,0,0,0,0,0,0,95989,4086,2175,12,4.256737751200658,2.2658846326141537,53.23054331864905
2026-09-08T11:47:02,cohort,90005061,,Harry Potter - J. K. Rowling,same,0,0,0,0,0,0,1113,95,66,2,8.53548966756514,5.929919137466308,69.47368421052632
2026-09-08T11:47:02,cohort,84231091,,Harry Potter - J. K. Rowling,same,0,0,0,0,0,0,4970,151,176,21,3.0382293762575454,3.5412474849094564,116.55629139072848
2026-09-08T11:47:02,cohort,88548461,,Harry Potter - J. K. Rowling,same,0,0,0,0,0,0,3332,121,187,9,3.6314525810324128,5.612244897959184,154.54545454545453
2026-09-08T11:47:02,cohort,91528796,,Harry Potter - J. K. Rowling,same,0,0,0,0,0,0,115,4,8,5,3.4782608695652173,6.956521739130435,200.0
2026-09-08T11:47:02,cohort,92174181,,Harry Potter - J. K. Rowling,same,0,0,0,0,0,0,273,9,6,12,3.296703296703297,2.197802197802198,66.66666666666666
2026-09-08T11:47:02,cohort,82772511,,Harry Potter - J. K. Rowling,same,0,0,0,0,0,0,146,5,4,11,3.4246575342465753,2.73972602739726,80.0
2026-09-08T11:47:02,cohort,13237683,,Harry Potter - J. K. Rowling,same,0,0,0,0,0,0,115071,2325,1153,82,2.020491696430899,1.0019900756923985,49.59139784946237
2026-09-08T11:47:02,cohort,91054231,,Harry Potter - J. K. Rowling,same,0,0,0,0,0,0,1544,57,70,6,3.6917098445595853,4.533678756476684,122.80701754385966
2026-09-08T11:47:02,cohort,91674866,,Harry Potter - J. K. Rowling,same,0,0,0,0,0,0,124,34,0,1,27.419354838709676,0.0,0.0
2026-09-08T11:47:02,cohort,83177061,,Harry Potter - J. K. Rowling,same,0,0,0,0,0,0,122,3,8,8,2.459016393442623,6.557377049180328,266.66666666666663
2026-09-08T11:47:02,cohort,14340108,,Harry Potter - J. K. Rowling,same,0,0,0,0,0,0,134014,5202,1734,29,3.8816840031638487,1.2938946677212828,33.33333333333333
2026-09-08T11:47:02,cohort,57781972,,Harry Potter - J. K. Rowling,same,0,0,0,0,0,0,17193,687,60,23,3.9958122491711747,0.34897923573547374,8.73362445414847
2026-09-08T11:47:02,cohort,91706871,,Harry Potter - J. K. Rowling,same,0,0,0,0,0,0,1159,76,48,7,6.557377049180328,4.141501294219154,63.1578947368421
2026-09-08T11:47:02,cohort,87990001,,Harry Potter - J. K. Rowling,same,0,0,0,0,0,0,315,6,1,8,1.9047619047619049,0.31746031746031744,16.666666666666664
2026-09-08T11:47:02,cohort,51235210,,Harry Potter - J. K. Rowling,same,0,0,0,0,0,0,4318,307,60,6,7.109773043075498,1.3895321908290876,19.54397394136808
2026-09-08T11:47:02,cohort,89188396,,Harry Potter - J. K. Rowling,same,0,0,0,0,0,0,2049,55,67,15,2.6842362127867254,3.269887750122011,121.81818181818183
2026-09-08T11:47:02,cohort,91661876,,Harry Potter - J. K. Rowling,same,0,0,0,0,0,0,146,7,2,3,4.794520547945205,1.36986301369863,28.57142857142857
2026-09-08T11:47:02,cohort,72009981,,Harry Potter - J. K. Rowling,same,0,0,0,0,0,0,224542,1572,401,46,0.7000917423021084,0.17858574342439276,25.508905852417303
2026-09-08T11:47:02,cohort,91533671,,Harry Potter - J. K. Rowling,same,0,0,0,0,0,0,1049,63,12,10,6.005719733079123,1.1439466158245948,19.047619047619047
2026-09-08T11:47:02,cohort,88718376,,Harry Potter - J. K. Rowling,same,0,0,0,0,0,0,202,22,0,1,10.891089108910892,0.0,0.0
2026-09-08T11:47:02,cohort,69555636,,Harry Potter - J. K. Rowling,same,0,0,0,0,0,0,48079,921,291,198,1.915597246198964,0.605253853033549,31.596091205211724
2026-09-08T11:47:02,cohort,77158291,,Harry Potter - J. K. Rowling,same,0,0,0,0,0,0,189,2,2,11,1.0582010582010581,1.0582010582010581,100.0
2026-09-08T11:47:02,cohort,79253741,,Harry Potter - J. K. Rowling,same,0,0,0,0,0,0,274,24,8,4,8.75912408759124,2.9197080291970803,33.33333333333333
2026-09-08T11:47:02,cohort,73832891,,Harry Potter - J. K. Rowling,same,0,0,0,0,0,0,2186,362,12,22,16.55992680695334,0.5489478499542544,3.314917127071823
2026-09-08T11:47:02,cohort,53670289,,Harry Potter - J. K. Rowling,same,0,0,0,0,0,0,4030,87,54,27,2.1588089330024816,1.3399503722084367,62.06896551724138
2026-09-08T11:47:02,cohort,92055571,,Harry Potter - J. K. Rowling,same,0,0,0,0,0,0,67,4,4,3,5.970149253731343,5.970149253731343,100.0
2026-09-08T11:47:02,cohort,91839711,,Harry Potter - J. K. Rowling,same,0,0,0,0,0,0,58,6,2,3,10.344827586206897,3.4482758620689653,33.33333333333333
2026-09-08T11:47:02,cohort,85953261,,Harry Potter - J. K. Rowling,same,0,0,0,0,0,0,1041,10,3,44,0.9606147934678195,0.2881844380403458,30.0
2026-09-08T11:47:02,cohort,92105251,,Harry Potter - J. K. Rowling,same,0,0,0,0,0,0,117,11,2,3,9.401709401709402,1.7094017094017095,18.181818181818183
2026-09-08T11:47:02,cohort,52664593,,Harry Potter - J. K. Rowling,same,0,0,0,0,0,0,2365,133,18,7,5.623678646934461,0.7610993657505285,13.533834586466165
2026-09-08T11:47:02,cohort,91676351,,Harry Potter - J. K. Rowling,same,0,0,0,0,0,0,252,14,2,7,5.555555555555555,0.7936507936507936,14.285714285714285
2026-09-08T11:47:02,cohort,91650516,,Harry Potter - J. K. Rowling,same,0,0,0,0,0,0,100,4,6,14,4.0,6.0,150.0
2026-09-08T11:47:02,cohort,90526956,,Harry Potter - J. K. Rowling,same,0,0,0,0,0,0,578,12,8,13,2.0761245674740483,1.384083044982699,66.66666666666666
2026-09-08T11:47:02,cohort,41468505,,Harry Potter - J. K. Rowling,same,0,0,0,0,0,0,5961,163,28,19,2.7344405301123973,0.4697198456634793,17.177914110429448
2026-09-08T11:47:02,cohort,91788666,,Harry Potter - J. K. Rowling,same,0,0,0,0,0,0,70,4,2,8,5.714285714285714,2.857142857142857,50.0
2026-09-08T11:47:02,cohort,90458371,,Harry Potter - J. K. Rowling,same,0,0,0,0,0,0,755,23,39,27,3.0463576158940397,5.1655629139072845,169.56521739130434
2026-09-08T11:47:02,cohort,82984476,,Harry Potter - J. K. Rowling,same,0,0,0,0,0,0,3245,40,14,52,1.2326656394453006,0.43143297380585516,35.0
2026-09-08T11:47:02,cohort,1026371,,Harry Potter - J. K. Rowling,same,0,0,0,0,0,0,11076,281,66,10,2.537016973636692,0.5958829902491874,23.487544483985765
2026-09-08T11:47:02,cohort,80432146,,Harry Potter - J. K. Rowling,same,0,0,0,0,0,0,1320,49,45,26,3.7121212121212124,3.4090909090909087,91.83673469387756
2026-09-08T11:47:02,cohort,92128021,,Harry Potter - J. K. Rowling,same,0,0,0,0,0,0,119,0,1,17,0.0,0.8403361344537815,0.0
2026-09-08T11:47:02,cohort,87248171,,Harry Potter - J. K. Rowling,same,0,0,0,0,0,0,508,8,0,55,1.574803149606299,0.0,0.0
2026-09-08T11:47:02,cohort,91796286,,Harry Potter - J. K. Rowling,same,0,0,0,0,0,0,86,1,0,4,1.1627906976744187,0.0,0.0
2026-09-08T11:47:02,cohort,85836696,,Harry Potter - J. K. Rowling,same,0,0,0,0,0,0,10250,356,215,33,3.4731707317073175,2.097560975609756,60.39325842696629
2026-09-08T11:47:02,cohort,61358821,,Harry Potter - J. K. Rowling,same,0,0,0,0,0,0,23759,578,1269,38,2.4327623216465337,5.341133886106317,219.55017301038063
2026-09-08T11:47:02,cohort,92109891,,Harry Potter - J. K. Rowling,same,0,0,0,0,0,0,580,44,16,2,7.586206896551724,2.7586206896551726,36.36363636363637
2026-09-08T11:47:02,cohort,91943351,,Harry Potter - J. K. Rowling,same,0,0,0,0,0,0,461,32,5,9,6.941431670281996,1.0845986984815619,15.625
2026-09-08T11:47:02,cohort,76419336,,Harry Potter - J. K. Rowling,same,0,0,0,0,0,0,28715,371,425,87,1.2920076615009577,1.4800626850078356,114.55525606469004
2026-09-08T11:47:02,cohort,87811461,,Harry Potter - J. K. Rowling,same,0,0,0,0,0,0,959,54,10,5,5.630865484880084,1.0427528675703857,18.51851851851852
2026-09-08T11:47:02,cohort,92127181,,Harry Potter - J. K. Rowling,same,0,0,0,0,0,0,83,1,3,5,1.2048192771084338,3.614457831325301,300.0
2026-09-08T11:47:02,cohort,87990161,,Harry Potter - J. K. Rowling,same,0,0,0,0,0,0,15470,566,629,45,3.6586942469295414,4.065934065934066,111.13074204946996
2026-09-08T11:47:02,cohort,89414541,,Harry Potter - J. K. Rowling,same,0,0,0,0,0,0,472,16,6,6,3.389830508474576,1.2711864406779663,37.5
2026-09-08T11:47:02,cohort,90890966,,Harry Potter - J. K. Rowling,same,0,0,0,0,0,0,93,7,0,7,7.526881720430108,0.0,0.0
2026-09-08T11:47:02,cohort,92171281,,Harry Potter - J. K. Rowling,same,0,0,0,0,0,0,147,14,2,1,9.523809523809524,1.3605442176870748,14.285714285714285
2026-09-08T11:47:02,cohort,92057761,,Harry Potter - J. K. Rowling,same,0,0,0,0,0,0,78,11,4,1,14.102564102564102,5.128205128205128,36.36363636363637
2026-09-08T11:47:02,cohort,88470431,,Harry Potter - J. K. Rowling,same,0,0,0,0,0,0,21369,966,524,20,4.520567176751369,2.4521503111984653,54.24430641821946
2026-09-08T11:47:02,cohort,88407236,,Harry Potter - J. K. Rowling,same,0,0,0,0,0,0,84,3,7,7,3.571428571428571,8.333333333333332,233.33333333333334
2026-09-08T11:47:02,cohort,57777829,,Harry Potter - J. K. Rowling,same,0,0,0,0,0,0,34367,1229,140,21,3.576104984432741,0.4073675328076352,11.391375101708705
2026-09-08T11:47:02,cohort,92117261,,Harry Potter - J. K. Rowling,same,0,0,0,0,0,0,5382,38,1,3,0.7060572277963582,0.01858045336306206,2.631578947368421
2026-09-08T11:47:02,cohort,92026701,,Harry Potter - J. K. Rowling,same,0,0,0,0,0,0,262,44,15,2,16.793893129770993,5.7251908396946565,34.090909090909086
2026-09-08T11:47:02,cohort,92170886,,Harry Potter - J. K. Rowling,same,0,0,0,0,0,0,268,51,8,1,19.029850746268657,2.9850746268656714,15.686274509803921
2026-09-08T11:47:02,cohort,71398076,,Harry Potter - J. K. Rowling,same,0,0,0,0,0,0,36147,481,732,40,1.3306775112734113,2.0250643206905137,152.1829521829522
2026-09-08T11:47:02,cohort,86837496,,Harry Potter - J. K. Rowling,same,0,0,0,0,0,0,538,15,16,10,2.7881040892193307,2.973977695167286,106.66666666666667
2026-09-08T11:47:02,cohort,91953546,,Harry Potter - J. K. Rowling,same,0,0,0,0,0,0,199,14,16,6,7.035175879396985,8.040201005025125,114.28571428571428
2026-09-08T11:47:02,cohort,27550687,,Harry Potter - J. K. Rowling,same,0,0,0,0,0,0,44873,1338,487,46,2.9817484901834064,1.0852851380562922,36.39760837070254
2026-09-08T11:47:02,cohort,85317461,,Harry Potter - J. K. Rowling,same,0,0,0,0,0,0,187,4,4,15,2.13903743315508,2.13903743315508,100.0
2026-09-08T11:47:02,cohort,92192606,,Harry Potter - J. K. Rowling,same,0,0,0,0,0,0,58,7,0,1,12.068965517241379,0.0,0.0
2026-09-08T11:47:02,cohort,85755321,,Harry Potter - J. K. Rowling,same,0,0,0,0,0,0,50,2,2,2,4.0,4.0,100.0
2026-09-08T11:47:02,cohort,92180876,,Harry Potter - J. K. Rowling,same,0,0,0,0,0,0,68,3,3,2,4.411764705882353,4.411764705882353,100.0
2026-09-08T11:47:02,cohort,92190456,,Harry Potter - J. K. Rowling,same,0,0,0,0,0,0,53,7,2,1,13.20754716981132,3.7735849056603774,28.57142857142857
2026-09-08T11:47:02,cohort,91282596,,Harry Potter - J. K. Rowling,same,0,0,0,0,0,0,67,0,0,18,0.0,0.0,0.0
2026-09-08T11:47:02,cohort,91965036,,Harry Potter - J. K. Rowling,same,0,0,0,0,0,0,51,2,0,6,3.9215686274509802,0.0,0.0
2026-09-08T11:47:02,cohort,92190696,,Harry Potter - J. K. Rowling,same,0,0,0,0,0,0,54,0,0,1,0.0,0.0,0.0
2026-09-08T11:47:02,cohort,92177526,,Harry Potter - J. K. Rowling,same,0,0,0,0,0,0,75,4,1,2,5.333333333333334,1.3333333333333335,25.0
2026-09-08T11:47:02,cohort,92189061,,Harry Potter - J. K. Rowling,same,0,0,0,0,0,0,105,3,1,1,2.857142857142857,0.9523809523809524,33.33333333333333
2026-09-08T11:47:02,cohort,92188616,,Harry Potter - J. K. Rowling,same,0,0,0,0,0,0,108,3,0,2,2.7777777777777777,0.0,0.0
2026-09-08T11:47:02,cohort,92183846,,Harry Potter - J. K. Rowling,same,0,0,0,0,0,0,93,10,4,1,10.75268817204301,4.301075268817205,40.0
2026-09-08T11:47:02,cohort,92054721,,Harry Potter - J. K. Rowling,same,0,0,0,0,0,0,54,4,3,4,7.4074074074074066,5.555555555555555,75.0
2026-09-08T11:47:02,cohort,92176031,,Harry Potter - J. K. Rowling,same,0,0,0,0,0,0,65,7,8,1,10.76923076923077,12.307692307692308,114.28571428571428
2026-09-08T11:47:02,cohort,89376836,,Harry Potter - J. K. Rowling,same,0,0,0,0,0,0,641,40,16,19,6.240249609984399,2.49609984399376,40.0
2026-09-08T11:47:02,cohort,90013266,,Harry Potter - J. K. Rowling,same,0,0,0,0,0,0,593,38,2,1,6.408094435075886,0.33726812816188867,5.263157894736842
2026-09-08T11:47:02,cohort,92170511,,Harry Potter - J. K. Rowling,same,0,0,0,0,0,0,59,3,0,1,5.084745762711865,0.0,0.0
2026-09-08T11:47:02,cohort,91906341,,Harry Potter - J. K. Rowling,same,0,0,0,0,0,0,144,7,9,1,4.861111111111112,6.25,128.57142857142858
2026-09-08T11:47:02,cohort,90545106,,Harry Potter - J. K. Rowling,same,0,0,0,0,0,0,12250,679,98,9,5.542857142857143,0.8,14.432989690721648
2026-09-08T11:47:02,cohort,77144441,,Harry Potter - J. K. Rowling,same,0,0,0,0,0,0,23301,684,749,55,2.935496330629587,3.2144543152654395,109.50292397660819
2026-09-08T11:47:02,cohort,89199786,,Harry Potter - J. K. Rowling,same,0,0,0,0,0,0,136,8,1,2,5.88235294117647,0.7352941176470588,12.5
2026-09-08T11:47:02,cohort,89685456,,Harry Potter - J. K. Rowling,same,0,0,0,0,0,0,323,9,8,5,2.786377708978328,2.476780185758514,88.88888888888889
2026-09-08T11:47:02,cohort,88186511,,Harry Potter - J. K. Rowling,same,0,0,0,0,0,0,2034,60,24,24,2.949852507374631,1.1799410029498525,40.0
2026-09-08T11:47:02,cohort,62212828,,Harry Potter - J. K. Rowling,same,0,0,0,0,0,0,1289,24,7,58,1.8619084561675718,0.5430566330488751,29.166666666666668
2026-09-08T11:47:02,cohort,88746836,,Harry Potter - J. K. Rowling,same,0,0,0,0,0,0,2514,172,62,6,6.841686555290375,2.4661893396976926,36.04651162790697
2026-09-08T11:47:02,cohort,90315766,,Harry Potter - J. K. Rowling,same,0,0,0,0,0,0,14735,373,360,27,2.531387852052935,2.4431625381744144,96.51474530831099
2026-09-08T11:47:02,cohort,91047531,,Harry Potter - J. K. Rowling,same,0,0,0,0,0,0,735,48,108,8,6.530612244897959,14.69387755102041,225.0
2026-09-08T11:47:02,cohort,73744246,,Harry Potter - J. K. Rowling,same,0,0,0,0,0,0,4062,76,62,33,1.8709995076317085,1.5263417035942886,81.57894736842105
2026-09-08T11:47:02,cohort,91384001,,Harry Potter - J. K. Rowling,same,0,0,0,0,0,0,1136,39,16,20,3.433098591549296,1.4084507042253522,41.02564102564102
2026-09-08T11:47:02,cohort,62227834,,Harry Potter - J. K. Rowling,same,0,0,0,0,0,0,22352,192,117,461,0.8589835361488906,0.5234430923407302,60.9375
2026-09-08T11:47:02,cohort,46078165,,Harry Potter - J. K. Rowling,same,0,0,0,0,0,0,5715,118,47,51,2.0647419072615922,0.8223972003499563,39.83050847457627
2026-09-08T11:47:02,cohort,91654026,,Harry Potter - J. K. Rowling,same,0,0,0,0,0,0,73,3,2,9,4.10958904109589,2.73972602739726,66.66666666666666
2026-09-08T11:47:02,cohort,84865486,,Harry Potter - J. K. Rowling,same,0,0,0,0,0,0,2084,102,94,9,4.894433781190019,4.5105566218809985,92.15686274509804
2026-09-08T11:47:02,cohort,91780621,,Harry Potter - J. K. Rowling,same,0,0,0,0,0,0,216,30,29,7,13.88888888888889,13.425925925925927,96.66666666666667
2026-09-08T11:47:02,cohort,87311501,,Harry Potter - J. K. Rowling,same,0,0,0,0,0,0,225,2,1,15,0.8888888888888888,0.4444444444444444,50.0
2026-09-08T11:47:02,cohort,91923671,,Harry Potter - J. K. Rowling,same,0,0,0,0,0,0,86,0,0,14,0.0,0.0,0.0
2026-09-08T11:47:02,cohort,91857961,,Harry Potter - J. K. Rowling,same,0,0,0,0,0,0,53,3,2,9,5.660377358490567,3.7735849056603774,66.66666666666666
2026-09-08T11:47:02,cohort,83046996,,Harry Potter - J. K. Rowling,same,0,0,0,0,0,0,4758,205,54,14,4.308532997057587,1.1349306431273645,26.34146341463415
2026-09-08T11:47:02,cohort,79648881,,Harry Potter - J. K. Rowling,same,0,0,0,0,0,0,51027,1230,2177,29,2.410488564877418,4.266368785152959,176.9918699186992
2026-09-08T11:47:02,cohort,91593141,,Harry Potter - J. K. Rowling,same,0,0,0,0,0,0,1653,20,4,3,1.2099213551119177,0.24198427102238357,20.0
2026-09-08T11:47:02,cohort,88666901,,Harry Potter - J. K. Rowling,same,0,0,0,0,0,0,18643,153,13,3,0.8206833664109854,0.0697312664270772,8.49673202614379
2026-09-08T11:47:02,cohort,91858981,,Harry Potter - J. K. Rowling,same,0,0,0,0,0,0,1789,17,16,4,0.9502515371716043,0.8943543879262158,94.11764705882352
2026-09-08T11:47:02,cohort,90740621,,Harry Potter - J. K. Rowling,same,0,0,0,0,0,0,566,125,26,1,22.084805653710244,4.593639575971731,20.8
2026-09-08T11:47:02,cohort,92168181,,Harry Potter - J. K. Rowling,same,0,0,0,0,0,0,70,10,0,1,14.285714285714285,0.0,0.0
2026-09-08T11:47:02,cohort,88308031,,Harry Potter - J. K. Rowling,same,0,0,0,0,0,0,750,34,47,13,4.533333333333333,6.266666666666667,138.23529411764704
2026-09-08T11:47:02,cohort,77652856,,Harry Potter - J. K. Rowling,same,0,0,0,0,0,0,1772,33,6,13,1.8623024830699775,0.33860045146726864,18.181818181818183
2026-09-08T11:47:02,cohort,89945161,,Harry Potter - J. K. Rowling,same,0,0,0,0,0,0,528,43,0,10,8.143939393939394,0.0,0.0
2026-09-08T11:47:02,cohort,91806336,,Harry Potter - J. K. Rowling,same,0,0,0,0,0,0,52,0,0,17,0.0,0.0,0.0
2026-09-08T11:47:02,cohort,91391671,,Harry Potter - J. K. Rowling,same,0,0,0,0,0,0,426,18,20,5,4.225352112676056,4.694835680751173,111.11111111111111
2026-09-08T11:47:02,cohort,73603106,,Harry Potter - J. K. Rowling,same,0,0,0,0,0,0,1068,19,0,36,1.7790262172284643,0.0,0.0
2026-09-08T11:47:02,cohort,90592151,,Harry Potter - J. K. Rowling,same,0,0,0,0,0,0,60,4,0,2,6.666666666666667,0.0,0.0
2026-09-08T11:47:02,cohort,91510606,,Harry Potter - J. K. Rowling,same,0,0,0,0,0,0,68,0,1,7,0.0,1.4705882352941175,0.0
2026-09-08T11:47:02,cohort,91930736,,Harry Potter - J. K. Rowling,same,0,0,0,0,0,0,355,17,6,4,4.788732394366197,1.6901408450704223,35.294117647058826
2026-09-08T11:47:02,cohort,89038751,,Harry Potter - J. K. Rowling,same,0,0,0,0,0,0,107,2,9,16,1.8691588785046727,8.411214953271028,450.0
2026-09-08T11:47:02,cohort,48022771,,Harry Potter - J. K. Rowling,same,0,0,0,0,0,0,36022,662,116,24,1.8377658097829104,0.3220254289045583,17.522658610271904
2026-09-08T11:47:02,cohort,91453141,,Harry Potter - J. K. Rowling,same,0,0,0,0,0,0,287,49,40,4,17.073170731707318,13.937282229965156,81.63265306122449
2026-09-08T11:47:02,cohort,91706341,,Harry Potter - J. K. Rowling,same,0,0,0,0,0,0,119,1,18,8,0.8403361344537815,15.126050420168067,1800.0
2026-09-08T11:47:02,cohort,83854841,,Harry Potter - J. K. Rowling,same,0,0,0,0,0,0,5580,129,200,21,2.311827956989247,3.584229390681003,155.0387596899225
2026-09-08T11:47:02,cohort,87281791,,Harry Potter - J. K. Rowling,same,0,0,0,0,0,0,4139,103,21,103,2.488523798018845,0.5073689296931626,20.388349514563107
2026-09-08T11:47:02,cohort,83383046,,Harry Potter - J. K. Rowling,same,0,0,0,0,0,0,577,24,4,37,4.15944540727903,0.6932409012131715,16.666666666666664
2026-09-08T11:47:02,cohort,57760384,,Harry Potter - J. K. Rowling,same,0,0,0,0,0,0,537752,1976,3177,474,0.36745563010458354,0.5907927818027641,160.77935222672065
2026-09-08T11:47:02,cohort,88435971,,Harry Potter - J. K. Rowling,same,0,0,0,0,0,0,310,5,1,8,1.6129032258064515,0.3225806451612903,20.0
2026-09-08T11:47:02,cohort,87171131,,Harry Potter - J. K. Rowling,same,0,0,0,0,0,0,5126,130,82,16,2.536090518923137,1.5996878657822864,63.07692307692307
2026-09-08T11:47:02,cohort,89523751,,Harry Potter - J. K. Rowling,same,0,0,0,0,0,0,686,20,9,5,2.9154518950437316,1.3119533527696794,45.0
2026-09-08T11:47:02,cohort,91397676,,Harry Potter - J. K. Rowling,same,0,0,0,0,0,0,391,2,3,23,0.5115089514066496,0.7672634271099744,150.0
2026-09-08T11:47:02,cohort,59326039,,Harry Potter - J. K. Rowling,same,0,0,0,0,0,0,59384,1568,1236,33,2.6404418698639365,2.0813687188468273,78.8265306122449
2026-09-08T11:47:02,cohort,91583851,,Harry Potter - J. K. Rowling,same,0,0,0,0,0,0,312,16,2,7,5.128205128205128,0.641025641025641,12.5
2026-09-08T11:47:02,cohort,86080756,,Harry Potter - J. K. Rowling,same,0,0,0,0,0,0,12137,229,21,2,1.8867924528301887,0.17302463541237537,9.170305676855897
2026-09-08T11:47:02,cohort,90729826,,Harry Potter - J. K. Rowling,same,0,0,0,0,0,0,155,4,1,14,2.5806451612903225,0.6451612903225806,25.0
2026-09-08T11:47:02,cohort,72490926,,Harry Potter - J. K. Rowling,same,0,0,0,0,0,0,5412,134,280,22,2.475979305247598,5.173688100517369,208.955223880597
2026-09-08T11:47:02,cohort,92156936,,Harry Potter - J. K. Rowling,same,0,0,0,0,0,0,119,16,10,1,13.445378151260504,8.403361344537815,62.5
2026-09-08T11:47:02,cohort,92165556,,Harry Potter - J. K. Rowling,same,0,0,0,0,0,0,240,28,2,2,11.666666666666666,0.8333333333333334,7.142857142857142
2026-09-08T11:47:02,cohort,90265821,,Harry Potter - J. K. Rowling,same,0,0,0,0,0,0,2355,81,27,7,3.4394904458598727,1.1464968152866242,33.33333333333333
2026-09-08T11:47:02,cohort,88162936,,Harry Potter - J. K. Rowling,same,0,0,0,0,0,0,179,7,7,2,3.910614525139665,3.910614525139665,100.0
2026-09-08T11:47:02,cohort,73847516,,Harry Potter - J. K. Rowling,same,0,0,0,0,0,0,805,37,39,6,4.596273291925466,4.84472049689441,105.40540540540539
2026-09-08T11:47:02,cohort,60207424,,Harry Potter - J. K. Rowling,same,0,0,0,0,0,0,107672,2076,1034,87,1.9280778661118954,0.9603239468013969,49.80732177263969
2026-09-08T11:47:02,cohort,91720831,,Harry Potter - J. K. Rowling,same,0,0,0,0,0,0,300,0,0,52,0.0,0.0,0.0
2026-09-08T11:47:02,cohort,87132986,,Harry Potter - J. K. Rowling,same,0,0,0,0,0,0,549,32,49,11,5.828779599271402,8.925318761384334,153.125
2026-09-08T11:47:02,cohort,89247471,,Harry Potter - J. K. Rowling,same,0,0,0,0,0,0,605,19,7,17,3.1404958677685952,1.1570247933884297,36.84210526315789
2026-09-08T11:47:02,cohort,84893496,,Harry Potter - J. K. Rowling,same,0,0,0,0,0,0,3343,149,13,5,4.4570744839964105,0.3888722704157942,8.724832214765101
2026-09-08T11:47:02,cohort,89228236,,Harry Potter - J. K. Rowling,same,0,0,0,0,0,0,160,11,1,2,6.875000000000001,0.625,9.090909090909092
2026-09-08T11:47:02,cohort,91100126,,Harry Potter - J. K. Rowling,same,0,0,0,0,0,0,635,46,6,3,7.244094488188976,0.9448818897637795,13.043478260869565
2026-09-08T11:47:02,cohort,77734741,,Harry Potter - J. K. Rowling,same,0,0,0,0,0,0,1537,53,31,23,3.4482758620689653,2.0169160702667535,58.490566037735846
2026-09-08T11:47:02,cohort,84092756,,Harry Potter - J. K. Rowling,same,0,0,0,0,0,0,8436,218,277,41,2.5841631104789,3.283546704599336,127.06422018348624
2026-09-08T11:47:02,cohort,88033146,,Harry Potter - J. K. Rowling,same,0,0,0,0,0,0,6789,153,91,21,2.2536456031816177,1.3404035940491972,59.47712418300654
2026-09-08T11:47:02,cohort,86254771,,Harry Potter - J. K. Rowling,same,0,0,0,0,0,0,1138,58,41,9,5.0966608084358525,3.6028119507908607,70.6896551724138
2026-09-08T11:47:02,cohort,88163006,,Harry Potter - J. K. Rowling,same,0,0,0,0,0,0,955,67,55,265,7.015706806282722,5.7591623036649215,82.08955223880598
2026-09-08T11:47:02,cohort,55484491,,Harry Potter - J. K. Rowling,same,0,0,0,0,0,0,69081,1682,2547,123,2.4348228890722483,3.6869761584227208,151.4268727705113
2026-09-08T11:47:02,cohort,87737651,,Harry Potter - J. K. Rowling,same,0,0,0,0,0,0,3198,217,31,4,6.7854909318323955,0.969355847404628,14.285714285714285
2026-09-08T11:47:02,cohort,91222996,,Harry Potter - J. K. Rowling,same,0,0,0,0,0,0,2066,86,14,7,4.162633107454018,0.6776379477250726,16.27906976744186
2026-09-08T11:47:02,cohort,91273711,,Harry Potter - J. K. Rowling,same,0,0,0,0,0,0,5752,288,141,17,5.006954102920723,2.451321279554937,48.95833333333333
2026-09-08T11:47:02,cohort,90303081,,Harry Potter - J. K. Rowling,same,0,0,0,0,0,0,708,38,42,15,5.367231638418079,5.932203389830509,110.5263157894737
2026-09-08T11:47:02,cohort,92163381,,Harry Potter - J. K. Rowling,same,0,0,0,0,0,0,69,7,2,1,10.144927536231885,2.898550724637681,28.57142857142857
2026-09-08T11:47:02,cohort,89020846,,Harry Potter - J. K. Rowling,same,0,0,0,0,0,0,3071,129,54,6,4.200586128296972,1.7583848909150115,41.86046511627907
2026-09-08T11:47:02,cohort,73869771,,Harry Potter - J. K. Rowling,same,0,0,0,0,0,0,201211,1740,800,35,0.8647638548588297,0.3975925769465884,45.97701149425287
2026-09-08T11:47:02,cohort,91290361,,Harry Potter - J. K. Rowling,same,0,0,0,0,0,0,710,21,15,25,2.9577464788732395,2.112676056338028,71.42857142857143
2026-09-08T11:47:02,cohort,90188266,,Harry Potter - J. K. Rowling,same,0,0,0,0,0,0,264,9,1,6,3.4090909090909087,0.3787878787878788,11.11111111111111
2026-09-08T11:47:02,cohort,50949892,,Harry Potter - J. K. Rowling,same,0,0,0,0,0,0,15807,623,97,19,3.941291832732334,0.6136521794141836,15.569823434991974
2026-09-08T11:47:02,cohort,92158456,,Harry Potter - J. K. Rowling,same,0,0,0,0,0,0,55,3,3,7,5.454545454545454,5.454545454545454,100.0
2026-09-08T11:47:02,cohort,92161496,,Harry Potter - J. K. Rowling,same,0,0,0,0,0,0,83,0,1,3,0.0,1.2048192771084338,0.0
2026-09-08T11:47:02,cohort,73882016,,Harry Potter - J. K. Rowling,same,0,0,0,0,0,0,38638,403,426,40,1.0430146487913452,1.102541539417154,105.70719602977667
2026-09-08T11:47:02,cohort,92068786,,Harry Potter - J. K. Rowling,same,0,0,0,0,0,0,62,3,4,3,4.838709677419355,6.451612903225806,133.33333333333331
2026-09-08T11:47:02,cohort,90777621,,Harry Potter - J. K. Rowling,same,0,0,0,0,0,0,2568,135,6,9,5.257009345794392,0.23364485981308408,4.444444444444445
2026-09-08T11:47:02,cohort,73735961,,Harry Potter - J. K. Rowling,same,0,0,0,0,0,0,4139,83,65,47,2.0053152935491663,1.5704276395264556,78.3132530120482
2026-09-08T11:47:02,cohort,92161566,,Harry Potter - J. K. Rowling,same,0,0,0,0,0,0,90,0,1,1,0.0,1.1111111111111112,0.0
2026-09-08T11:47:02,cohort,88995771,,Harry Potter - J. K. Rowling,same,0,0,0,0,0,0,185,3,2,9,1.6216216216216217,1.0810810810810811,66.66666666666666
2026-09-08T11:47:02,cohort,81491576,,Harry Potter - J. K. Rowling,same,0,0,0,0,0,0,144,8,2,2,5.555555555555555,1.3888888888888888,25.0
2026-09-08T11:47:02,cohort,92162406,,Harry Potter - J. K. Rowling,same,0,0,0,0,0,0,256,17,0,1,6.640625,0.0,0.0
2026-09-08T11:47:02,cohort,84787131,,Harry Potter - J. K. Rowling,same,0,0,0,0,0,0,6287,89,31,33,1.4156195323683791,0.4930809607125815,34.831460674157306
2026-09-08T11:47:02,cohort,67242460,,Harry Potter - J. K. Rowling,same,0,0,0,0,0,0,1454,37,5,12,2.544704264099037,0.34387895460797796,13.513513513513514
2026-09-08T11:47:02,cohort,70118646,,Harry Potter - J. K. Rowling,same,0,0,0,0,0,0,440,19,5,26,4.318181818181818,1.1363636363636365,26.31578947368421
2026-09-08T11:47:02,cohort,92160626,,Harry Potter - J. K. Rowling,same,0,0,0,0,0,0,66,3,2,25,4.545454545454546,3.0303030303030303,66.66666666666666
2026-09-08T11:47:02,cohort,92161881,,Harry Potter - J. K. Rowling,same,0,0,0,0,0,0,55,1,0,1,1.8181818181818181,0.0,0.0
2026-09-08T11:47:02,cohort,82074851,,Harry Potter - J. K. Rowling,same,0,0,0,0,0,0,2318,53,26,103,2.286453839516825,1.1216566005176878,49.056603773584904
2026-09-08T11:47:02,cohort,87847716,,Harry Potter - J. K. Rowling,same,0,0,0,0,0,0,1832,54,13,15,2.947598253275109,0.7096069868995634,24.074074074074073
2026-09-08T11:47:02,cohort,85861096,,Harry Potter - J. K. Rowling,same,0,0,0,0,0,0,983,5,7,11,0.508646998982706,0.7121057985757884,140.0
2026-09-08T11:47:02,cohort,79204011,,Harry Potter - J. K. Rowling,same,0,0,0,0,0,0,2755,71,14,9,2.577132486388385,0.5081669691470054,19.718309859154928
2026-09-08T11:47:02,cohort,82861871,,Harry Potter - J. K. Rowling,same,0,0,0,0,0,0,564,3,0,20,0.5319148936170213,0.0,0.0
2026-09-08T11:47:02,cohort,55272226,,Harry Potter - J. K. Rowling,same,0,0,0,0,0,0,73,1,0,15,1.36986301369863,0.0,0.0
2026-09-08T11:47:02,cohort,92160916,,Harry Potter - J. K. Rowling,same,0,0,0,0,0,0,1011,90,6,1,8.902077151335313,0.5934718100890208,6.666666666666667
2026-09-08T11:47:02,cohort,91488076,,Harry Potter - J. K. Rowling,same,0,0,0,0,0,0,224,3,6,15,1.3392857142857142,2.6785714285714284,200.0
2026-09-08T11:47:02,cohort,92160096,,Harry Potter - J. K. Rowling,same,0,0,0,0,0,0,57,4,3,1,7.017543859649122,5.263157894736842,75.0
2026-09-08T11:47:02,cohort,89381751,,Harry Potter - J. K. Rowling,same,0,0,0,0,0,0,555,29,21,8,5.225225225225225,3.783783783783784,72.41379310344827
2026-09-08T11:47:02,cohort,66710509,,Harry Potter - J. K. Rowling,same,0,0,0,0,0,0,1141,19,13,8,1.6652059596844873,1.1393514460999123,68.42105263157895
2026-09-08T11:47:02,cohort,90251916,,Harry Potter - J. K. Rowling,same,0,0,0,0,0,0,273,7,2,6,2.564102564102564,0.7326007326007326,28.57142857142857
2026-09-08T11:47:02,cohort,92092411,,Harry Potter - J. K. Rowling,same,0,0,0,0,0,0,55,0,0,12,0.0,0.0,0.0
2026-09-08T11:47:02,cohort,92160066,,Harry Potter - J. K. Rowling,same,0,0,0,0,0,0,81,5,0,1,6.172839506172839,0.0,0.0
2026-09-08T11:47:02,cohort,85636891,,Harry Potter - J. K. Rowling,same,0,0,0,0,0,0,49187,754,229,16,1.532925366458617,0.46557017098013703,30.371352785145888
2026-09-08T11:47:02,cohort,92159451,,Harry Potter - J. K. Rowling,same,0,0,0,0,0,0,97,5,2,1,5.154639175257731,2.0618556701030926,40.0
2026-09-08T11:47:02,cohort,84192076,,Harry Potter - J. K. Rowling,same,0,0,0,0,0,0,1206,35,18,78,2.902155887230514,1.4925373134328357,51.42857142857142
2026-09-08T11:47:02,cohort,83286966,,Harry Potter - J. K. Rowling,same,0,0,0,0,0,0,17429,344,310,43,1.973721957656779,1.77864478742326,90.11627906976744
2026-09-08T11:47:02,cohort,57307459,,Harry Potter - J. K. Rowling,same,0,0,0,0,0,0,15186,379,171,43,2.4957197418675094,1.126037139470565,45.11873350923483
2026-09-08T11:47:02,cohort,85622316,,Harry Potter - J. K. Rowling,same,0,0,0,0,0,0,574,17,2,85,2.961672473867596,0.34843205574912894,11.76470588235294
2026-09-08T11:47:02,cohort,92158896,,Harry Potter - J. K. Rowling,same,0,0,0,0,0,0,871,97,13,1,11.136624569460391,1.4925373134328357,13.402061855670103
2026-09-08T11:47:02,cohort,52778149,,Harry Potter - J. K. Rowling,same,0,0,0,0,0,0,39034,677,345,21,1.73438540759338,0.8838448532048984,50.960118168389954
2026-09-08T11:47:02,cohort,90698386,,Harry Potter - J. K. Rowling,same,0,0,0,0,0,0,570,20,11,13,3.508771929824561,1.9298245614035088,55.00000000000001
2026-09-08T11:47:02,cohort,92131421,,Harry Potter - J. K. Rowling,same,0,0,0,0,0,0,88,4,1,7,4.545454545454546,1.1363636363636365,25.0
2026-09-08T11:47:02,cohort,90606236,,Harry Potter - J. K. Rowling,same,0,0,0,0,0,0,2490,25,0,1,1.0040160642570282,0.0,0.0
2026-09-08T11:47:02,cohort,86682916,,Harry Potter - J. K. Rowling,same,0,0,0,0,0,0,638,11,24,11,1.7241379310344827,3.761755485893417,218.18181818181816
2026-09-08T11:47:02,cohort,91180616,,Harry Potter - J. K. Rowling,same,0,0,0,0,0,0,770,20,29,8,2.5974025974025974,3.766233766233766,145.0
2026-09-08T11:47:02,cohort,90021791,,Harry Potter - J. K. Rowling,same,0,0,0,0,0,0,2175,123,17,1,5.655172413793103,0.7816091954022988,13.821138211382115
2026-09-08T11:47:02,cohort,92158126,,Harry Potter - J. K. Rowling,same,0,0,0,0,0,0,79,1,1,1,1.2658227848101267,1.2658227848101267,100.0
2026-09-08T11:47:02,cohort,91798951,,Harry Potter - J. K. Rowling,same,0,0,0,0,0,0,218,19,18,3,8.715596330275229,8.256880733944955,94.73684210526315
2026-09-08T11:47:02,cohort,85694896,,Harry Potter - J. K. Rowling,same,0,0,0,0,0,0,112,8,0,10,7.142857142857142,0.0,0.0
2026-09-08T11:47:02,cohort,66140164,,Harry Potter - J. K. Rowling,same,0,0,0,0,0,0,13799,644,331,14,4.667004855424306,2.398724545256903,51.39751552795031
2026-09-08T11:47:02,cohort,37192165,,Harry Potter - J. K. Rowling,same,0,0,0,0,0,0,37842,1179,425,144,3.1155858569843033,1.1230907457322552,36.04749787955895
2026-09-08T11:47:02,cohort,90414756,,Harry Potter - J. K. Rowling,same,0,0,0,0,0,0,131,4,75,24,3.0534351145038165,57.25190839694656,1875.0
2026-09-08T11:47:02,cohort,88113486,,Harry Potter - J. K. Rowling,same,0,0,0,0,0,0,3338,250,44,5,7.489514679448773,1.318154583582984,17.599999999999998
2026-09-08T11:47:02,cohort,89917566,,Harry Potter - J. K. Rowling,same,0,0,0,0,0,0,1996,162,96,6,8.11623246492986,4.809619238476954,59.25925925925925
2026-09-08T11:47:02,cohort,63762298,,Harry Potter - J. K. Rowling,same,0,0,0,0,0,0,21930,435,255,53,1.9835841313269493,1.1627906976744187,58.620689655172406
2026-09-08T11:47:02,cohort,88207946,,Harry Potter - J. K. Rowling,same,0,0,0,0,0,0,150,3,3,5,2.0,2.0,100.0
2026-09-08T11:47:02,cohort,86575446,,Harry Potter - J. K. Rowling,same,0,0,0,0,0,0,394,11,0,15,2.7918781725888326,0.0,0.0
2026-09-08T11:47:02,cohort,84474141,,Harry Potter - J. K. Rowling,same,0,0,0,0,0,0,1350,22,11,18,1.6296296296296295,0.8148148148148148,50.0
2026-09-08T11:47:02,cohort,92130461,,Harry Potter - J. K. Rowling,same,0,0,0,0,0,0,198,13,4,5,6.565656565656567,2.0202020202020203,30.76923076923077
2026-09-08T11:47:02,cohort,91787601,,Harry Potter - J. K. Rowling,same,0,0,0,0,0,0,2225,212,64,6,9.52808988764045,2.8764044943820224,30.18867924528302
2026-09-08T11:47:02,cohort,72179041,,Harry Potter - J. K. Rowling,same,0,0,0,0,0,0,2287,37,5,42,1.6178399650196764,0.21862702229995626,13.513513513513514
2026-09-08T11:47:02,cohort,92156621,,Harry Potter - J. K. Rowling,same,0,0,0,0,0,0,81,11,2,1,13.580246913580247,2.4691358024691357,18.181818181818183
2026-09-08T11:47:02,cohort,45028137,,Harry Potter - J. K. Rowling,same,0,0,0,0,0,0,11534,71,190,20,0.6155713542569794,1.647303624067973,267.6056338028169
2026-09-08T11:47:02,cohort,75820171,,Harry Potter - J. K. Rowling,same,0,0,0,0,0,0,1013,38,10,50,3.751233958538993,0.9871668311944718,26.31578947368421
2026-09-08T11:47:02,cohort,88589286,,Harry Potter - J. K. Rowling,same,0,0,0,0,0,0,293,16,4,33,5.460750853242321,1.3651877133105803,25.0
2026-09-08T11:47:02,cohort,76852486,,Harry Potter - J. K. Rowling,same,0,0,0,0,0,0,1758,20,18,80,1.1376564277588168,1.023890784982935,90.0
2026-09-08T11:47:02,cohort,91935566,,Harry Potter - J. K. Rowling,same,0,0,0,0,0,0,81,3,1,11,3.7037037037037033,1.2345679012345678,33.33333333333333
2026-09-08T11:47:02,cohort,91915371,,Harry Potter - J. K. Rowling,same,0,0,0,0,0,0,82,1,1,19,1.2195121951219512,1.2195121951219512,100.0
2026-09-08T11:47:02,cohort,91828696,,Harry Potter - J. K. Rowling,same,0,0,0,0,0,0,138,5,0,5,3.6231884057971016,0.0,0.0
2026-09-08T11:47:02,cohort,91616761,,Harry Potter - J. K. Rowling,same,0,0,0,0,0,0,261,18,2,3,6.896551724137931,0.7662835249042145,11.11111111111111
2026-09-08T11:47:02,cohort,90915426,,Harry Potter - J. K. Rowling,same,0,0,0,0,0,0,83,8,26,4,9.63855421686747,31.32530120481928,325.0
2026-09-08T11:47:02,cohort,90737456,,Harry Potter - J. K. Rowling,same,0,0,0,0,0,0,374,44,10,1,11.76470588235294,2.6737967914438503,22.727272727272727
2026-09-08T11:47:02,cohort,90143501,,Harry Potter - J. K. Rowling,same,0,0,0,0,0,0,5478,207,280,12,3.7787513691128147,5.11135450894487,135.2657004830918
2026-09-08T11:47:02,cohort,89942726,,Harry Potter - J. K. Rowling,same,0,0,0,0,0,0,290,15,8,7,5.172413793103448,2.7586206896551726,53.333333333333336
2026-09-08T11:47:02,cohort,88890866,,Harry Potter - J. K. Rowling,same,0,0,0,0,0,0,163,9,8,5,5.521472392638037,4.9079754601226995,88.88888888888889
2026-09-08T11:47:02,cohort,88492861,,Harry Potter - J. K. Rowling,same,0,0,0,0,0,0,151,6,23,9,3.9735099337748347,15.2317880794702,383.33333333333337
2026-09-08T11:47:02,cohort,88264371,,Harry Potter - J. K. Rowling,same,0,0,0,0,0,0,11279,356,123,20,3.1563081833495876,1.0905222094157283,34.55056179775281
2026-09-08T11:47:02,cohort,88026931,,Harry Potter - J. K. Rowling,same,0,0,0,0,0,0,450,5,6,19,1.1111111111111112,1.3333333333333335,120.0
2026-09-08T11:47:02,cohort,87032771,,Harry Potter - J. K. Rowling,same,0,0,0,0,0,0,521,30,12,4,5.758157389635317,2.3032629558541267,40.0
2026-09-08T11:47:02,cohort,86413491,,Harry Potter - J. K. Rowling,same,0,0,0,0,0,0,3820,111,64,6,2.905759162303665,1.6753926701570683,57.65765765765766
2026-09-08T11:47:02,cohort,84850641,,Harry Potter - J. K. Rowling,same,0,0,0,0,0,0,247,10,3,19,4.048582995951417,1.214574898785425,30.0
2026-09-08T11:47:02,cohort,84749046,,Harry Potter - J. K. Rowling,same,0,0,0,0,0,0,29363,813,915,67,2.7687906549058336,3.116166604229813,112.54612546125462
2026-09-08T11:47:02,cohort,83825446,,Harry Potter - J. K. Rowling,same,0,0,0,0,0,0,812,28,10,10,3.4482758620689653,1.2315270935960592,35.714285714285715
2026-09-08T11:47:02,cohort,83809096,,Harry Potter - J. K. Rowling,same,0,0,0,0,0,0,3628,68,159,69,1.8743109151047408,4.38257993384785,233.82352941176472
2026-09-08T11:47:02,cohort,78740791,,Harry Potter - J. K. Rowling,same,0,0,0,0,0,0,779,8,9,30,1.0269576379974326,1.1553273427471118,112.5
2026-09-08T11:47:02,cohort,74727456,,Harry Potter - J. K. Rowling,same,0,0,0,0,0,0,1299,76,19,3,5.850654349499615,1.4626635873749037,25.0
2026-09-08T11:47:02,cohort,71124986,,Harry Potter - J. K. Rowling,same,0,0,0,0,0,0,2000,34,27,35,1.7000000000000002,1.35,79.41176470588235
2026-09-08T11:47:02,cohort,70462436,,Harry Potter - J. K. Rowling,same,0,0,0,0,0,0,2153,44,46,36,2.0436600092893635,2.1365536460752437,104.54545454545455
2026-09-08T11:47:02,cohort,67235977,,Harry Potter - J. K. Rowling,same,0,0,0,0,0,0,2184,62,66,31,2.838827838827839,3.021978021978022,106.4516129032258
2026-09-08T11:47:02,cohort,64509277,,Harry Potter - J. K. Rowling,same,0,0,0,0,0,0,1567,66,37,37,4.211869814932992,2.361199744735163,56.060606060606055
2026-09-08T11:47:02,cohort,64467871,,Harry Potter - J. K. Rowling,same,0,0,0,0,0,0,3001,34,13,18,1.13295568143952,0.433188937020993,38.23529411764706
2026-09-08T11:47:02,cohort,31865092,,Harry Potter - J. K. Rowling,same,0,0,0,0,0,0,45157,1341,461,36,2.9696392585867084,1.0208826981420378,34.37733035048471
2026-09-08T11:47:02,cohort,85457546,,Harry Potter - J. K. Rowling,same,0,0,0,0,0,0,4398,100,45,52,2.2737608003638017,1.023192360163711,45.0
2026-09-08T11:47:02,cohort,91381056,,Harry Potter - J. K. Rowling,same,0,0,0,0,0,0,455,8,3,40,1.7582417582417582,0.6593406593406593,37.5
2026-09-08T11:47:02,cohort,82731086,,Harry Potter - J. K. Rowling,same,0,0,0,0,0,0,10826,554,137,9,5.117310179198227,1.265472011823388,24.729241877256317
2026-09-08T11:47:02,cohort,90235246,,Harry Potter - J. K. Rowling,same,0,0,0,0,0,0,845,42,25,3,4.970414201183432,2.9585798816568047,59.523809523809526
2026-09-08T11:47:02,cohort,75442346,,Harry Potter - J. K. Rowling,same,0,0,0,0,0,0,1823,41,22,24,2.249040043883708,1.206801974766868,53.65853658536586
2026-09-08T11:47:02,cohort,84810951,,Harry Potter - J. K. Rowling,same,0,0,0,0,0,0,6970,235,497,196,3.3715925394548063,7.130559540889527,211.48936170212767
2026-09-08T11:47:02,cohort,91840056,,Harry Potter - J. K. Rowling,same,0,0,0,0,0,0,515,40,19,6,7.766990291262135,3.6893203883495143,47.5
2026-09-08T11:47:02,cohort,64620307,,Harry Potter - J. K. Rowling,same,0,0,0,0,0,0,377,4,0,15,1.0610079575596816,0.0,0.0
2026-09-08T11:47:02,cohort,92017476,,Harry Potter - J. K. Rowling,same,0,0,0,0,0,0,1442,93,31,3,6.449375866851595,2.1497919556171983,33.33333333333333
2026-09-08T11:47:02,cohort,89919761,,Harry Potter - J. K. Rowling,same,0,0,0,0,0,0,529,25,46,8,4.725897920604915,8.695652173913043,184.0
2026-09-08T11:47:02,cohort,78085261,,Harry Potter - J. K. Rowling,same,0,0,0,0,0,0,335,10,2,9,2.9850746268656714,0.5970149253731344,20.0
2026-09-08T11:47:02,cohort,91507756,,Harry Potter - J. K. Rowling,same,0,0,0,0,0,0,58,1,0,33,1.7241379310344827,0.0,0.0
2026-09-08T11:47:02,cohort,91899466,,Harry Potter - J. K. Rowling,same,0,0,0,0,0,0,437,20,4,2,4.576659038901601,0.9153318077803204,20.0
2026-09-08T11:47:02,cohort,91173146,,Harry Potter - J. K. Rowling,same,0,0,0,0,0,0,81,3,2,2,3.7037037037037033,2.4691358024691357,66.66666666666666
2026-09-08T11:47:02,cohort,90315676,,Harry Potter - J. K. Rowling,same,0,0,0,0,0,0,1945,88,16,27,4.5244215938303345,0.8226221079691516,18.181818181818183
2026-09-08T11:47:02,cohort,84211531,,Harry Potter - J. K. Rowling,same,0,0,0,0,0,0,1964,62,36,21,3.1568228105906315,1.8329938900203666,58.06451612903226
2026-09-08T11:47:02,cohort,81702001,,Harry Potter - J. K. Rowling,same,0,0,0,0,0,0,166,3,24,3,1.8072289156626504,14.457831325301203,800.0
2026-09-08T11:47:02,cohort,64130938,,Harry Potter - J. K. Rowling,same,0,0,0,0,0,0,23109,117,137,65,0.5062962482149812,0.5928426154312173,117.0940170940171
2026-09-08T11:47:02,cohort,90006456,,Harry Potter - J. K. Rowling,same,0,0,0,0,0,0,917,43,14,4,4.689203925845147,1.5267175572519083,32.55813953488372
2026-09-08T11:47:02,cohort,33157435,,Harry Potter - J. K. Rowling,same,0,0,0,0,0,0,190705,3265,1977,46,1.7120683778610943,1.0366796885241603,60.55130168453292
2026-09-08T11:47:02,cohort,80640021,,Harry Potter - J. K. Rowling,same,0,0,0,0,0,0,335,14,26,17,4.179104477611941,7.761194029850746,185.71428571428572
2026-09-08T11:47:02,cohort,76982841,,Harry Potter - J. K. Rowling,same,0,0,0,0,0,0,2372,42,7,89,1.770657672849916,0.2951096121416526,16.666666666666664
2026-09-08T11:47:02,cohort,92153096,,Harry Potter - J. K. Rowling,same,0,0,0,0,0,0,184,22,7,1,11.956521739130435,3.804347826086957,31.818181818181817
2026-09-08T11:47:02,cohort,92152401,,Harry Potter - J. K. Rowling,same,0,0,0,0,0,0,521,9,0,55,1.727447216890595,0.0,0.0
2026-09-08T11:47:02,cohort,92153026,,Harry Potter - J. K. Rowling,same,0,0,0,0,0,0,59,13,3,1,22.033898305084744,5.084745762711865,23.076923076923077
2026-09-08T11:47:02,cohort,92090131,,Harry Potter - J. K. Rowling,same,0,0,0,0,0,0,96,12,4,1,12.5,4.166666666666666,33.33333333333333
2026-09-08T11:47:02,cohort,50002984,,Harry Potter - J. K. Rowling,same,0,0,0,0,0,0,61866,1092,366,51,1.7651052274270198,0.5916012025991659,33.51648351648351
2026-09-08T11:47:02,cohort,80100251,,Harry Potter - J. K. Rowling,same,0,0,0,0,0,0,7534,195,56,11,2.5882665250862757,0.7432970533581099,28.717948717948715
2026-09-08T11:47:02,cohort,87501011,,Harry Potter - J. K. Rowling,same,0,0,0,0,0,0,796,18,2,21,2.261306532663317,0.25125628140703515,11.11111111111111
2026-09-08T11:47:02,cohort,87855741,,Harry Potter - J. K. Rowling,same,0,0,0,0,0,0,5308,164,67,14,3.089675960813866,1.2622456669178599,40.853658536585364
2026-09-08T11:47:02,cohort,68741406,,Harry Potter - J. K. Rowling,same,0,0,0,0,0,0,96928,1567,4724,64,1.6166639154836582,4.873720699900957,301.46777281429485
2026-09-08T11:47:02,cohort,85532536,,Harry Potter - J. K. Rowling,same,0,0,0,0,0,0,6558,127,223,49,1.9365660262275084,3.4004269594388536,175.59055118110237
2026-09-08T11:47:02,cohort,78756761,,Harry Potter - J. K. Rowling,same,0,0,0,0,0,0,46459,745,195,225,1.6035644331561163,0.41972491874556056,26.174496644295303
2026-09-08T11:47:02,cohort,91711976,,Harry Potter - J. K. Rowling,same,0,0,0,0,0,0,81,3,6,5,3.7037037037037033,7.4074074074074066,200.0
2026-09-08T11:47:02,cohort,87479316,,Harry Potter - J. K. Rowling,same,0,0,0,0,0,0,198,3,0,21,1.5151515151515151,0.0,0.0
2026-09-08T11:47:02,cohort,88768561,,Harry Potter - J. K. Rowling,same,0,0,0,0,0,0,101,5,1,7,4.9504950495049505,0.9900990099009901,20.0
2026-09-08T11:47:02,cohort,91706956,,Harry Potter - J. K. Rowling,same,0,0,0,0,0,0,2908,63,9,6,2.1664374140302614,0.30949105914718017,14.285714285714285
2026-09-08T11:47:02,cohort,88902151,,Harry Potter - J. K. Rowling,same,0,0,0,0,0,0,233,9,4,6,3.862660944206009,1.7167381974248928,44.44444444444444
2026-09-08T11:47:02,cohort,85663326,,Harry Potter - J. K. Rowling,same,0,0,0,0,0,0,715,28,3,6,3.9160839160839163,0.4195804195804196,10.714285714285714
2026-09-08T11:47:02,cohort,76493511,,Harry Potter - J. K. Rowling,same,0,0,0,0,0,0,112,4,1,5,3.571428571428571,0.8928571428571428,25.0
2026-09-08T11:47:02,cohort,90714696,,Harry Potter - J. K. Rowling,same,0,0,0,0,0,0,498,30,8,5,6.024096385542169,1.6064257028112447,26.666666666666668
2026-09-08T11:47:02,cohort,86634486,,Harry Potter - J. K. Rowling,same,0,0,0,0,0,0,439,27,15,16,6.150341685649203,3.416856492027335,55.55555555555556
2026-09-08T11:47:02,cohort,87684921,,Harry Potter - J. K. Rowling,same,0,0,0,0,0,0,9743,402,649,25,4.126039207636252,6.661192651134147,161.44278606965173
2026-09-08T11:47:02,cohort,92149696,,Harry Potter - J. K. Rowling,same,0,0,0,0,0,0,91,18,7,1,19.78021978021978,7.6923076923076925,38.88888888888889
2026-09-08T11:47:02,cohort,84306996,,Harry Potter - J. K. Rowling,same,0,0,0,0,0,0,284,6,2,5,2.112676056338028,0.7042253521126761,33.33333333333333
2026-09-08T11:47:02,cohort,84422176,,Harry Potter - J. K. Rowling,same,0,0,0,0,0,0,5016,93,194,24,1.8540669856459329,3.86762360446571,208.6021505376344
2026-09-08T11:47:02,cohort,81677266,,Harry Potter - J. K. Rowling,same,0,0,0,0,0,0,110,3,2,5,2.727272727272727,1.8181818181818181,66.66666666666666
2026-09-08T11:47:02,cohort,86379251,,Harry Potter - J. K. Rowling,same,0,0,0,0,0,0,1800,48,38,29,2.666666666666667,2.111111111111111,79.16666666666666
2026-09-08T11:47:02,cohort,88863081,,Harry Potter - J. K. Rowling,same,0,0,0,0,0,0,358,9,3,8,2.5139664804469275,0.8379888268156425,33.33333333333333
2026-09-08T11:47:02,cohort,91757156,,Harry Potter - J. K. Rowling,same,0,0,0,0,0,0,98,1,5,13,1.0204081632653061,5.1020408163265305,500.0
2026-09-08T11:47:02,cohort,88436426,,Harry Potter - J. K. Rowling,same,0,0,0,0,0,0,175,8,0,8,4.571428571428571,0.0,0.0
2026-09-08T11:47:02,cohort,89022031,,Harry Potter - J. K. Rowling,same,0,0,0,0,0,0,2345,120,31,12,5.11727078891258,1.3219616204690832,25.833333333333336
2026-09-08T11:47:02,cohort,91559796,,Harry Potter - J. K. Rowling,same,0,0,0,0,0,0,2302,186,275,7,8.079930495221546,11.946133796698524,147.8494623655914
2026-09-08T11:47:02,cohort,76385136,,Harry Potter - J. K. Rowling,same,0,0,0,0,0,0,1866,85,73,13,4.555198285101822,3.912111468381565,85.88235294117646
2026-09-08T11:47:02,cohort,87292546,,Harry Potter - J. K. Rowling,same,0,0,0,0,0,0,10505,701,317,12,6.673012851023322,3.0176106615897194,45.22111269614836
2026-09-08T11:47:02,cohort,91269976,,Harry Potter - J. K. Rowling,same,0,0,0,0,0,0,135,6,3,3,4.444444444444445,2.2222222222222223,50.0
2026-09-08T11:47:02,cohort,84320821,,Harry Potter - J. K. Rowling,same,0,0,0,0,0,0,276,4,1,45,1.4492753623188406,0.36231884057971014,25.0
2026-09-08T11:47:02,cohort,90391471,,Harry Potter - J. K. Rowling,same,0,0,0,0,0,0,415,22,5,6,5.301204819277109,1.2048192771084338,22.727272727272727
2026-09-08T11:47:02,cohort,89879591,,Harry Potter - J. K. Rowling,same,0,0,0,0,0,0,146,9,1,2,6.164383561643835,0.684931506849315,11.11111111111111
2026-09-08T11:47:02,cohort,85789821,,Harry Potter - J. K. Rowling,same,0,0,0,0,0,0,63698,1018,472,43,1.5981663474520391,0.7409965776005526,46.36542239685658
2026-09-08T11:47:02,cohort,91892441,,Harry Potter - J. K. Rowling,same,0,0,0,0,0,0,57,1,1,21,1.7543859649122806,1.7543859649122806,100.0
2026-09-08T11:47:02,cohort,71056581,,Harry Potter - J. K. Rowling,same,0,0,0,0,0,0,1884,65,9,37,3.4501061571125264,0.47770700636942676,13.846153846153847
2026-09-08T11:47:02,cohort,90253041,,Harry Potter - J. K. Rowling,same,0,0,0,0,0,0,490,39,8,2,7.959183673469387,1.6326530612244898,20.51282051282051
2026-09-08T11:47:02,cohort,54203308,,Harry Potter - J. K. Rowling,same,0,0,0,0,0,0,112767,1236,3741,57,1.0960653382638539,3.3174598951821013,302.66990291262135
2026-09-08T11:47:02,cohort,86467666,,Harry Potter - J. K. Rowling,same,0,0,0,0,0,0,1041,59,11,20,5.667627281460135,1.0566762728146013,18.64406779661017
2026-09-08T11:47:02,cohort,90496126,,Harry Potter - J. K. Rowling,same,0,0,0,0,0,0,789,57,16,10,7.224334600760455,2.027883396704689,28.07017543859649
2026-09-08T11:47:02,cohort,92147306,,Harry Potter - J. K. Rowling,same,0,0,0,0,0,0,81,11,0,1,13.580246913580247,0.0,0.0
2026-09-08T11:47:02,cohort,80109806,,Harry Potter - J. K. Rowling,same,0,0,0,0,0,0,5453,181,271,38,3.319273794241702,4.969741426737576,149.72375690607734
2026-09-08T11:47:02,cohort,86440371,,Harry Potter - J. K. Rowling,same,0,0,0,0,0,0,406,24,7,7,5.911330049261084,1.7241379310344827,29.166666666666668
2026-09-08T11:47:02,cohort,91003881,,Harry Potter - J. K. Rowling,same,0,0,0,0,0,0,119,7,0,10,5.88235294117647,0.0,0.0
2026-09-08T11:47:02,cohort,92146521,,Harry Potter - J. K. Rowling,same,0,0,0,0,0,0,112,15,7,1,13.392857142857142,6.25,46.666666666666664
2026-09-08T11:47:02,cohort,70526251,,Harry Potter - J. K. Rowling,same,0,0,0,0,0,0,918,71,28,2,7.734204793028322,3.0501089324618738,39.436619718309856
2026-09-08T11:47:02,cohort,88345131,,Harry Potter - J. K. Rowling,same,0,0,0,0,0,0,3540,67,137,9,1.8926553672316386,3.8700564971751414,204.4776119402985
2026-09-08T11:47:02,cohort,92146841,,Harry Potter - J. K. Rowling,same,0,0,0,0,0,0,67,0,1,1,0.0,1.4925373134328357,0.0
2026-09-08T11:47:02,cohort,55715410,,Harry Potter - J. K. Rowling,same,0,0,0,0,0,0,2775,83,44,39,2.990990990990991,1.5855855855855856,53.01204819277109
2026-09-08T11:47:02,cohort,87045476,,Harry Potter - J. K. Rowling,same,0,0,0,0,0,0,505,1,0,31,0.19801980198019803,0.0,0.0
2026-09-08T11:47:02,cohort,75379361,,Harry Potter - J. K. Rowling,same,0,0,0,0,0,0,889,29,12,46,3.262092238470191,1.3498312710911136,41.37931034482759
2026-09-08T11:47:02,cohort,61155469,,Harry Potter - J. K. Rowling,same,0,0,0,0,0,0,80527,1115,1142,32,1.3846287580563041,1.4181578849330039,102.42152466367713
2026-09-08T11:47:02,cohort,85179696,,Harry Potter - J. K. Rowling,same,0,0,0,0,0,0,752,42,15,9,5.585106382978723,1.9946808510638299,35.714285714285715
2026-09-08T11:47:02,cohort,87411476,,Harry Potter - J. K. Rowling,same,0,0,0,0,0,0,1192,24,14,22,2.013422818791946,1.174496644295302,58.333333333333336
2026-09-08T11:47:02,cohort,82060766,,Harry Potter - J. K. Rowling,same,0,0,0,0,0,0,6621,229,196,20,3.4586920404772696,2.9602779036399336,85.58951965065502
2026-09-08T11:47:02,cohort,88155146,,Harry Potter - J. K. Rowling,same,0,0,0,0,0,0,812,17,2,15,2.0935960591133003,0.24630541871921183,11.76470588235294
2026-09-08T11:47:02,cohort,91902221,,Harry Potter - J. K. Rowling,same,0,0,0,0,0,0,136,10,1,2,7.352941176470589,0.7352941176470588,10.0
2026-09-08T11:47:02,cohort,85265831,,Harry Potter - J. K. Rowling,same,0,0,0,0,0,0,10429,277,254,25,2.6560552306069614,2.4355163486432065,91.69675090252709
2026-09-08T11:47:02,cohort,92128026,,Harry Potter - J. K. Rowling,same,0,0,0,0,0,0,92,5,0,3,5.434782608695652,0.0,0.0
2026-09-08T11:47:02,cohort,58817932,,Harry Potter - J. K. Rowling,same,0,0,0,0,0,0,71431,698,625,20,0.9771667763296047,0.8749702510114656,89.54154727793696
2026-09-08T11:47:02,cohort,92145231,,Harry Potter - J. K. Rowling,same,0,0,0,0,0,0,287,26,0,1,9.059233449477352,0.0,0.0
2026-09-08T11:47:02,cohort,75663611,,Harry Potter - J. K. Rowling,same,0,0,0,0,0,0,16953,550,449,32,3.2442635521736567,2.6484987907744943,81.63636363636364
2026-09-08T11:47:02,cohort,85494311,,Harry Potter - J. K. Rowling,same,0,0,0,0,0,0,275,11,1,13,4.0,0.36363636363636365,9.090909090909092
2026-09-08T11:47:02,cohort,88584546,,Harry Potter - J. K. Rowling,same,0,0,0,0,0,0,1891,39,4,37,2.0624008461131678,0.21152829190904282,10.256410256410255
2026-09-08T11:47:02,cohort,66928324,,Harry Potter - J. K. Rowling,same,0,0,0,0,0,0,1551,15,15,88,0.9671179883945842,0.9671179883945842,100.0
2026-09-08T11:47:02,cohort,91895616,,Harry Potter - J. K. Rowling,same,0,0,0,0,0,0,1926,184,159,3,9.553478712357217,8.255451713395638,86.41304347826086
2026-09-08T11:47:02,cohort,77838986,,Harry Potter - J. K. Rowling,same,0,0,0,0,0,0,1540,73,45,15,4.740259740259741,2.922077922077922,61.64383561643836
2026-09-08T11:47:02,cohort,66391906,,Harry Potter - J. K. Rowling,same,0,0,0,0,0,0,2308,79,87,8,3.422876949740035,3.7694974003466206,110.12658227848102
2026-09-08T11:47:02,cohort,90127381,,Harry Potter - J. K. Rowling,same,0,0,0,0,0,0,750,92,37,1,12.266666666666666,4.933333333333334,40.21739130434783
2026-09-08T11:47:02,cohort,89120326,,Harry Potter - J. K. Rowling,same,0,0,0,0,0,0,809,26,29,22,3.2138442521631645,3.584672435105068,111.53846153846155
2026-09-08T11:47:02,cohort,91894191,,Harry Potter - J. K. Rowling,same,0,0,0,0,0,0,77,3,1,2,3.896103896103896,1.2987012987012987,33.33333333333333
2026-09-08T11:47:02,cohort,88798511,,Harry Potter - J. K. Rowling,same,0,0,0,0,0,0,1579,20,5,7,1.266624445851805,0.31665611146295125,25.0
2026-09-08T11:47:02,cohort,60523009,,Harry Potter - J. K. Rowling,same,0,0,0,0,0,0,43345,334,14,3,0.770561771830661,0.03229899642403968,4.191616766467066
2026-09-08T11:47:02,cohort,80068946,,Harry Potter - J. K. Rowling,same,0,0,0,0,0,0,4661,205,119,9,4.398197811628406,2.5531001930916113,58.048780487804876
2026-09-08T11:47:02,cohort,92143756,,Harry Potter - J. K. Rowling,same,0,0,0,0,0,0,96,13,1,1,13.541666666666666,1.0416666666666665,7.6923076923076925
2026-09-08T11:47:02,cohort,92143711,,Harry Potter - J. K. Rowling,same,0,0,0,0,0,0,309,32,2,1,10.355987055016183,0.6472491909385114,6.25
2026-09-08T11:47:02,cohort,82776036,,Harry Potter - J. K. Rowling,same,0,0,0,0,0,0,304,10,2,4,3.289473684210526,0.6578947368421052,20.0
2026-09-08T11:47:02,cohort,84641321,,Harry Potter - J. K. Rowling,same,0,0,0,0,0,0,408,26,13,4,6.372549019607843,3.1862745098039214,50.0
2026-09-08T11:47:02,cohort,63651085,,Harry Potter - J. K. Rowling,same,0,0,0,0,0,0,2177,64,21,75,2.939825447864033,0.964630225080386,32.8125
2026-09-08T11:47:02,cohort,90414366,,Harry Potter - J. K. Rowling,same,0,0,0,0,0,0,316,16,2,16,5.063291139240507,0.6329113924050633,12.5
2026-09-08T11:47:02,cohort,90281791,,Harry Potter - J. K. Rowling,same,0,0,0,0,0,0,97,10,10,2,10.309278350515463,10.309278350515463,100.0
2026-09-08T11:47:02,cohort,87039971,,Harry Potter - J. K. Rowling,same,0,0,0,0,0,0,242,15,27,13,6.198347107438017,11.15702479338843,180.0
2026-09-08T11:47:02,cohort,91567246,,Harry Potter - J. K. Rowling,same,0,0,0,0,0,0,1874,31,0,4,1.6542155816435433,0.0,0.0
2026-09-08T11:47:02,cohort,91123711,,Harry Potter - J. K. Rowling,same,0,0,0,0,0,0,162,13,4,2,8.024691358024691,2.4691358024691357,30.76923076923077
2026-09-08T11:47:02,cohort,91572666,,Harry Potter - J. K. Rowling,same,0,0,0,0,0,0,131,2,9,8,1.5267175572519083,6.870229007633588,450.0
2026-09-08T11:47:02,cohort,82224546,,Harry Potter - J. K. Rowling,same,0,0,0,0,0,0,85,0,0,24,0.0,0.0,0.0
2026-09-08T11:47:02,cohort,82161236,,Harry Potter - J. K. Rowling,same,0,0,0,0,0,0,268,18,4,4,6.7164179104477615,1.4925373134328357,22.22222222222222
2026-09-08T11:47:02,cohort,91624656,,Harry Potter - J. K. Rowling,same,0,0,0,0,0,0,822,87,7,2,10.583941605839415,0.851581508515815,8.045977011494253
2026-09-08T11:47:02,cohort,92075711,,Harry Potter - J. K. Rowling,same,0,0,0,0,0,0,78,2,2,2,2.564102564102564,2.564102564102564,100.0
2026-09-08T11:47:02,cohort,81008936,,Harry Potter - J. K. Rowling,same,0,0,0,0,0,0,188,5,15,10,2.6595744680851063,7.9787234042553195,300.0
2026-09-08T11:47:02,cohort,92141776,,Harry Potter - J. K. Rowling,same,0,0,0,0,0,0,60,11,1,1,18.333333333333332,1.6666666666666667,9.090909090909092
2026-09-08T11:47:02,cohort,92141371,,Harry Potter - J. K. Rowling,same,0,0,0,0,0,0,93,20,5,1,21.50537634408602,5.376344086021505,25.0
2026-09-08T11:47:02,cohort,74171616,,Harry Potter - J. K. Rowling,same,0,0,0,0,0,0,10647,213,135,30,2.0005635390250776,1.267962806424345,63.38028169014085
2026-09-08T11:47:02,cohort,92141016,,Harry Potter - J. K. Rowling,same,0,0,0,0,0,0,77,3,0,2,3.896103896103896,0.0,0.0
2026-09-08T11:47:02,cohort,90267966,,Harry Potter - J. K. Rowling,same,0,0,0,0,0,0,4427,156,126,16,3.5238310368195163,2.8461712220465327,80.76923076923077
2026-09-08T11:47:02,cohort,59760361,,Harry Potter - J. K. Rowling,same,0,0,0,0,0,0,1141,27,19,22,2.366345311130587,1.6652059596844873,70.37037037037037
2026-09-08T11:47:02,cohort,63405511,,Harry Potter - J. K. Rowling,same,0,0,0,0,0,0,116604,3554,1663,31,3.047922884292134,1.4261946416932525,46.7923466516601
2026-09-08T11:47:02,cohort,90748736,,Harry Potter - J. K. Rowling,same,0,0,0,0,0,0,719,42,50,8,5.84144645340751,6.954102920723226,119.04761904761905
2026-09-08T11:47:02,cohort,86446556,,Harry Potter - J. K. Rowling,same,0,0,0,0,0,0,1318,97,37,5,7.359635811836116,2.8072837632776935,38.144329896907216
2026-09-08T11:47:02,cohort,91692276,,Harry Potter - J. K. Rowling,same,0,0,0,0,0,0,123,7,4,2,5.691056910569105,3.2520325203252036,57.14285714285714
2026-09-08T11:47:02,cohort,90227236,,Harry Potter - J. K. Rowling,same,0,0,0,0,0,0,245,16,6,16,6.530612244897959,2.4489795918367347,37.5
2026-09-08T11:47:02,cohort,90759501,,Harry Potter - J. K. Rowling,same,0,0,0,0,0,0,125,6,0,9,4.8,0.0,0.0
2026-09-08T11:47:02,cohort,89572566,,Harry Potter - J. K. Rowling,same,0,0,0,0,0,0,230,21,4,5,9.130434782608695,1.7391304347826086,19.047619047619047
2026-09-08T11:47:02,cohort,89195361,,Harry Potter - J. K. Rowling,same,0,0,0,0,0,0,2605,162,55,16,6.218809980806142,2.111324376199616,33.95061728395062
2026-09-08T11:47:02,cohort,88761506,,Harry Potter - J. K. Rowling,same,0,0,0,0,0,0,6882,235,192,9,3.4147050276082536,2.789886660854403,81.70212765957446
2026-09-08T11:47:02,cohort,73523916,,Harry Potter - J. K. Rowling,same,0,0,0,0,0,0,3439,80,48,87,2.3262576330328586,1.395754579819715,60.0
2026-09-08T11:47:02,cohort,89964026,,Harry Potter - J. K. Rowling,same,0,0,0,0,0,0,85,0,6,11,0.0,7.0588235294117645,0.0
2026-09-08T11:47:02,cohort,62959081,,Harry Potter - J. K. Rowling,same,0,0,0,0,0,0,38479,1175,351,17,3.053613659398633,0.9121858676161023,29.872340425531913
2026-09-08T11:47:02,cohort,49466875,,Harry Potter - J. K. Rowling,same,0,0,0,0,0,0,19217,70,21,26,0.3642608107404902,0.10927824322214706,30.0
2026-09-08T11:47:02,cohort,92139251,,Harry Potter - J. K. Rowling,same,0,0,0,0,0,0,71,7,6,1,9.859154929577464,8.450704225352112,85.71428571428571
2026-09-08T11:47:02,cohort,62181415,,Harry Potter - J. K. Rowling,same,0,0,0,0,0,0,63243,827,2540,55,1.30765460209035,4.016254763373022,307.1342200725514
2026-09-08T11:47:02,cohort,90305451,,Harry Potter - J. K. Rowling,same,0,0,0,0,0,0,165,3,0,12,1.8181818181818181,0.0,0.0
2026-09-08T11:47:02,cohort,89348676,,Harry Potter - J. K. Rowling,same,0,0,0,0,0,0,1790,64,29,12,3.5754189944134076,1.6201117318435754,45.3125
2026-09-08T11:47:02,cohort,92138861,,Harry Potter - J. K. Rowling,same,0,0,0,0,0,0,58,4,0,1,6.896551724137931,0.0,0.0
2026-09-08T11:47:02,cohort,85103386,,Harry Potter - J. K. Rowling,same,0,0,0,0,0,0,5634,158,151,17,2.8044018459353923,2.6801561945331915,95.56962025316456
2026-09-08T11:47:02,cohort,56497759,,Harry Potter - J. K. Rowling,same,0,0,0,0,0,0,56533,356,1223,58,0.6297206941078661,2.1633382272301134,343.53932584269666
2026-09-08T11:47:02,cohort,92138666,,Harry Potter - J. K. Rowling,same,0,0,0,0,0,0,1076,125,11,1,11.617100371747211,1.0223048327137547,8.799999999999999
2026-09-08T11:47:02,cohort,89768901,,Harry Potter - J. K. Rowling,same,0,0,0,0,0,0,16465,570,204,19,3.461888855147282,1.2389918007895537,35.78947368421053
2026-09-08T11:47:02,cohort,87203226,,Harry Potter - J. K. Rowling,same,0,0,0,0,0,0,101,5,0,22,4.9504950495049505,0.0,0.0
2026-09-08T11:47:02,cohort,92138261,,Harry Potter - J. K. Rowling,same,0,0,0,0,0,0,524,71,12,1,13.549618320610687,2.2900763358778624,16.901408450704224
2026-09-08T11:47:02,cohort,92138241,,Harry Potter - J. K. Rowling,same,0,0,0,0,0,0,270,47,5,1,17.40740740740741,1.8518518518518516,10.638297872340425
2026-09-08T11:47:02,cohort,51882301,,Harry Potter - J. K. Rowling,same,0,0,0,0,0,0,8333,135,101,155,1.6200648025921038,1.2120484819392774,74.81481481481481
2026-09-08T11:47:02,cohort,89438946,,Harry Potter - J. K. Rowling,same,0,0,0,0,0,0,63,2,0,4,3.1746031746031744,0.0,0.0
2026-09-08T11:47:02,cohort,90476456,,Harry Potter - J. K. Rowling,same,0,0,0,0,0,0,1616,48,56,21,2.9702970297029703,3.4653465346534658,116.66666666666667
2026-09-08T11:47:02,cohort,92137496,,Harry Potter - J. K. Rowling,same,0,0,0,0,0,0,344,63,5,1,18.313953488372093,1.4534883720930232,7.936507936507936
2026-09-08T11:47:02,cohort,92137106,,Harry Potter - J. K. Rowling,same,0,0,0,0,0,0,708,123,10,1,17.372881355932204,1.4124293785310735,8.130081300813007
2026-09-08T11:47:02,cohort,92136886,,Harry Potter - J. K. Rowling,same,0,0,0,0,0,0,238,5,1,1,2.100840336134454,0.42016806722689076,20.0
2026-09-08T11:47:02,cohort,91730706,,Harry Potter - J. K. Rowling,same,0,0,0,0,0,0,2103,261,40,3,12.410841654778887,1.9020446980504042,15.32567049808429
2026-09-08T11:47:02,cohort,88888036,,Harry Potter - J. K. Rowling,same,0,0,0,0,0,0,1159,41,76,21,3.537532355478861,6.557377049180328,185.3658536585366
2026-09-08T11:47:02,cohort,91896026,,Harry Potter - J. K. Rowling,same,0,0,0,0,0,0,104,8,3,3,7.6923076923076925,2.8846153846153846,37.5
2026-09-08T11:47:02,cohort,90361861,,Harry Potter - J. K. Rowling,same,0,0,0,0,0,0,2529,66,21,11,2.6097271648873073,0.8303677342823249,31.818181818181817
2026-09-08T11:47:02,cohort,92088316,,Harry Potter - J. K. Rowling,same,0,0,0,0,0,0,50,2,2,4,4.0,4.0,100.0
2026-09-08T11:47:02,cohort,90025831,,Harry Potter - J. K. Rowling,same,0,0,0,0,0,0,273,9,2,14,3.296703296703297,0.7326007326007326,22.22222222222222
2026-09-08T11:47:02,cohort,88078066,,Harry Potter - J. K. Rowling,same,0,0,0,0,0,0,227,20,1,16,8.81057268722467,0.4405286343612335,5.0
2026-09-08T11:47:02,cohort,90293866,,Harry Potter - J. K. Rowling,same,0,0,0,0,0,0,640,39,35,35,6.09375,5.46875,89.74358974358975
2026-09-08T11:47:02,cohort,91685526,,Harry Potter - J. K. Rowling,same,0,0,0,0,0,0,78,2,5,10,2.564102564102564,6.41025641025641,250.0
2026-09-08T11:47:02,cohort,57205699,,Harry Potter - J. K. Rowling,same,0,0,0,0,0,0,2598,80,29,10,3.079291762894534,1.1162432640492685,36.25
2026-09-08T11:47:02,cohort,90931166,,Harry Potter - J. K. Rowling,same,0,0,0,0,0,0,1130,54,30,13,4.778761061946903,2.6548672566371683,55.55555555555556
2026-09-08T11:47:02,cohort,54786382,,Harry Potter - J. K. Rowling,same,0,0,0,0,0,0,25822,655,199,65,2.5365967004879564,0.7706606769421424,30.38167938931298
2026-09-08T11:47:02,cohort,89005826,,Harry Potter - J. K. Rowling,same,0,0,0,0,0,0,778,44,20,12,5.655526992287918,2.570694087403599,45.45454545454545
2026-09-08T11:47:02,cohort,89977236,,Harry Potter - J. K. Rowling,same,0,0,0,0,0,0,174,1,2,7,0.5747126436781609,1.1494252873563218,200.0
2026-09-08T11:47:02,cohort,87099391,,Harry Potter - J. K. Rowling,same,0,0,0,0,0,0,320,9,10,10,2.8125,3.125,111.11111111111111
2026-09-08T11:47:02,cohort,91779901,,Harry Potter - J. K. Rowling,same,0,0,0,0,0,0,111,9,6,7,8.108108108108109,5.405405405405405,66.66666666666666
2026-09-08T11:47:02,cohort,92134881,,Harry Potter - J. K. Rowling,same,0,0,0,0,0,0,299,60,6,1,20.066889632107024,2.0066889632107023,10.0
2026-09-08T11:47:02,cohort,82358601,,Harry Potter - J. K. Rowling,same,0,0,0,0,0,0,1097,28,3,11,2.552415679124886,0.27347310847766637,10.714285714285714
2026-09-08T11:47:02,cohort,85896331,,Harry Potter - J. K. Rowling,same,0,0,0,0,0,0,1915,40,55,15,2.088772845953003,2.8720626631853787,137.5
2026-09-08T11:47:02,cohort,58675177,,Harry Potter - J. K. Rowling,same,0,0,0,0,0,0,5874,148,119,12,2.519577800476677,2.0258767449778685,80.4054054054054
2026-09-08T11:47:02,cohort,92134411,,Harry Potter - J. K. Rowling,same,0,0,0,0,0,0,147,8,2,1,5.442176870748299,1.3605442176870748,25.0
2026-09-08T11:47:02,cohort,92134081,,Harry Potter - J. K. Rowling,same,0,0,0,0,0,0,438,91,9,1,20.776255707762555,2.054794520547945,9.89010989010989
2026-09-08T11:47:02,cohort,91997021,,Harry Potter - J. K. Rowling,same,0,0,0,0,0,0,419,9,6,2,2.1479713603818613,1.431980906921241,66.66666666666666
2026-09-08T11:47:02,cohort,91939111,,Harry Potter - J. K. Rowling,same,0,0,0,0,0,0,1103,43,14,7,3.8984587488667275,1.2692656391659112,32.55813953488372
2026-09-08T11:47:02,cohort,92133276,,Harry Potter - J. K. Rowling,same,0,0,0,0,0,0,53,0,2,1,0.0,3.7735849056603774,0.0
2026-09-08T11:47:02,cohort,87585491,,Harry Potter - J. K. Rowling,same,0,0,0,0,0,0,372,25,22,7,6.720430107526881,5.913978494623656,88.0
2026-09-08T11:47:02,cohort,89242371,,Harry Potter - J. K. Rowling,same,0,0,0,0,0,0,1308,68,18,11,5.198776758409786,1.3761467889908259,26.47058823529412
2026-09-08T11:47:02,cohort,89741776,,Harry Potter - J. K. Rowling,same,0,0,0,0,0,0,5896,208,163,12,3.5278154681139755,2.764586160108548,78.36538461538461
2026-09-08T11:47:02,cohort,87167961,,Harry Potter - J. K. Rowling,same,0,0,0,0,0,0,784,18,16,14,2.295918367346939,2.0408163265306123,88.88888888888889
2026-09-08T11:47:02,cohort,87713701,,Harry Potter - J. K. Rowling,same,0,0,0,0,0,0,992,98,10,2,9.879032258064516,1.0080645161290323,10.204081632653061
2026-09-08T11:47:02,cohort,90065771,,Harry Potter - J. K. Rowling,same,0,0,0,0,0,0,1143,72,62,5,6.299212598425196,5.42432195975503,86.11111111111111
2026-09-08T11:47:02,cohort,61779376,,Harry Potter - J. K. Rowling,same,0,0,0,0,0,0,1527,21,26,48,1.37524557956778,1.7026850032743943,123.80952380952381
2026-09-08T11:47:02,cohort,81789436,,Harry Potter - J. K. Rowling,same,0,0,0,0,0,0,3219,75,123,63,2.3299161230195713,3.8210624417520966,164.0
2026-09-08T11:47:02,cohort,92128556,,Harry Potter - J. K. Rowling,same,0,0,0,0,0,0,57,0,0,26,0.0,0.0,0.0
2026-09-08T11:47:02,cohort,65792452,,Harry Potter - J. K. Rowling,same,0,0,0,0,0,0,294471,6563,4865,48,2.228742388893983,1.6521151488601595,74.12768550967546
2026-09-08T11:47:02,cohort,91610776,,Harry Potter - J. K. Rowling,same,0,0,0,0,0,0,473,28,7,5,5.9196617336152215,1.4799154334038054,25.0
2026-09-08T11:47:02,cohort,91681211,,Harry Potter - J. K. Rowling,same,0,0,0,0,0,0,258,13,3,2,5.038759689922481,1.1627906976744187,23.076923076923077
2026-09-08T11:47:02,cohort,92129036,,Harry Potter - J. K. Rowling,same,0,0,0,0,0,0,150,12,3,1,8.0,2.0,25.0
2026-09-08T11:47:02,cohort,86486931,,Harry Potter - J. K. Rowling,same,0,0,0,0,0,0,89,7,0,4,7.865168539325842,0.0,0.0
2026-09-08T11:47:02,cohort,89761951,,Harry Potter - J. K. Rowling,same,0,0,0,0,0,0,322,6,12,16,1.8633540372670807,3.7267080745341614,200.0
2026-09-08T11:47:02,cohort,91561861,,Harry Potter - J. K. Rowling,same,0,0,0,0,0,0,253,12,4,4,4.743083003952568,1.5810276679841897,33.33333333333333
2026-09-08T11:47:02,cohort,92128646,,Harry Potter - J. K. Rowling,same,0,0,0,0,0,0,130,18,2,1,13.846153846153847,1.5384615384615385,11.11111111111111
2026-09-08T11:47:02,cohort,49776742,,Harry Potter - J. K. Rowling,same,0,0,0,0,0,0,35107,420,79,95,1.1963426097359502,0.22502634802176205,18.80952380952381
2026-09-08T11:47:02,cohort,91815051,,Harry Potter - J. K. Rowling,same,0,0,0,0,0,0,171,11,7,2,6.432748538011696,4.093567251461988,63.63636363636363
2026-09-08T11:47:02,cohort,90346381,,Harry Potter - J. K. Rowling,same,0,0,0,0,0,0,220,10,0,9,4.545454545454546,0.0,0.0
2026-09-08T11:47:02,cohort,83492366,,Harry Potter - J. K. Rowling,same,0,0,0,0,0,0,5407,214,82,9,3.957832439430368,1.5165526169779915,38.31775700934579
2026-09-08T11:47:02,cohort,89426731,,Harry Potter - J. K. Rowling,same,0,0,0,0,0,0,59,1,3,8,1.694915254237288,5.084745762711865,300.0
2026-09-08T11:47:02,cohort,69122431,,Harry Potter - J. K. Rowling,same,0,0,0,0,0,0,15584,661,509,39,4.241529774127311,3.2661704312114987,77.00453857791226
2026-09-08T11:47:02,cohort,88291701,,Harry Potter - J. K. Rowling,same,0,0,0,0,0,0,727,32,139,16,4.401650618982118,19.119669876203577,434.375
2026-09-08T11:47:02,cohort,87051886,,Harry Potter - J. K. Rowling,same,0,0,0,0,0,0,11848,367,607,18,3.0975692099932477,5.12322754895341,165.39509536784743
2026-09-08T11:47:02,cohort,92126821,,Harry Potter - J. K. Rowling,same,0,0,0,0,0,0,153,5,1,1,3.2679738562091507,0.6535947712418301,20.0
2026-09-08T11:47:02,cohort,59644066,,Harry Potter - J. K. Rowling,same,0,0,0,0,0,0,62393,1912,932,44,3.064446332120591,1.4937573125190327,48.74476987447699
2026-09-08T11:47:02,cohort,59997058,,Harry Potter - J. K. Rowling,same,0,0,0,0,0,0,345,10,8,8,2.898550724637681,2.318840579710145,80.0
2026-09-08T11:47:02,cohort,90566631,,Harry Potter - J. K. Rowling,same,0,0,0,0,0,0,118,7,1,1,5.932203389830509,0.847457627118644,14.285714285714285
2026-09-08T11:47:02,cohort,90540186,,Harry Potter - J. K. Rowling,same,0,0,0,0,0,0,160,24,12,6,15.0,7.5,50.0
2026-09-08T11:47:02,cohort,92120076,,Harry Potter - J. K. Rowling,same,0,0,0,0,0,0,60,3,2,1,5.0,3.3333333333333335,66.66666666666666
2026-09-08T11:47:02,cohort,86308686,,Harry Potter - J. K. Rowling,same,0,0,0,0,0,0,11105,268,158,34,2.4133273300315174,1.4227825303917154,58.95522388059702
2026-09-08T11:47:02,cohort,65551297,,Harry Potter - J. K. Rowling,same,0,0,0,0,0,0,7196,213,80,8,2.959977765425236,1.1117287381878822,37.558685446009385
2026-09-08T11:47:02,cohort,91734831,,Harry Potter - J. K. Rowling,same,0,0,0,0,0,0,350,36,5,1,10.285714285714285,1.4285714285714286,13.88888888888889
2026-09-08T11:47:02,cohort,57603106,,Harry Potter - J. K. Rowling,same,0,0,0,0,0,0,4223,76,1,5,1.7996684821217146,0.023679848448969927,1.3157894736842104
2026-09-08T11:47:02,cohort,91592666,,Harry Potter - J. K. Rowling,same,0,0,0,0,0,0,539,30,21,2,5.565862708719852,3.896103896103896,70.0
2026-09-08T11:47:02,cohort,82020911,,Harry Potter - J. K. Rowling,same,0,0,0,0,0,0,93233,1621,1581,112,1.7386547681614877,1.6957515042956894,97.53238741517582
2026-09-08T11:47:02,cohort,92125691,,Harry Potter - J. K. Rowling,same,0,0,0,0,0,0,122,8,1,1,6.557377049180328,0.819672131147541,12.5
2026-09-08T11:47:02,cohort,75171206,,Harry Potter - J. K. Rowling,same,0,0,0,0,0,0,30530,584,522,31,1.9128725843432688,1.7097936455944973,89.38356164383562
2026-09-08T11:47:02,cohort,62749420,,Harry Potter - J. K. Rowling,same,0,0,0,0,0,0,5495,139,69,43,2.529572338489536,1.2556869881710646,49.64028776978417
2026-09-08T11:47:02,cohort,92124941,,Harry Potter - J. K. Rowling,same,0,0,0,0,0,0,359,26,5,1,7.242339832869081,1.392757660167131,19.230769230769234
2026-09-08T11:47:02,cohort,91997866,,Harry Potter - J. K. Rowling,same,0,0,0,0,0,0,65,9,1,1,13.846153846153847,1.5384615384615385,11.11111111111111
2026-09-08T11:47:02,cohort,62892271,,Harry Potter - J. K. Rowling,same,0,0,0,0,0,0,28961,315,97,21,1.0876696246676565,0.3349331860087704,30.793650793650794
2026-09-08T11:47:02,cohort,5769919,,Harry Potter - J. K. Rowling,same,0,0,0,0,0,0,6531,230,117,10,3.521665901087123,1.7914561322921452,50.8695652173913
2026-09-08T11:47:02,cohort,87968641,,Harry Potter - J. K. Rowling,same,0,0,0,0,0,0,4448,246,91,17,5.530575539568345,2.045863309352518,36.99186991869919
2026-09-08T11:47:02,cohort,92124501,,Harry Potter - J. K. Rowling,same,0,0,0,0,0,0,543,52,7,1,9.576427255985267,1.289134438305709,13.461538461538462
2026-09-08T11:47:02,cohort,82480721,,Harry Potter - J. K. Rowling,same,0,0,0,0,0,0,4286,60,59,39,1.3999066728884741,1.3765748950069996,98.33333333333333
2026-09-08T11:47:02,cohort,84099806,,Harry Potter - J. K. Rowling,same,0,0,0,0,0,0,912,34,5,22,3.7280701754385963,0.5482456140350876,14.705882352941178
2026-09-08T11:47:02,cohort,92108956,,Harry Potter - J. K. Rowling,same,0,0,0,0,0,0,128,4,1,8,3.125,0.78125,25.0
2026-09-08T11:47:02,cohort,89340121,,Harry Potter - J. K. Rowling,same,0,0,0,0,0,0,157,2,0,77,1.2738853503184715,0.0,0.0
2026-09-08T11:47:02,cohort,90848706,,Harry Potter - J. K. Rowling,same,0,0,0,0,0,0,63,22,0,19,34.92063492063492,0.0,0.0
2026-09-08T11:47:02,cohort,85803146,,Harry Potter - J. K. Rowling,same,0,0,0,0,0,0,3451,156,113,20,4.520428861199653,3.2744132135612865,72.43589743589743
2026-09-08T11:47:02,cohort,92013371,,Harry Potter - J. K. Rowling,same,0,0,0,0,0,0,108,6,8,1,5.555555555555555,7.4074074074074066,133.33333333333331
2026-09-08T11:47:02,cohort,91578516,,Harry Potter - J. K. Rowling,same,0,0,0,0,0,0,227,7,3,7,3.0837004405286343,1.3215859030837005,42.857142857142854
2026-09-08T11:47:02,cohort,90434456,,Harry Potter - J. K. Rowling,same,0,0,0,0,0,0,96,13,2,1,13.541666666666666,2.083333333333333,15.384615384615385
2026-09-08T11:47:02,cohort,92122211,,Harry Potter - J. K. Rowling,same,0,0,0,0,0,0,85,0,0,1,0.0,0.0,0.0
2026-09-08T11:47:02,cohort,90709306,,Harry Potter - J. K. Rowling,same,0,0,0,0,0,0,200,5,2,27,2.5,1.0,40.0
2026-09-08T11:47:02,cohort,75829126,,Harry Potter - J. K. Rowling,same,0,0,0,0,0,0,27349,185,10,4,0.6764415517934842,0.036564408205053196,5.405405405405405
2026-09-08T11:47:02,cohort,91420651,,Harry Potter - J. K. Rowling,same,0,0,0,0,0,0,210,19,5,2,9.047619047619047,2.380952380952381,26.31578947368421
2026-09-08T11:47:02,cohort,91073886,,Harry Potter - J. K. Rowling,same,0,0,0,0,0,0,733,28,18,8,3.819918144611187,2.455661664392906,64.28571428571429
2026-09-08T11:47:02,cohort,83360296,,Harry Potter - J. K. Rowling,same,0,0,0,0,0,0,3929,147,31,9,3.7414100279969458,0.7890048358360905,21.08843537414966
2026-09-08T11:47:02,cohort,85235366,,Harry Potter - J. K. Rowling,same,0,0,0,0,0,0,6405,130,75,9,2.029664324746292,1.1709601873536302,57.692307692307686
2026-09-08T11:47:02,cohort,57441163,,Harry Potter - J. K. Rowling,same,0,0,0,0,0,0,5228,68,32,31,1.300688599846978,0.612088752869166,47.05882352941176
2026-09-08T11:47:02,cohort,57195772,,Harry Potter - J. K. Rowling,same,0,0,0,0,0,0,7416,208,120,15,2.8047464940668827,1.6181229773462782,57.692307692307686
2026-09-08T11:47:02,cohort,91757541,,Harry Potter - J. K. Rowling,same,0,0,0,0,0,0,66,3,0,2,4.545454545454546,0.0,0.0
2026-09-08T11:47:02,cohort,62152891,,Harry Potter - J. K. Rowling,same,0,0,0,0,0,0,4056,124,71,33,3.057199211045365,1.7504930966469427,57.25806451612904
2026-09-08T11:47:02,cohort,77490291,,Harry Potter - J. K. Rowling,same,0,0,0,0,0,0,1216,47,15,10,3.8651315789473686,1.2335526315789473,31.914893617021278
2026-09-08T11:47:02,cohort,92110841,,Harry Potter - J. K. Rowling,same,0,0,0,0,0,0,312,29,6,1,9.294871794871796,1.9230769230769231,20.689655172413794
2026-09-08T11:47:02,cohort,91860636,,Harry Potter - J. K. Rowling,same,0,0,0,0,0,0,130,9,2,2,6.923076923076923,1.5384615384615385,22.22222222222222
2026-09-08T11:47:02,cohort,90650011,,Harry Potter - J. K. Rowling,same,0,0,0,0,0,0,6590,505,57,5,7.663125948406677,0.8649468892261002,11.287128712871288
2026-09-08T11:47:02,cohort,89698756,,Harry Potter - J. K. Rowling,same,0,0,0,0,0,0,287,15,19,7,5.2264808362369335,6.620209059233449,126.66666666666666
2026-09-08T11:47:02,cohort,92046821,,Harry Potter - J. K. Rowling,same,0,0,0,0,0,0,261,13,4,2,4.980842911877394,1.532567049808429,30.76923076923077
2026-09-08T11:47:02,cohort,90529846,,Harry Potter - J. K. Rowling,same,0,0,0,0,0,0,52,1,0,6,1.9230769230769231,0.0,0.0
2026-09-08T11:47:02,cohort,91140421,,Harry Potter - J. K. Rowling,same,0,0,0,0,0,0,16660,154,12,7,0.9243697478991597,0.07202881152460984,7.792207792207792
2026-09-08T11:47:02,cohort,90085476,,Harry Potter - J. K. Rowling,same,0,0,0,0,0,0,292,32,17,1,10.95890410958904,5.821917808219178,53.125
2026-09-08T11:47:02,cohort,81879376,,Harry Potter - J. K. Rowling,same,0,0,0,0,0,0,353,7,4,12,1.9830028328611897,1.13314447592068,57.14285714285714
2026-09-08T11:47:02,cohort,92053761,,Harry Potter - J. K. Rowling,same,0,0,0,0,0,0,3549,26,3,2,0.7326007326007326,0.08453085376162299,11.538461538461538
2026-09-08T11:47:02,cohort,87303346,,Harry Potter - J. K. Rowling,same,0,0,0,0,0,0,10894,186,196,61,1.7073618505599413,1.799155498439508,105.3763440860215
2026-09-08T11:47:02,cohort,61778521,,Harry Potter - J. K. Rowling,same,0,0,0,0,0,0,20416,105,0,6,0.5143025078369906,0.0,0.0
2026-09-08T11:47:02,cohort,22488859,,Harry Potter - J. K. Rowling,same,0,0,0,0,0,0,1611350,4420,619,69,0.2743041549011698,0.03841499363887423,14.004524886877828
2026-09-08T11:47:02,cohort,92120916,,Harry Potter - J. K. Rowling,same,0,0,0,0,0,0,107,9,0,1,8.411214953271028,0.0,0.0
2026-09-08T11:47:02,cohort,85230181,,Harry Potter - J. K. Rowling,same,0,0,0,0,0,0,6174,113,119,18,1.830255911888565,1.9274376417233559,105.30973451327435
2026-09-08T11:47:02,cohort,92119046,,Harry Potter - J. K. Rowling,same,0,0,0,0,0,0,1044,6,1,1,0.5747126436781609,0.09578544061302681,16.666666666666664
2026-09-08T11:47:02,cohort,89633791,,Harry Potter - J. K. Rowling,same,0,0,0,0,0,0,315,10,2,14,3.1746031746031744,0.6349206349206349,20.0
2026-09-08T11:47:02,cohort,48837481,,Harry Potter - J. K. Rowling,same,0,0,0,0,0,0,28978,1208,678,16,4.1686796880392025,2.339705983849817,56.12582781456954
2026-09-08T11:47:02,cohort,85161441,,Harry Potter - J. K. Rowling,same,0,0,0,0,0,0,2294,62,27,45,2.7027027027027026,1.176983435047951,43.54838709677419
2026-09-08T11:47:02,cohort,91349536,,Harry Potter - J. K. Rowling,same,0,0,0,0,0,0,9393,82,1,3,0.8729905248589375,0.010646225912913872,1.2195121951219512
2026-09-08T11:47:02,cohort,91248026,,Harry Potter - J. K. Rowling,same,0,0,0,0,0,0,1942,106,12,3,5.458290422245108,0.6179196704428425,11.320754716981133
2026-09-08T11:47:02,cohort,72698191,,Harry Potter - J. K. Rowling,same,0,0,0,0,0,0,661,37,2,3,5.597579425113464,0.30257186081694404,5.405405405405405
2026-09-08T11:47:02,cohort,59146732,,Harry Potter - J. K. Rowling,same,0,0,0,0,0,0,31988,158,0,9,0.4939352257096411,0.0,0.0
2026-09-08T11:47:02,cohort,90272966,,Harry Potter - J. K. Rowling,same,0,0,0,0,0,0,125,4,8,5,3.2,6.4,200.0
2026-09-08T11:47:02,cohort,92120476,,Harry Potter - J. K. Rowling,same,0,0,0,0,0,0,1045,242,50,1,23.157894736842106,4.784688995215311,20.66115702479339
2026-09-08T11:47:02,cohort,87033226,,Harry Potter - J. K. Rowling,same,0,0,0,0,0,0,957,21,20,35,2.19435736677116,2.089864158829676,95.23809523809523
2026-09-08T11:47:02,cohort,92007811,,Harry Potter - J. K. Rowling,same,0,0,0,0,0,0,737,48,10,4,6.512890094979647,1.3568521031207599,20.833333333333336
2026-09-08T11:47:02,cohort,87319806,,Harry Potter - J. K. Rowling,same,0,0,0,0,0,0,9982,289,171,69,2.8952113804848727,1.7130835503907031,59.16955017301038
2026-09-08T11:47:02,cohort,50678539,,Harry Potter - J. K. Rowling,same,0,0,0,0,0,0,837,31,12,10,3.7037037037037033,1.4336917562724014,38.70967741935484
2026-09-08T11:47:02,cohort,91209136,,Harry Potter - J. K. Rowling,same,0,0,0,0,0,0,11975,625,210,16,5.219206680584551,1.753653444676409,33.6
2026-09-08T11:47:02,cohort,90330321,,Harry Potter - J. K. Rowling,same,0,0,0,0,0,0,3641,221,40,5,6.069761054655314,1.098599285910464,18.099547511312217
2026-09-08T11:47:02,cohort,84569931,,Harry Potter - J. K. Rowling,same,0,0,0,0,0,0,256,4,2,7,1.5625,0.78125,50.0
2026-09-08T11:47:02,cohort,62953915,,Harry Potter - J. K. Rowling,same,0,0,0,0,0,0,15011,330,473,67,2.198387848910799,3.1510225834388117,143.33333333333334
2026-09-08T11:47:02,cohort,92119506,,Harry Potter - J. K. Rowling,same,0,0,0,0,0,0,58,12,2,1,20.689655172413794,3.4482758620689653,16.666666666666664
2026-09-08T11:47:02,cohort,89291086,,Harry Potter - J. K. Rowling,same,0,0,0,0,0,0,1476,53,10,11,3.590785907859079,0.6775067750677507,18.867924528301888
2026-09-08T11:47:02,cohort,91721276,,Harry Potter - J. K. Rowling,same,0,0,0,0,0,0,763,41,2,5,5.373525557011796,0.2621231979030144,4.878048780487805
2026-09-08T11:47:02,cohort,83299106,,Harry Potter - J. K. Rowling,same,0,0,0,0,0,0,13158,859,321,7,6.528347773217814,2.439580483356133,37.36903376018626
2026-09-08T11:47:02,cohort,91556441,,Harry Potter - J. K. Rowling,same,0,0,0,0,0,0,324,44,16,1,13.580246913580247,4.938271604938271,36.36363636363637
2026-09-08T11:47:02,cohort,45624094,,Harry Potter - J. K. Rowling,same,0,0,0,0,0,0,53613,796,1013,16,1.484714528192789,1.8894671068584112,127.26130653266333
2026-09-08T11:47:02,cohort,91562316,,Harry Potter - J. K. Rowling,same,0,0,0,0,0,0,551,75,26,1,13.611615245009073,4.71869328493648,34.66666666666667
2026-09-08T11:47:02,cohort,92118936,,Harry Potter - J. K. Rowling,same,0,0,0,0,0,0,91,1,0,1,1.098901098901099,0.0,0.0
2026-09-08T11:47:02,cohort,92117496,,Harry Potter - J. K. Rowling,same,0,0,0,0,0,0,332,27,0,1,8.132530120481928,0.0,0.0
2026-09-08T11:47:02,cohort,77690811,,Harry Potter - J. K. Rowling,same,0,0,0,0,0,0,53,4,5,2,7.547169811320755,9.433962264150944,125.0
2026-09-08T11:47:02,cohort,91829076,,Harry Potter - J. K. Rowling,same,0,0,0,0,0,0,101,2,2,26,1.9801980198019802,1.9801980198019802,100.0
2026-09-08T11:47:02,cohort,85628916,,Harry Potter - J. K. Rowling,same,0,0,0,0,0,0,1939,57,38,19,2.939659618359979,1.9597730789066528,66.66666666666666
2026-09-08T11:47:02,cohort,86577851,,Harry Potter - J. K. Rowling,same,0,0,0,0,0,0,4096,79,74,33,1.9287109375,1.806640625,93.67088607594937
2026-09-08T11:47:02,cohort,86260796,,Harry Potter - J. K. Rowling,same,0,0,0,0,0,0,231,8,10,29,3.463203463203463,4.329004329004329,125.0
2026-09-08T11:47:02,cohort,91597231,,Harry Potter - J. K. Rowling,same,0,0,0,0,0,0,461,36,12,8,7.809110629067245,2.6030368763557483,33.33333333333333
2026-09-08T11:47:02,cohort,73289641,,Harry Potter - J. K. Rowling,same,0,0,0,0,0,0,1687,58,3,4,3.438055720213397,0.17783046828689983,5.172413793103448
2026-09-08T11:47:02,cohort,38719503,,Harry Potter - J. K. Rowling,same,0,0,0,0,0,0,53331,1808,639,34,3.390148318988956,1.1981774202621365,35.3429203539823
2026-09-08T11:47:02,cohort,91554391,,Harry Potter - J. K. Rowling,same,0,0,0,0,0,0,1000,53,36,8,5.3,3.5999999999999996,67.9245283018868
2026-09-08T11:47:02,cohort,90998111,,Harry Potter - J. K. Rowling,same,0,0,0,0,0,0,90,1,0,3,1.1111111111111112,0.0,0.0
2026-09-08T11:47:02,cohort,92118496,,Harry Potter - J. K. Rowling,same,0,0,0,0,0,0,77,11,7,1,14.285714285714285,9.090909090909092,63.63636363636363
2026-09-08T11:47:02,cohort,92115196,,Harry Potter - J. K. Rowling,same,0,0,0,0,0,0,377,28,4,1,7.427055702917771,1.0610079575596816,14.285714285714285
2026-09-08T11:47:02,cohort,92117706,,Harry Potter - J. K. Rowling,same,0,0,0,0,0,0,115,17,2,1,14.782608695652174,1.7391304347826086,11.76470588235294
2026-09-08T11:47:02,cohort,91638696,,Harry Potter - J. K. Rowling,same,0,0,0,0,0,0,138,9,4,2,6.521739130434782,2.898550724637681,44.44444444444444
2026-09-08T11:47:02,cohort,91855366,,Harry Potter - J. K. Rowling,same,0,0,0,0,0,0,134,24,24,1,17.91044776119403,17.91044776119403,100.0
2026-09-08T11:47:02,cohort,90850056,,Harry Potter - J. K. Rowling,same,0,0,0,0,0,0,77,25,2,5,32.467532467532465,2.5974025974025974,8.0
2026-09-08T11:47:02,cohort,91338296,,Harry Potter - J. K. Rowling,same,0,0,0,0,0,0,388,3,5,20,0.7731958762886598,1.2886597938144329,166.66666666666669
2026-09-08T11:47:02,cohort,88948131,,Harry Potter - J. K. Rowling,same,0,0,0,0,0,0,2192,56,177,25,2.5547445255474455,8.074817518248176,316.07142857142856
2026-09-08T11:47:02,cohort,77387656,,Harry Potter - J. K. Rowling,same,0,0,0,0,0,0,5285,410,105,4,7.757805108798486,1.9867549668874174,25.609756097560975
2026-09-08T11:47:02,cohort,68583526,,Harry Potter - J. K. Rowling,same,0,0,0,0,0,0,19043,829,1137,44,4.353305676626582,5.970697894239353,137.15319662243667
2026-09-08T11:47:02,cohort,92117791,,Harry Potter - J. K. Rowling,same,0,0,0,0,0,0,66,2,0,1,3.0303030303030303,0.0,0.0
2026-09-08T11:47:02,cohort,91854696,,Harry Potter - J. K. Rowling,same,0,0,0,0,0,0,114,1,1,23,0.8771929824561403,0.8771929824561403,100.0
2026-09-08T11:47:02,cohort,91204401,,Harry Potter - J. K. Rowling,same,0,0,0,0,0,0,346,31,28,3,8.959537572254336,8.092485549132949,90.32258064516128
2026-09-08T11:47:02,cohort,91700046,,Harry Potter - J. K. Rowling,same,0,0,0,0,0,0,718,45,4,2,6.267409470752089,0.5571030640668524,8.88888888888889
2026-09-08T11:47:02,cohort,88006291,,Harry Potter - J. K. Rowling,same,0,0,0,0,0,0,612,31,33,13,5.065359477124183,5.392156862745098,106.4516129032258
2026-09-08T11:47:02,cohort,91699366,,Harry Potter - J. K. Rowling,same,0,0,0,0,0,0,62,4,3,2,6.451612903225806,4.838709677419355,75.0
2026-09-08T11:47:02,cohort,69928876,,Harry Potter - J. K. Rowling,same,0,0,0,0,0,0,9590,366,169,18,3.816475495307612,1.7622523461939519,46.17486338797814
2026-09-08T11:47:02,cohort,91866736,,Harry Potter - J. K. Rowling,same,0,0,0,0,0,0,296,5,0,10,1.6891891891891893,0.0,0.0
2026-09-08T11:47:02,cohort,91251416,,Harry Potter - J. K. Rowling,same,0,0,0,0,0,0,74,5,0,8,6.756756756756757,0.0,0.0
2026-09-08T11:47:02,cohort,64861858,,Harry Potter - J. K. Rowling,same,0,0,0,0,0,0,837,10,2,35,1.1947431302270013,0.23894862604540024,20.0
2026-09-08T11:47:02,cohort,91796046,,Harry Potter - J. K. Rowling,same,0,0,0,0,0,0,106,27,11,1,25.471698113207548,10.377358490566039,40.74074074074074
2026-09-08T11:47:02,cohort,91192886,,Harry Potter - J. K. Rowling,same,0,0,0,0,0,0,314,23,18,3,7.32484076433121,5.7324840764331215,78.26086956521739
2026-09-08T11:47:02,cohort,41895954,,Harry Potter - J. K. Rowling,same,0,0,0,0,0,0,17080,464,148,12,2.716627634660422,0.8665105386416861,31.896551724137932
2026-09-08T11:47:02,cohort,90268621,,Harry Potter - J. K. Rowling,same,0,0,0,0,0,0,2131,203,39,4,9.52604411074613,1.8301267010793054,19.21182266009852
2026-09-08T11:47:02,cohort,86078911,,Harry Potter - J. K. Rowling,same,0,0,0,0,0,0,642,22,5,16,3.4267912772585665,0.778816199376947,22.727272727272727
2026-09-08T11:47:02,cohort,92102536,,Harry Potter - J. K. Rowling,same,0,0,0,0,0,0,175,27,4,1,15.428571428571427,2.2857142857142856,14.814814814814813
2026-09-08T11:47:02,cohort,84959011,,Harry Potter - J. K. Rowling,same,0,0,0,0,0,0,526,8,51,30,1.520912547528517,9.695817490494296,637.5
2026-09-08T11:47:02,cohort,91963721,,Harry Potter - J. K. Rowling,same,0,0,0,0,0,0,80,1,9,13,1.25,11.25,900.0
2026-09-08T11:47:02,cohort,49617418,,Harry Potter - J. K. Rowling,same,0,0,0,0,0,0,157369,2426,1276,32,1.5415996797336196,0.8108331374031734,52.59686727122836
2026-09-08T11:47:02,cohort,77895181,,Harry Potter - J. K. Rowling,same,0,0,0,0,0,0,6848,394,123,12,5.753504672897196,1.7961448598130842,31.218274111675125
2026-09-08T11:47:02,cohort,81768126,,Harry Potter - J. K. Rowling,same,0,0,0,0,0,0,4274,156,42,5,3.6499766027140854,0.9826860084230229,26.923076923076923
2026-09-08T11:47:02,cohort,88309921,,Harry Potter - J. K. Rowling,same,0,0,0,0,0,0,1869,139,13,9,7.43713215623328,0.6955591225254146,9.352517985611511
2026-09-08T11:47:02,cohort,89449631,,Harry Potter - J. K. Rowling,same,0,0,0,0,0,0,3576,160,189,7,4.47427293064877,5.285234899328859,118.12499999999999
2026-09-08T11:47:02,cohort,90131431,,Harry Potter - J. K. Rowling,same,0,0,0,0,0,0,852,30,55,11,3.5211267605633805,6.455399061032864,183.33333333333331
2026-09-08T11:47:02,cohort,88804981,,Harry Potter - J. K. Rowling,same,0,0,0,0,0,0,109,36,14,18,33.02752293577982,12.844036697247708,38.88888888888889
2026-09-08T11:47:02,cohort,71274681,,Harry Potter - J. K. Rowling,same,0,0,0,0,0,0,12952,413,131,38,3.188696726374305,1.0114268066707846,31.719128329297817
2026-09-08T11:47:02,cohort,92116031,,Harry Potter - J. K. Rowling,same,0,0,0,0,0,0,114,12,2,1,10.526315789473683,1.7543859649122806,16.666666666666664
2026-09-08T11:47:02,cohort,84557621,,Harry Potter - J. K. Rowling,same,0,0,0,0,0,0,124,1,2,9,0.8064516129032258,1.6129032258064515,200.0
2026-09-08T11:47:02,cohort,82297761,,Harry Potter - J. K. Rowling,same,0,0,0,0,0,0,11473,397,120,11,3.4602980911705745,1.045933931839972,30.22670025188917
2026-09-08T11:47:02,cohort,90433506,,Harry Potter - J. K. Rowling,same,0,0,0,0,0,0,209,10,4,4,4.784688995215311,1.9138755980861244,40.0
2026-09-08T11:47:02,cohort,67823861,,Harry Potter - J. K. Rowling,same,0,0,0,0,0,0,52953,938,345,44,1.771382169093347,0.6515211602742054,36.78038379530917
2026-09-08T11:47:02,cohort,61182184,,Harry Potter - J. K. Rowling,same,0,0,0,0,0,0,8425,206,235,47,2.4451038575667656,2.7893175074183976,114.07766990291262
2026-09-08T11:47:02,cohort,92025556,,Harry Potter - J. K. Rowling,same,0,0,0,0,0,0,385,12,7,2,3.116883116883117,1.8181818181818181,58.333333333333336
2026-09-08T11:47:02,cohort,86224601,,Harry Potter - J. K. Rowling,same,0,0,0,0,0,0,682,51,4,2,7.47800586510264,0.5865102639296188,7.8431372549019605
2026-09-08T11:47:02,cohort,90986371,,Harry Potter - J. K. Rowling,same,0,0,0,0,0,0,5849,109,216,49,1.8635664216105317,3.6929389639254575,198.1651376146789
2026-09-08T11:47:02,cohort,87744666,,Harry Potter - J. K. Rowling,same,0,0,0,0,0,0,161,1,3,14,0.6211180124223602,1.8633540372670807,300.0
2026-09-08T11:47:02,cohort,50029405,,Harry Potter - J. K. Rowling,same,0,0,0,0,0,0,1059,78,26,5,7.365439093484419,2.4551463644948064,33.33333333333333
2026-09-08T11:47:02,cohort,65884768,,Harry Potter - J. K. Rowling,same,0,0,0,0,0,0,30067,904,823,27,3.006618551900755,2.7372202082016828,91.03982300884957
2026-09-08T11:47:02,cohort,88122861,,Harry Potter - J. K. Rowling,same,0,0,0,0,0,0,538,12,4,15,2.2304832713754648,0.7434944237918215,33.33333333333333
2026-09-08T11:47:02,cohort,91204921,,Harry Potter - J. K. Rowling,same,0,0,0,0,0,0,904,107,51,2,11.836283185840708,5.641592920353982,47.66355140186916
2026-09-08T11:47:02,cohort,90907051,,Harry Potter - J. K. Rowling,same,0,0,0,0,0,0,201,15,12,5,7.462686567164178,5.970149253731343,80.0
2026-09-08T11:47:02,cohort,88190456,,Harry Potter - J. K. Rowling,same,0,0,0,0,0,0,440,14,5,7,3.1818181818181817,1.1363636363636365,35.714285714285715
2026-09-08T11:47:02,cohort,89697801,,Harry Potter - J. K. Rowling,same,0,0,0,0,0,0,4104,174,51,21,4.239766081871345,1.2426900584795322,29.310344827586203
2026-09-08T11:47:02,cohort,87506361,,Harry Potter - J. K. Rowling,same,0,0,0,0,0,0,101,0,0,14,0.0,0.0,0.0
2026-09-08T11:47:02,cohort,47309350,,Harry Potter - J. K. Rowling,same,0,0,0,0,0,0,4495,83,42,31,1.846496106785317,0.9343715239154617,50.602409638554214
2026-09-08T11:47:02,cohort,69762876,,Harry Potter - J. K. Rowling,same,0,0,0,0,0,0,5335,95,32,47,1.7806935332708531,0.5998125585754452,33.68421052631579
2026-09-08T11:47:02,cohort,89914721,,Harry Potter - J. K. Rowling,same,0,0,0,0,0,0,619,46,14,8,7.431340872374798,2.2617124394184165,30.434782608695656
2026-09-08T11:47:02,cohort,67377041,,Harry Potter - J. K. Rowling,same,0,0,0,0,0,0,4577,70,23,43,1.529386060738475,0.5025125628140703,32.857142857142854
2026-09-08T11:47:02,cohort,81398271,,Harry Potter - J. K. Rowling,same,0,0,0,0,0,0,955,46,19,10,4.81675392670157,1.9895287958115182,41.30434782608695
2026-09-08T11:47:02,cohort,58723171,,Harry Potter - J. K. Rowling,same,0,0,0,0,0,0,291953,2078,215,25,0.7117583994684076,0.07364199032035978,10.346487006737247
2026-09-08T11:47:02,cohort,87116706,,Harry Potter - J. K. Rowling,same,0,0,0,0,0,0,1336,45,43,36,3.3682634730538923,3.218562874251497,95.55555555555556
2026-09-08T11:47:02,cohort,59070091,,Harry Potter - J. K. Rowling,same,0,0,0,0,0,0,585969,4672,2117,158,0.7973118031841275,0.3612819108178078,45.3125
2026-09-08T11:47:02,cohort,69212036,,Harry Potter - J. K. Rowling,same,0,0,0,0,0,0,25836,669,1064,20,2.5894101254064097,4.1182845641740204,159.04334828101645
2026-09-08T11:47:02,cohort,91805836,,Harry Potter - J. K. Rowling,same,0,0,0,0,0,0,118,4,3,6,3.389830508474576,2.5423728813559325,75.0
2026-09-08T11:47:02,cohort,77731006,,Harry Potter - J. K. Rowling,same,0,0,0,0,0,0,2928,42,8,5,1.4344262295081966,0.273224043715847,19.047619047619047
2026-09-08T11:47:02,cohort,90164776,,Harry Potter - J. K. Rowling,same,0,0,0,0,0,0,3748,246,151,3,6.563500533617929,4.028815368196372,61.382113821138205
2026-09-08T11:47:02,cohort,87095471,,Harry Potter - J. K. Rowling,same,0,0,0,0,0,0,1000,37,16,12,3.6999999999999997,1.6,43.24324324324324
2026-09-08T11:47:02,cohort,86947411,,Harry Potter - J. K. Rowling,same,0,0,0,0,0,0,2240,127,23,45,5.669642857142857,1.0267857142857142,18.11023622047244
2026-09-08T11:47:02,cohort,79118456,,Harry Potter - J. K. Rowling,same,0,0,0,0,0,0,9395,485,30,2,5.162320383182544,0.31931878658861096,6.185567010309279
2026-09-08T11:47:02,cohort,91656946,,Harry Potter - J. K. Rowling,same,0,0,0,0,0,0,141,12,9,3,8.51063829787234,6.382978723404255,75.0
2026-09-08T11:47:02,cohort,77820351,,Harry Potter - J. K. Rowling,same,0,0,0,0,0,0,5045,124,23,34,2.4578790882061448,0.45589692765113976,18.548387096774192
2026-09-08T11:47:02,cohort,92076741,,Harry Potter - J. K. Rowling,same,0,0,0,0,0,0,230,3,10,12,1.3043478260869565,4.3478260869565215,333.33333333333337
2026-09-08T11:47:02,cohort,64640866,,Harry Potter - J. K. Rowling,same,0,0,0,0,0,0,4336,267,14,14,6.157749077490775,0.32287822878228783,5.2434456928838955
2026-09-08T11:47:02,cohort,90064286,,Harry Potter - J. K. Rowling,same,0,0,0,0,0,0,2974,120,64,5,4.034969737726967,2.151983860121049,53.333333333333336
2026-09-08T11:47:02,cohort,77862436,,Harry Potter - J. K. Rowling,same,0,0,0,0,0,0,218,13,0,5,5.963302752293578,0.0,0.0
2026-09-08T11:47:02,cohort,87998796,,Harry Potter - J. K. Rowling,same,0,0,0,0,0,0,2423,125,82,17,5.158893933140734,3.384234420140322,65.60000000000001
2026-09-08T11:47:02,cohort,86655046,,Harry Potter - J. K. Rowling,same,0,0,0,0,0,0,19883,1090,233,11,5.4820701101443445,1.1718553538198462,21.376146788990827
2026-09-08T11:47:02,cohort,91460191,,Harry Potter - J. K. Rowling,same,0,0,0,0,0,0,254,11,3,15,4.330708661417323,1.1811023622047243,27.27272727272727
2026-09-08T11:47:02,cohort,46351003,,Harry Potter - J. K. Rowling,same,0,0,0,0,0,0,1984,55,4,14,2.7721774193548385,0.20161290322580644,7.2727272727272725
2026-09-08T11:47:02,cohort,90272476,,Harry Potter - J. K. Rowling,same,0,0,0,0,0,0,668,13,12,11,1.9461077844311379,1.7964071856287425,92.3076923076923
2026-09-08T11:47:02,cohort,64276339,,Harry Potter - J. K. Rowling,same,0,0,0,0,0,0,9232,169,11,35,1.8305892547660314,0.11915077989601386,6.508875739644971
2026-09-08T11:47:02,cohort,88316151,,Harry Potter - J. K. Rowling,same,0,0,0,0,0,0,656,49,9,32,7.4695121951219505,1.3719512195121952,18.367346938775512
2026-09-08T11:47:02,cohort,70200261,,Harry Potter - J. K. Rowling,same,0,0,0,0,0,0,1470,33,108,18,2.2448979591836733,7.346938775510205,327.2727272727273
2026-09-08T11:47:02,cohort,77006996,,Harry Potter - J. K. Rowling,same,0,0,0,0,0,0,271,21,1,3,7.7490774907749085,0.36900369003690037,4.761904761904762
2026-09-08T11:47:02,cohort,91844881,,Harry Potter - J. K. Rowling,same,0,0,0,0,0,0,3382,274,106,5,8.101714961561205,3.134240094618569,38.68613138686132
2026-09-08T11:47:02,cohort,83398211,,Harry Potter - J. K. Rowling,same,0,0,0,0,0,0,559,11,0,17,1.9677996422182469,0.0,0.0
2026-09-08T11:47:02,cohort,92112231,,Harry Potter - J. K. Rowling,same,0,0,0,0,0,0,219,13,0,1,5.93607305936073,0.0,0.0
2026-09-08T11:47:02,cohort,92044306,,Harry Potter - J. K. Rowling,same,0,0,0,0,0,0,988,37,17,29,3.7449392712550607,1.7206477732793521,45.94594594594595
2026-09-08T11:47:02,cohort,86761776,,Harry Potter - J. K. Rowling,same,0,0,0,0,0,0,663,16,3,14,2.413273001508296,0.4524886877828055,18.75
2026-09-08T11:47:02,cohort,33802012,,Harry Potter - J. K. Rowling,same,0,0,0,0,0,0,44961,742,1,109,1.650319165498988,0.0022241498187317897,0.13477088948787064
2026-09-08T11:47:02,cohort,79536196,,Harry Potter - J. K. Rowling,same,0,0,0,0,0,0,30112,399,238,214,1.3250531349628054,0.7903825717321998,59.64912280701754
2026-09-08T11:47:02,cohort,92112416,,Harry Potter - J. K. Rowling,same,0,0,0,0,0,0,356,3,0,1,0.8426966292134831,0.0,0.0
2026-09-08T11:47:02,cohort,62287861,,Harry Potter - J. K. Rowling,same,0,0,0,0,0,0,3994,261,80,17,6.534802203304957,2.0030045067601403,30.65134099616858
2026-09-08T11:47:02,cohort,92112266,,Harry Potter - J. K. Rowling,same,0,0,0,0,0,0,547,58,9,1,10.603290676416819,1.6453382084095063,15.517241379310345
2026-09-08T11:47:02,cohort,84226001,,Harry Potter - J. K. Rowling,same,0,0,0,0,0,0,27392,1055,1281,26,3.8514894859813085,4.6765478971962615,121.4218009478673
2026-09-08T11:47:02,cohort,91125381,,Harry Potter - J. K. Rowling,same,0,0,0,0,0,0,448,15,4,19,3.3482142857142856,0.8928571428571428,26.666666666666668
2026-09-08T11:47:02,cohort,87013336,,Harry Potter - J. K. Rowling,same,0,0,0,0,0,0,336,12,12,12,3.571428571428571,3.571428571428571,100.0
2026-09-08T11:47:02,cohort,87476391,,Harry Potter - J. K. Rowling,same,0,0,0,0,0,0,871,34,7,10,3.903559127439724,0.8036739380022963,20.588235294117645
2026-09-08T11:47:02,cohort,91729301,,Harry Potter - J. K. Rowling,same,0,0,0,0,0,0,64,4,0,1,6.25,0.0,0.0
2026-09-08T11:47:02,cohort,83133036,,Harry Potter - J. K. Rowling,same,0,0,0,0,0,0,1338,44,12,16,3.288490284005979,0.8968609865470852,27.27272727272727
2026-09-08T11:47:02,cohort,87801901,,Harry Potter - J. K. Rowling,same,0,0,0,0,0,0,63,3,2,3,4.761904761904762,3.1746031746031744,66.66666666666666
2026-09-08T11:47:02,cohort,92053481,,Harry Potter - J. K. Rowling,same,0,0,0,0,0,0,226,18,5,2,7.964601769911504,2.2123893805309733,27.77777777777778
2026-09-08T11:47:02,cohort,84281456,,Harry Potter - J. K. Rowling,same,0,0,0,0,0,0,734,38,1,3,5.177111716621254,0.13623978201634876,2.631578947368421
2026-09-08T11:47:02,cohort,91425236,,Harry Potter - J. K. Rowling,same,0,0,0,0,0,0,232,9,4,7,3.8793103448275863,1.7241379310344827,44.44444444444444
2026-09-08T11:47:02,cohort,65240275,,Harry Potter - J. K. Rowling,same,0,0,0,0,0,0,66836,1448,1443,59,2.166497097372673,2.159016099108265,99.65469613259668
2026-09-08T11:47:02,cohort,92102091,,Harry Potter - J. K. Rowling,same,0,0,0,0,0,0,55,4,1,9,7.2727272727272725,1.8181818181818181,25.0
2026-09-08T11:47:02,cohort,91800456,,Harry Potter - J. K. Rowling,same,0,0,0,0,0,0,90,2,4,10,2.2222222222222223,4.444444444444445,200.0
2026-09-08T11:47:02,cohort,44042578,,Harry Potter - J. K. Rowling,same,0,0,0,0,0,0,2730,43,9,42,1.575091575091575,0.32967032967032966,20.930232558139537
2026-09-08T11:47:02,cohort,92063426,,Harry Potter - J. K. Rowling,same,0,0,0,0,0,0,757,32,5,2,4.227212681638045,0.6605019815059445,15.625
2026-09-08T11:47:02,cohort,89367681,,Harry Potter - J. K. Rowling,same,0,0,0,0,0,0,5793,268,191,10,4.626273088209908,3.297082686000345,71.26865671641791
2026-09-08T11:47:02,cohort,89742351,,Harry Potter - J. K. Rowling,same,0,0,0,0,0,0,259,16,22,6,6.177606177606178,8.494208494208493,137.5
2026-09-08T11:47:02,cohort,84087121,,Harry Potter - J. K. Rowling,same,0,0,0,0,0,0,27988,415,106,45,1.4827783335715308,0.3787337430327283,25.542168674698797
2026-09-08T11:47:02,cohort,89119336,,Harry Potter - J. K. Rowling,same,0,0,0,0,0,0,4674,293,34,4,6.268720581942662,0.727428326914848,11.604095563139932
2026-09-08T11:47:02,cohort,91482921,,Harry Potter - J. K. Rowling,same,0,0,0,0,0,0,98,6,1,6,6.122448979591836,1.0204081632653061,16.666666666666664
2026-09-08T11:47:02,cohort,80433791,,Harry Potter - J. K. Rowling,same,0,0,0,0,0,0,1084,52,19,7,4.797047970479705,1.7527675276752765,36.53846153846153
2026-09-08T11:47:02,cohort,22605493,,Harry Potter - J. K. Rowling,same,0,0,0,0,0,0,29410,2320,289,6,7.888473308398504,0.9826589595375723,12.456896551724137
2026-09-08T11:47:02,cohort,86678481,,Harry Potter - J. K. Rowling,same,0,0,0,0,0,0,5357,239,163,18,4.46145230539481,3.042747806608176,68.20083682008368
2026-09-08T11:47:02,cohort,85534991,,Harry Potter - J. K. Rowling,same,0,0,0,0,0,0,1223,35,39,19,2.8618152085036797,3.188879803761243,111.42857142857143
2026-09-08T11:47:02,cohort,81916521,,Harry Potter - J. K. Rowling,same,0,0,0,0,0,0,761,28,6,16,3.679369250985545,0.7884362680683311,21.428571428571427
2026-09-08T11:47:02,cohort,82719101,,Harry Potter - J. K. Rowling,same,0,0,0,0,0,0,5130,271,233,10,5.282651072124756,4.541910331384016,85.97785977859779
2026-09-08T11:47:02,cohort,89991186,,Harry Potter - J. K. Rowling,same,0,0,0,0,0,0,1994,36,18,10,1.8054162487462388,0.9027081243731194,50.0
2026-09-08T11:47:02,cohort,92049066,,Harry Potter - J. K. Rowling,same,0,0,0,0,0,0,3233,22,2,3,0.6804825239715434,0.06186204763377668,9.090909090909092
2026-09-08T11:47:02,cohort,91759406,,Harry Potter - J. K. Rowling,same,0,0,0,0,0,0,106,12,8,1,11.320754716981133,7.547169811320755,66.66666666666666
2026-09-08T11:47:02,cohort,90460136,,Harry Potter - J. K. Rowling,same,0,0,0,0,0,0,429,11,0,26,2.564102564102564,0.0,0.0
2026-09-08T11:47:02,cohort,90585081,,Harry Potter - J. K. Rowling,same,0,0,0,0,0,0,2516,197,78,12,7.829888712241654,3.100158982511924,39.59390862944163
2026-09-08T11:47:02,cohort,65920363,,Harry Potter - J. K. Rowling,same,0,0,0,0,0,0,4347,203,89,7,4.669887278582931,2.047389003910743,43.84236453201971
2026-09-08T11:47:02,cohort,78626086,,Harry Potter - J. K. Rowling,same,0,0,0,0,0,0,55484,1410,844,34,2.541273159829861,1.521159253118016,59.85815602836879
2026-09-08T11:47:02,cohort,91965586,,Harry Potter - J. K. Rowling,same,0,0,0,0,0,0,514,45,15,4,8.754863813229571,2.9182879377431905,33.33333333333333
2026-09-08T11:47:02,cohort,82552376,,Harry Potter - J. K. Rowling,same,0,0,0,0,0,0,42966,1031,805,42,2.3995717544104638,1.8735744542196155,78.07953443258971
2026-09-08T11:47:02,cohort,68308456,,Harry Potter - J. K. Rowling,same,0,0,0,0,0,0,1631,56,75,20,3.4334763948497855,4.598405885959534,133.92857142857142
2026-09-08T11:47:02,cohort,41812194,,Harry Potter - J. K. Rowling,same,0,0,0,0,0,0,3584,86,19,11,2.3995535714285716,0.5301339285714286,22.093023255813954
2026-09-08T11:47:02,cohort,83755581,,Harry Potter - J. K. Rowling,same,0,0,0,0,0,0,979,41,6,5,4.187946884576098,0.6128702757916241,14.634146341463413
2026-09-08T11:47:02,cohort,87215271,,Harry Potter - J. K. Rowling,same,0,0,0,0,0,0,5161,188,77,9,3.642704902150746,1.4919589226894012,40.95744680851064
2026-09-08T11:47:02,cohort,90795226,,Harry Potter - J. K. Rowling,same,0,0,0,0,0,0,180,37,36,1,20.555555555555554,20.0,97.2972972972973
2026-09-08T11:47:02,cohort,91573031,,Harry Potter - J. K. Rowling,same,0,0,0,0,0,0,111,0,2,10,0.0,1.8018018018018018,0.0
2026-09-08T11:47:02,cohort,61150993,,Harry Potter - J. K. Rowling,same,0,0,0,0,0,0,220,2,0,7,0.9090909090909091,0.0,0.0
2026-09-08T11:47:02,cohort,77785596,,Harry Potter - J. K. Rowling,same,0,0,0,0,0,0,5412,153,52,27,2.827050997782705,0.9608277900960829,33.98692810457516
2026-09-08T11:47:02,cohort,91533351,,Harry Potter - J. K. Rowling,same,0,0,0,0,0,0,173,28,10,1,16.184971098265898,5.780346820809249,35.714285714285715
2026-09-08T11:47:02,cohort,92108761,,Harry Potter - J. K. Rowling,same,0,0,0,0,0,0,630,74,16,1,11.746031746031745,2.5396825396825395,21.62162162162162
2026-09-08T11:47:02,cohort,83579361,,Harry Potter - J. K. Rowling,same,0,0,0,0,0,0,2065,104,52,13,5.036319612590799,2.5181598062953996,50.0
2026-09-08T11:47:02,cohort,92108806,,Harry Potter - J. K. Rowling,same,0,0,0,0,0,0,77,3,6,6,3.896103896103896,7.792207792207792,200.0
2026-09-08T11:47:02,cohort,90020941,,Harry Potter - J. K. Rowling,same,0,0,0,0,0,0,422,11,21,10,2.6066350710900474,4.976303317535545,190.9090909090909
2026-09-08T11:47:02,cohort,91346261,,Harry Potter - J. K. Rowling,same,0,0,0,0,0,0,1182,60,19,2,5.0761421319796955,1.6074450084602367,31.666666666666664
2026-09-08T11:47:02,cohort,91499581,,Harry Potter - J. K. Rowling,same,0,0,0,0,0,0,58,1,14,3,1.7241379310344827,24.137931034482758,1400.0
2026-09-08T11:47:02,cohort,91975806,,Harry Potter - J. K. Rowling,same,0,0,0,0,0,0,233,14,11,7,6.008583690987124,4.721030042918455,78.57142857142857
2026-09-08T11:47:02,cohort,92108191,,Harry Potter - J. K. Rowling,same,0,0,0,0,0,0,473,53,5,1,11.20507399577167,1.0570824524312896,9.433962264150944
2026-09-08T11:47:02,cohort,17229320,,Harry Potter - J. K. Rowling,same,0,0,0,0,0,0,135695,6743,990,25,4.969232469877299,0.7295773609934043,14.681892332789559
2026-09-08T11:47:02,cohort,88257886,,Harry Potter - J. K. Rowling,same,0,0,0,0,0,0,515,11,4,20,2.1359223300970873,0.7766990291262136,36.36363636363637
2026-09-08T11:47:02,cohort,87889286,,Harry Potter - J. K. Rowling,same,0,0,0,0,0,0,208,6,10,16,2.8846153846153846,4.807692307692308,166.66666666666669
2026-09-08T11:47:02,cohort,73668621,,Harry Potter - J. K. Rowling,same,0,0,0,0,0,0,619,21,0,44,3.392568659127625,0.0,0.0
2026-09-08T11:47:02,cohort,76429481,,Harry Potter - J. K. Rowling,same,0,0,0,0,0,0,278,1,23,41,0.3597122302158274,8.273381294964029,2300.0
2026-09-08T11:47:02,cohort,90935951,,Harry Potter - J. K. Rowling,same,0,0,0,0,0,0,2047,23,12,92,1.1235955056179776,0.5862237420615535,52.17391304347826
2026-09-08T11:47:02,cohort,61802584,,Harry Potter - J. K. Rowling,same,0,0,0,0,0,0,12100,279,55,14,2.3057851239669422,0.45454545454545453,19.71326164874552
2026-09-08T11:47:02,cohort,88119866,,Harry Potter - J. K. Rowling,same,0,0,0,0,0,0,466,18,3,13,3.862660944206009,0.6437768240343348,16.666666666666664
2026-09-08T11:47:02,cohort,36464653,,Harry Potter - J. K. Rowling,same,0,0,0,0,0,0,444626,10461,5416,52,2.352763895948505,1.2181024051674891,51.77325303508269
2026-09-08T11:47:02,cohort,85861711,,Harry Potter - J. K. Rowling,same,0,0,0,0,0,0,1056,32,4,9,3.0303030303030303,0.3787878787878788,12.5
2026-09-08T11:47:02,cohort,91909281,,Harry Potter - J. K. Rowling,same,0,0,0,0,0,0,173,2,2,16,1.1560693641618496,1.1560693641618496,100.0
2026-09-08T11:47:02,cohort,92107576,,Harry Potter - J. K. Rowling,same,0,0,0,0,0,0,233,17,1,1,7.296137339055794,0.4291845493562232,5.88235294117647
2026-09-08T11:47:02,cohort,35069503,,Harry Potter - J. K. Rowling,same,0,0,0,0,0,0,5086,65,7,28,1.2780180888714117,0.1376327172630751,10.76923076923077
2026-09-08T11:47:02,cohort,90313916,,Harry Potter - J. K. Rowling,same,0,0,0,0,0,0,456,24,37,17,5.263157894736842,8.114035087719298,154.16666666666669
2026-09-08T11:47:02,cohort,82405366,,Harry Potter - J. K. Rowling,same,0,0,0,0,0,0,3532,151,40,6,4.27519818799547,1.1325028312570782,26.490066225165563
2026-09-08T11:47:02,cohort,86591961,,Harry Potter - J. K. Rowling,same,0,0,0,0,0,0,1128,60,39,18,5.319148936170213,3.4574468085106385,65.0
2026-09-08T11:47:02,cohort,92104011,,Harry Potter - J. K. Rowling,same,0,0,0,0,0,0,322,28,14,1,8.695652173913043,4.3478260869565215,50.0
2026-09-08T11:47:02,cohort,92105391,,Harry Potter - J. K. Rowling,same,0,0,0,0,0,0,662,58,9,1,8.761329305135952,1.3595166163141994,15.517241379310345
2026-09-08T11:47:02,cohort,92106336,,Harry Potter - J. K. Rowling,same,0,0,0,0,0,0,1531,38,4,1,2.4820378837361203,0.2612671456564337,10.526315789473683
2026-09-08T11:47:02,cohort,88478411,,Harry Potter - J. K. Rowling,same,0,0,0,0,0,0,50,1,0,6,2.0,0.0,0.0
2026-09-08T11:47:02,cohort,92106261,,Harry Potter - J. K. Rowling,same,0,0,0,0,0,0,245,20,8,1,8.16326530612245,3.2653061224489797,40.0
2026-09-08T11:47:02,cohort,86544921,,Harry Potter - J. K. Rowling,same,0,0,0,0,0,0,3565,347,38,24,9.73352033660589,1.0659186535764376,10.951008645533141
2026-09-08T11:47:02,cohort,82024771,,Harry Potter - J. K. Rowling,same,0,0,0,0,0,0,1347,304,22,12,22.56867112100965,1.6332590942835932,7.236842105263158
2026-09-08T11:47:02,cohort,92106161,,Harry Potter - J. K. Rowling,same,0,0,0,0,0,0,158,19,1,1,12.025316455696203,0.6329113924050633,5.263157894736842
2026-09-08T11:47:02,cohort,70122626,,Harry Potter - J. K. Rowling,same,0,0,0,0,0,0,264921,4236,1757,64,1.5989672392902035,0.6632165815469517,41.47780925401322
2026-09-08T11:47:02,cohort,91615266,,Harry Potter - J. K. Rowling,same,0,0,0,0,0,0,411,60,15,1,14.5985401459854,3.64963503649635,25.0
2026-09-08T11:47:02,cohort,90147751,,Harry Potter - J. K. Rowling,same,0,0,0,0,0,0,145,15,6,2,10.344827586206897,4.137931034482759,40.0
2026-09-08T11:47:02,cohort,65989324,,Harry Potter - J. K. Rowling,same,0,0,0,0,0,0,8265,320,85,7,3.871748336358137,1.02843315184513,26.5625
2026-09-08T11:47:02,cohort,83085696,,Harry Potter - J. K. Rowling,same,0,0,0,0,0,0,554,26,10,8,4.693140794223827,1.8050541516245486,38.46153846153847
2026-09-08T11:47:02,cohort,90131666,,Harry Potter - J. K. Rowling,same,0,0,0,0,0,0,164,6,1,7,3.6585365853658534,0.6097560975609756,16.666666666666664
2026-09-08T11:47:02,cohort,91456046,,Harry Potter - J. K. Rowling,same,0,0,0,0,0,0,533,14,5,31,2.6266416510318953,0.9380863039399625,35.714285714285715
2026-09-08T11:47:02,cohort,55473172,,Harry Potter - J. K. Rowling,same,0,0,0,0,0,0,18773,862,376,16,4.591700846961061,2.0028764715282588,43.619489559164734
2026-09-08T11:47:02,cohort,89122191,,Harry Potter - J. K. Rowling,same,0,0,0,0,0,0,1071,36,25,29,3.361344537815126,2.3342670401493932,69.44444444444444
2026-09-08T11:47:02,cohort,83271281,,Harry Potter - J. K. Rowling,same,0,0,0,0,0,0,15126,289,88,20,1.910617479836044,0.5817797170435013,30.44982698961938
2026-09-08T11:47:02,cohort,92105276,,Harry Potter - J. K. Rowling,same,0,0,0,0,0,0,270,5,3,1,1.8518518518518516,1.1111111111111112,60.0
2026-09-08T11:47:02,cohort,87567971,,Harry Potter - J. K. Rowling,same,0,0,0,0,0,0,508,17,8,21,3.346456692913386,1.574803149606299,47.05882352941176
2026-09-08T11:47:02,cohort,73371081,,Harry Potter - J. K. Rowling,same,0,0,0,0,0,0,2987,66,11,7,2.2095748242383664,0.36826247070639434,16.666666666666664
2026-09-08T11:47:02,cohort,90731396,,Harry Potter - J. K. Rowling,same,0,0,0,0,0,0,741,86,23,3,11.605937921727396,3.1039136302294197,26.744186046511626
2026-09-08T11:47:02,cohort,60662518,,Harry Potter - J. K. Rowling,same,0,0,0,0,0,0,27588,566,195,73,2.0516166449180804,0.7068290561113527,34.45229681978799
2026-09-08T11:47:02,cohort,91460041,,Harry Potter - J. K. Rowling,same,0,0,0,0,0,0,75,0,0,10,0.0,0.0,0.0
2026-09-08T11:47:02,cohort,84269626,,Harry Potter - J. K. Rowling,same,0,0,0,0,0,0,1238,53,34,8,4.281098546042003,2.7463651050080773,64.15094339622641
2026-09-08T11:47:02,cohort,64982788,,Harry Potter - J. K. Rowling,same,0,0,0,0,0,0,562,33,17,3,5.871886120996441,3.0249110320284696,51.515151515151516
2026-09-08T11:47:02,cohort,89072261,,Harry Potter - J. K. Rowling,same,0,0,0,0,0,0,1095,27,14,31,2.4657534246575343,1.2785388127853883,51.85185185185185
2026-09-08T11:47:02,cohort,52915171,,Harry Potter - J. K. Rowling,same,0,0,0,0,0,0,9621,169,211,70,1.756574160690157,2.1931192183764683,124.85207100591715
2026-09-08T11:47:02,cohort,91881161,,Harry Potter - J. K. Rowling,same,0,0,0,0,0,0,70,8,4,5,11.428571428571429,5.714285714285714,50.0
2026-09-08T11:47:02,cohort,92104681,,Harry Potter - J. K. Rowling,same,0,0,0,0,0,0,91,9,0,1,9.89010989010989,0.0,0.0
2026-09-08T11:47:02,cohort,90482436,,Harry Potter - J. K. Rowling,same,0,0,0,0,0,0,339,5,1,1,1.4749262536873156,0.2949852507374631,20.0
2026-09-08T11:47:02,cohort,64287712,,Harry Potter - J. K. Rowling,same,0,0,0,0,0,0,8815,324,162,16,3.6755530346001133,1.8377765173000566,50.0
2026-09-08T11:47:02,cohort,87246126,,Harry Potter - J. K. Rowling,same,0,0,0,0,0,0,1033,63,8,13,6.098741529525654,0.7744433688286544,12.698412698412698
2026-09-08T11:47:02,cohort,88055991,,Harry Potter - J. K. Rowling,same,0,0,0,0,0,0,22132,338,17,3,1.52720043376107,0.0768118561359118,5.029585798816568
2026-09-08T11:47:02,cohort,84691151,,Harry Potter - J. K. Rowling,same,0,0,0,0,0,0,202,9,5,4,4.455445544554455,2.4752475247524752,55.55555555555556
2026-09-08T11:47:02,cohort,79975246,,Harry Potter - J. K. Rowling,same,0,0,0,0,0,0,477,5,13,38,1.0482180293501049,2.7253668763102725,260.0
2026-09-08T11:47:02,cohort,78107466,,Harry Potter - J. K. Rowling,same,0,0,0,0,0,0,781,112,22,6,14.340588988476313,2.8169014084507045,19.642857142857142
2026-09-08T11:47:02,cohort,87556486,,Harry Potter - J. K. Rowling,same,0,0,0,0,0,0,8687,216,103,28,2.486474041671463,1.1856797513525958,47.68518518518518
2026-09-08T11:47:02,cohort,70252346,,Harry Potter - J. K. Rowling,same,0,0,0,0,0,0,10737,114,8,16,1.0617490919251187,0.0745087082052715,7.017543859649122
2026-09-08T11:47:02,cohort,46535827,,Harry Potter - J. K. Rowling,same,0,0,0,0,0,0,31730,339,115,79,1.0683895367160416,0.3624330286794831,33.92330383480826
2026-09-08T11:47:02,cohort,79889906,,Harry Potter - J. K. Rowling,same,0,0,0,0,0,0,1260,24,23,43,1.9047619047619049,1.8253968253968256,95.83333333333334
2026-09-08T11:47:02,cohort,90918986,,Harry Potter - J. K. Rowling,same,0,0,0,0,0,0,803,25,35,8,3.1133250311332503,4.35865504358655,140.0
2026-09-08T11:47:02,cohort,77766781,,Harry Potter - J. K. Rowling,same,0,0,0,0,0,0,2209,88,91,8,3.9837030330466274,4.1195110909913994,103.40909090909092
2026-09-08T11:47:02,cohort,90671266,,Harry Potter - J. K. Rowling,same,0,0,0,0,0,0,156,9,1,20,5.769230769230769,0.641025641025641,11.11111111111111
2026-09-08T11:47:02,cohort,92103541,,Harry Potter - J. K. Rowling,same,0,0,0,0,0,0,250,17,1,1,6.800000000000001,0.4,5.88235294117647
2026-09-08T11:47:02,cohort,92103521,,Harry Potter - J. K. Rowling,same,0,0,0,0,0,0,128,13,4,1,10.15625,3.125,30.76923076923077
2026-09-08T11:47:02,cohort,78074581,,Harry Potter - J. K. Rowling,same,0,0,0,0,0,0,92,2,2,10,2.1739130434782608,2.1739130434782608,100.0
2026-09-08T11:47:02,cohort,59222017,,Harry Potter - J. K. Rowling,same,0,0,0,0,0,0,43644,726,1047,63,1.6634588946934286,2.3989551828430025,144.21487603305786
2026-09-08T11:47:02,cohort,72371866,,Harry Potter - J. K. Rowling,same,0,0,0,0,0,0,5269,282,66,7,5.352059214272158,1.2526096033402923,23.404255319148938
2026-09-08T11:47:02,cohort,76253411,,Harry Potter - J. K. Rowling,same,0,0,0,0,0,0,675,10,95,42,1.4814814814814816,14.074074074074074,950.0
2026-09-08T11:47:02,cohort,91866101,,Harry Potter - J. K. Rowling,same,0,0,0,0,0,0,73,11,4,1,15.068493150684931,5.47945205479452,36.36363636363637
2026-09-08T11:47:02,cohort,91054516,,Harry Potter - J. K. Rowling,same,0,0,0,0,0,0,1298,68,15,2,5.238828967642527,1.155624036979969,22.058823529411764
2026-09-08T11:47:02,cohort,90347511,,Harry Potter - J. K. Rowling,same,0,0,0,0,0,0,537,19,13,10,3.5381750465549344,2.4208566108007448,68.42105263157895
2026-09-08T11:47:02,cohort,92099501,,Harry Potter - J. K. Rowling,same,0,0,0,0,0,0,169,5,0,38,2.9585798816568047,0.0,0.0
2026-09-08T11:47:02,cohort,91002326,,Harry Potter - J. K. Rowling,same,0,0,0,0,0,0,220,15,5,9,6.8181818181818175,2.272727272727273,33.33333333333333
2026-09-08T11:47:02,cohort,92036866,,Harry Potter - J. K. Rowling,same,0,0,0,0,0,0,152,9,0,10,5.921052631578947,0.0,0.0
2026-09-08T11:47:02,cohort,76955786,,Harry Potter - J. K. Rowling,same,0,0,0,0,0,0,899,24,8,14,2.6696329254727478,0.8898776418242491,33.33333333333333
2026-09-08T11:47:02,cohort,78777926,,Harry Potter - J. K. Rowling,same,0,0,0,0,0,0,2423,98,138,25,4.044572843582336,5.695418902187371,140.81632653061226
2026-09-08T11:47:02,cohort,86231681,,Harry Potter - J. K. Rowling,same,0,0,0,0,0,0,427,4,4,12,0.936768149882904,0.936768149882904,100.0
2026-09-08T11:47:02,cohort,91453181,,Harry Potter - J. K. Rowling,same,0,0,0,0,0,0,1238,89,27,6,7.189014539579968,2.1809369951534734,30.337078651685395
2026-09-08T11:47:02,cohort,83480311,,Harry Potter - J. K. Rowling,same,0,0,0,0,0,0,43766,776,799,23,1.7730658502033543,1.825618059681031,102.96391752577318
2026-09-08T11:47:02,cohort,90196136,,Harry Potter - J. K. Rowling,same,0,0,0,0,0,0,106,7,4,5,6.60377358490566,3.7735849056603774,57.14285714285714
2026-09-08T11:47:02,cohort,61031509,,Harry Potter - J. K. Rowling,same,0,0,0,0,0,0,4094,141,22,58,3.444064484611627,0.537371763556424,15.602836879432624
2026-09-08T11:47:02,cohort,68509426,,Harry Potter - J. K. Rowling,same,0,0,0,0,0,0,1001,57,131,25,5.694305694305695,13.086913086913087,229.82456140350877
2026-09-08T11:47:02,cohort,88661566,,Harry Potter - J. K. Rowling,same,0,0,0,0,0,0,258,8,0,20,3.10077519379845,0.0,0.0
2026-09-08T11:47:02,cohort,91140901,,Harry Potter - J. K. Rowling,same,0,0,0,0,0,0,57,2,2,3,3.508771929824561,3.508771929824561,100.0
2026-09-08T11:47:02,cohort,67534676,,Harry Potter - J. K. Rowling,same,0,0,0,0,0,0,2078,61,27,61,2.935514918190568,1.2993262752646775,44.26229508196721
2026-09-08T11:47:02,cohort,62672881,,Harry Potter - J. K. Rowling,same,0,0,0,0,0,0,1007,4,0,12,0.3972194637537239,0.0,0.0
2026-09-08T11:47:02,cohort,89639451,,Harry Potter - J. K. Rowling,same,0,0,0,0,0,0,2838,95,53,15,3.347427766032417,1.8675123326286118,55.78947368421052
2026-09-08T11:47:02,cohort,91610601,,Harry Potter - J. K. Rowling,same,0,0,0,0,0,0,776,14,0,6,1.804123711340206,0.0,0.0
2026-09-08T11:47:02,cohort,81137871,,Harry Potter - J. K. Rowling,same,0,0,0,0,0,0,30278,803,734,18,2.6520906268577846,2.4242023911751107,91.40722291407222
2026-09-08T11:47:02,cohort,83001771,,Harry Potter - J. K. Rowling,same,0,0,0,0,0,0,1386,70,73,8,5.05050505050505,5.266955266955267,104.28571428571429
2026-09-08T11:47:02,cohort,91960356,,Harry Potter - J. K. Rowling,same,0,0,0,0,0,0,370,24,12,1,6.486486486486487,3.2432432432432434,50.0
2026-09-08T11:47:02,cohort,91529601,,Harry Potter - J. K. Rowling,same,0,0,0,0,0,0,3032,170,73,7,5.6068601583113455,2.4076517150395778,42.94117647058823
2026-09-08T11:47:02,cohort,89979946,,Harry Potter - J. K. Rowling,same,0,0,0,0,0,0,1323,77,4,12,5.82010582010582,0.30234315948601664,5.194805194805195
2026-09-08T11:47:02,cohort,90379746,,Harry Potter - J. K. Rowling,same,0,0,0,0,0,0,219,8,4,12,3.65296803652968,1.82648401826484,50.0
2026-09-08T11:47:02,cohort,73167021,,Harry Potter - J. K. Rowling,same,0,0,0,0,0,0,942,33,30,8,3.5031847133757963,3.1847133757961785,90.9090909090909
2026-09-08T11:47:02,cohort,90004036,,Harry Potter - J. K. Rowling,same,0,0,0,0,0,0,524,36,6,1,6.870229007633588,1.1450381679389312,16.666666666666664
2026-09-08T11:47:02,cohort,91658151,,Harry Potter - J. K. Rowling,same,0,0,0,0,0,0,370,23,2,2,6.216216216216217,0.5405405405405406,8.695652173913043
2026-09-08T11:47:02,cohort,28597725,,Harry Potter - J. K. Rowling,same,0,0,0,0,0,0,839,15,8,43,1.7878426698450536,0.9535160905840285,53.333333333333336
2026-09-08T11:47:02,cohort,89351611,,Harry Potter - J. K. Rowling,same,0,0,0,0,0,0,763,42,10,11,5.5045871559633035,1.310615989515072,23.809523809523807
2026-09-08T11:47:02,cohort,88691401,,Harry Potter - J. K. Rowling,same,0,0,0,0,0,0,1250,82,21,45,6.5600000000000005,1.68,25.609756097560975
2026-09-08T11:47:02,cohort,91849056,,Harry Potter - J. K. Rowling,same,0,0,0,0,0,0,911,71,8,2,7.793633369923161,0.8781558726673985,11.267605633802818
2026-09-08T11:47:02,cohort,52651900,,Harry Potter - J. K. Rowling,same,0,0,0,0,0,0,160314,3250,699,55,2.0272714797210476,0.4360193121000037,21.50769230769231
2026-09-08T11:47:02,cohort,90653306,,Harry Potter - J. K. Rowling,same,0,0,0,0,0,0,292,14,3,15,4.794520547945205,1.0273972602739725,21.428571428571427
2026-09-08T11:47:02,cohort,91514716,,Harry Potter - J. K. Rowling,same,0,0,0,0,0,0,90,0,0,2,0.0,0.0,0.0
2026-09-08T11:47:02,cohort,46655491,,Harry Potter - J. K. Rowling,same,0,0,0,0,0,0,5459,173,45,12,3.169078585821579,0.8243267997801794,26.011560693641616
2026-09-08T11:47:02,cohort,92099316,,Harry Potter - J. K. Rowling,same,0,0,0,0,0,0,288,18,0,1,6.25,0.0,0.0
2026-09-08T11:47:02,cohort,91227556,,Harry Potter - J. K. Rowling,same,0,0,0,0,0,0,259,15,12,1,5.7915057915057915,4.633204633204633,80.0
2026-09-08T11:47:02,cohort,60673981,,Harry Potter - J. K. Rowling,same,0,0,0,0,0,0,1302,119,16,3,9.13978494623656,1.228878648233487,13.445378151260504
2026-09-08T11:47:02,cohort,92099006,,Harry Potter - J. K. Rowling,same,0,0,0,0,0,0,51,2,0,1,3.9215686274509802,0.0,0.0
2026-09-08T11:47:02,cohort,65584138,,Harry Potter - J. K. Rowling,same,0,0,0,0,0,0,1985,82,32,9,4.130982367758186,1.6120906801007555,39.02439024390244
2026-09-08T11:47:02,cohort,92058196,,Harry Potter - J. K. Rowling,same,0,0,0,0,0,0,294,20,2,5,6.802721088435375,0.6802721088435374,10.0
2026-09-08T11:47:02,cohort,76670151,,Harry Potter - J. K. Rowling,same,0,0,0,0,0,0,22482,513,286,35,2.2818254603682946,1.2721288141624412,55.7504873294347
2026-09-08T11:47:02,cohort,92098581,,Harry Potter - J. K. Rowling,same,0,0,0,0,0,0,113,8,0,1,7.079646017699115,0.0,0.0
2026-09-08T11:47:02,cohort,52700386,,Harry Potter - J. K. Rowling,same,0,0,0,0,0,0,12599,473,125,18,3.754266211604096,0.9921422335105962,26.42706131078224
2026-09-08T11:47:02,cohort,91375236,,Harry Potter - J. K. Rowling,same,0,0,0,0,0,0,123,5,2,5,4.0650406504065035,1.6260162601626018,40.0
2026-09-08T11:47:02,cohort,92098331,,Harry Potter - J. K. Rowling,same,0,0,0,0,0,0,153,28,3,1,18.30065359477124,1.9607843137254901,10.714285714285714
2026-09-08T11:47:02,cohort,84605186,,Harry Potter - J. K. Rowling,same,0,0,0,0,0,0,1932,63,473,35,3.260869565217391,24.4824016563147,750.7936507936508
2026-09-08T11:47:02,cohort,91701876,,Harry Potter - J. K. Rowling,same,0,0,0,0,0,0,77,2,0,4,2.5974025974025974,0.0,0.0
2026-09-08T11:47:02,cohort,92098091,,Harry Potter - J. K. Rowling,same,0,0,0,0,0,0,147,10,0,1,6.802721088435375,0.0,0.0
2026-09-08T11:47:02,cohort,91743641,,Harry Potter - J. K. Rowling,same,0,0,0,0,0,0,572,33,13,5,5.769230769230769,2.272727272727273,39.39393939393939
2026-09-08T11:47:02,cohort,58624387,,Harry Potter - J. K. Rowling,same,0,0,0,0,0,0,7171,146,54,39,2.035978245711895,0.7530330497838517,36.986301369863014
2026-09-08T11:47:02,cohort,92097871,,Harry Potter - J. K. Rowling,same,0,0,0,0,0,0,170,11,0,1,6.470588235294119,0.0,0.0
2026-09-08T11:47:02,cohort,77950931,,Harry Potter - J. K. Rowling,same,0,0,0,0,0,0,6890,120,98,32,1.741654571843251,1.4223512336719883,81.66666666666667
2026-09-08T11:47:02,cohort,87798736,,Harry Potter - J. K. Rowling,same,0,0,0,0,0,0,1683,87,47,5,5.169340463458111,2.7926322043969103,54.02298850574713
2026-09-08T11:47:02,cohort,91305086,,Harry Potter - J. K. Rowling,same,0,0,0,0,0,0,722,42,16,3,5.8171745152354575,2.21606648199446,38.095238095238095
2026-09-08T11:47:02,cohort,81809226,,Harry Potter - J. K. Rowling,same,0,0,0,0,0,0,1130,96,13,5,8.495575221238937,1.1504424778761062,13.541666666666666
2026-09-08T11:47:02,cohort,89418991,,Harry Potter - J. K. Rowling,same,0,0,0,0,0,0,1644,42,12,8,2.5547445255474455,0.7299270072992701,28.57142857142857
2026-09-08T11:47:02,cohort,86168346,,Harry Potter - J. K. Rowling,same,0,0,0,0,0,0,169,1,2,34,0.591715976331361,1.183431952662722,200.0
2026-09-08T11:47:02,cohort,72358286,,Harry Potter - J. K. Rowling,same,0,0,0,0,0,0,1964,35,15,14,1.7820773930753562,0.7637474541751528,42.857142857142854
2026-09-08T11:47:02,cohort,90633961,,Harry Potter - J. K. Rowling,same,0,0,0,0,0,0,609,38,20,6,6.239737274220033,3.284072249589491,52.63157894736842
2026-09-08T11:47:02,cohort,92096696,,Harry Potter - J. K. Rowling,same,0,0,0,0,0,0,59,0,0,1,0.0,0.0,0.0
2026-09-08T11:47:02,cohort,91923551,,Harry Potter - J. K. Rowling,same,0,0,0,0,0,0,739,48,48,4,6.495263870094722,6.495263870094722,100.0
2026-09-08T11:47:02,cohort,73360926,,Harry Potter - J. K. Rowling,same,0,0,0,0,0,0,4749,167,116,38,3.516529795746473,2.4426194988418617,69.46107784431138
2026-09-08T11:47:02,cohort,73927281,,Harry Potter - J. K. Rowling,same,0,0,0,0,0,0,3739,121,134,15,3.236159400909334,3.583845948114469,110.74380165289257
2026-09-08T11:47:02,cohort,32042500,,Harry Potter - J. K. Rowling,same,0,0,0,0,0,0,328,23,4,3,7.01219512195122,1.2195121951219512,17.391304347826086
2026-09-08T11:47:02,cohort,62289043,,Harry Potter - J. K. Rowling,same,0,0,0,0,0,0,7797,161,31,18,2.0648967551622417,0.3975888162113634,19.25465838509317
2026-09-08T11:47:02,cohort,89446561,,Harry Potter - J. K. Rowling,same,0,0,0,0,0,0,1727,96,48,27,5.55877243775333,2.779386218876665,50.0
2026-09-08T11:47:02,cohort,90524671,,Harry Potter - J. K. Rowling,same,0,0,0,0,0,0,480,51,10,2,10.625,2.083333333333333,19.607843137254903
2026-09-08T11:47:02,cohort,90728081,,Harry Potter - J. K. Rowling,same,0,0,0,0,0,0,282,2,1,5,0.7092198581560284,0.3546099290780142,50.0
2026-09-08T11:47:02,cohort,54649765,,Harry Potter - J. K. Rowling,same,0,0,0,0,0,0,1895,43,21,37,2.2691292875989446,1.108179419525066,48.837209302325576
2026-09-08T11:47:02,cohort,91596086,,Harry Potter - J. K. Rowling,same,0,0,0,0,0,0,396,25,9,3,6.313131313131313,2.272727272727273,36.0
2026-09-08T11:47:02,cohort,47785048,,Harry Potter - J. K. Rowling,same,0,0,0,0,0,0,316,35,8,10,11.075949367088606,2.5316455696202533,22.857142857142858
2026-09-08T11:47:02,cohort,88853521,,Harry Potter - J. K. Rowling,same,0,0,0,0,0,0,886,48,20,9,5.417607223476298,2.2573363431151243,41.66666666666667
2026-09-08T11:47:02,cohort,91909336,,Harry Potter - J. K. Rowling,same,0,0,0,0,0,0,67,2,2,3,2.9850746268656714,2.9850746268656714,100.0
2026-09-08T11:47:02,cohort,79595526,,Harry Potter - J. K. Rowling,same,0,0,0,0,0,0,470,11,0,30,2.3404255319148937,0.0,0.0
2026-09-08T11:47:02,cohort,54368752,,Harry Potter - J. K. Rowling,same,0,0,0,0,0,0,7607,256,34,11,3.3653214144866572,0.4469567503615091,13.28125
2026-09-08T11:47:02,cohort,81109401,,Harry Potter - J. K. Rowling,same,0,0,0,0,0,0,2161,54,34,17,2.4988431281813974,1.5733456732993985,62.96296296296296
2026-09-08T11:47:02,cohort,87795816,,Harry Potter - J. K. Rowling,same,0,0,0,0,0,0,1032,48,74,10,4.651162790697675,7.170542635658915,154.16666666666669
2026-09-08T11:47:02,cohort,82594441,,Harry Potter - J. K. Rowling,same,0,0,0,0,0,0,690,8,1,54,1.1594202898550725,0.14492753623188406,12.5
2026-09-08T11:47:02,cohort,91407776,,Harry Potter - J. K. Rowling,same,0,0,0,0,0,0,980,89,28,3,9.081632653061225,2.857142857142857,31.46067415730337
2026-09-08T11:47:02,cohort,92092476,,Harry Potter - J. K. Rowling,same,0,0,0,0,0,0,115,13,2,1,11.304347826086957,1.7391304347826086,15.384615384615385
2026-09-08T11:47:02,cohort,64971592,,Harry Potter - J. K. Rowling,same,0,0,0,0,0,0,3809,208,64,13,5.460750853242321,1.680231031766868,30.76923076923077
2026-09-08T11:47:02,cohort,86225376,,Harry Potter - J. K. Rowling,same,0,0,0,0,0,0,2053,95,53,7,4.627374573794447,2.581587920116902,55.78947368421052
2026-09-08T11:47:02,cohort,41788605,,Harry Potter - J. K. Rowling,same,0,0,0,0,0,0,376810,9232,4680,70,2.4500411347894167,1.2420052546376157,50.69324090121318
2026-09-08T11:47:02,cohort,66581494,,Harry Potter - J. K. Rowling,same,0,0,0,0,0,0,129868,1314,705,28,1.0117965934641326,0.5428589028860074,53.65296803652968
2026-09-08T11:47:02,cohort,75408436,,Harry Potter - J. K. Rowling,same,0,0,0,0,0,0,4788,192,24,26,4.010025062656641,0.5012531328320802,12.5
2026-09-08T11:47:02,cohort,84276056,,Harry Potter - J. K. Rowling,same,0,0,0,0,0,0,629,24,8,11,3.815580286168521,1.2718600953895072,33.33333333333333
2026-09-08T11:47:02,cohort,85938196,,Harry Potter - J. K. Rowling,same,0,0,0,0,0,0,2463,133,54,11,5.399918798213561,2.192448233861145,40.6015037593985
2026-09-08T11:47:02,cohort,69742921,,Harry Potter - J. K. Rowling,same,0,0,0,0,0,0,821,22,59,35,2.679658952496955,7.186358099878197,268.1818181818182
2026-09-08T11:47:02,cohort,91169546,,Harry Potter - J. K. Rowling,same,0,0,0,0,0,0,936,89,18,5,9.508547008547009,1.9230769230769231,20.224719101123593
2026-09-08T11:47:02,cohort,90214751,,Harry Potter - J. K. Rowling,same,0,0,0,0,0,0,1548,107,44,16,6.912144702842377,2.842377260981912,41.1214953271028
2026-09-08T11:47:02,cohort,89420066,,Harry Potter - J. K. Rowling,same,0,0,0,0,0,0,381,18,17,6,4.724409448818897,4.4619422572178475,94.44444444444444
2026-09-08T11:47:02,cohort,58192405,,Harry Potter - J. K. Rowling,same,0,0,0,0,0,0,44359,507,163,7,1.1429473162154242,0.36745643499628033,32.149901380670606
2026-09-08T11:47:02,cohort,88040131,,Harry Potter - J. K. Rowling,same,0,0,0,0,0,0,1692,67,10,55,3.959810874704492,0.5910165484633569,14.925373134328357
2026-09-08T11:47:02,cohort,91958016,,Harry Potter - J. K. Rowling,same,0,0,0,0,0,0,114,6,1,2,5.263157894736842,0.8771929824561403,16.666666666666664
2026-09-08T11:47:02,cohort,75743651,,Harry Potter - J. K. Rowling,same,0,0,0,0,0,0,14362,438,204,16,3.049714524439493,1.4204149839855174,46.57534246575342
2026-09-08T11:47:02,cohort,90503301,,Harry Potter - J. K. Rowling,same,0,0,0,0,0,0,2546,188,58,2,7.384131971720345,2.2780832678711707,30.851063829787233
2026-09-08T11:47:02,cohort,92090671,,Harry Potter - J. K. Rowling,same,0,0,0,0,0,0,126,12,1,1,9.523809523809524,0.7936507936507936,8.333333333333332
2026-09-08T11:47:02,cohort,78204546,,Harry Potter - J. K. Rowling,same,0,0,0,0,0,0,898,23,0,10,2.5612472160356345,0.0,0.0
2026-09-08T11:47:02,cohort,91917821,,Harry Potter - J. K. Rowling,same,0,0,0,0,0,0,129,2,1,35,1.550387596899225,0.7751937984496124,50.0
2026-09-08T11:47:02,cohort,90542436,,Harry Potter - J. K. Rowling,same,0,0,0,0,0,0,150,6,4,4,4.0,2.666666666666667,66.66666666666666
2026-09-08T11:47:02,cohort,89377026,,Harry Potter - J. K. Rowling,same,0,0,0,0,0,0,728,36,36,7,4.945054945054945,4.945054945054945,100.0
2026-09-08T11:47:02,cohort,87173186,,Harry Potter - J. K. Rowling,same,0,0,0,0,0,0,2861,141,71,17,4.928346731911919,2.481649772806711,50.35460992907801
2026-09-08T11:47:02,cohort,92090351,,Harry Potter - J. K. Rowling,same,0,0,0,0,0,0,244,23,3,1,9.426229508196721,1.2295081967213115,13.043478260869565
2026-09-08T11:47:02,cohort,91794341,,Harry Potter - J. K. Rowling,same,0,0,0,0,0,0,129,8,0,8,6.2015503875969,0.0,0.0
2026-09-08T11:47:02,cohort,91643941,,Harry Potter - J. K. Rowling,same,0,0,0,0,0,0,71,7,13,2,9.859154929577464,18.30985915492958,185.71428571428572
2026-09-08T11:47:02,cohort,90329626,,Harry Potter - J. K. Rowling,same,0,0,0,0,0,0,71,1,0,5,1.4084507042253522,0.0,0.0
2026-09-08T11:47:02,cohort,92089626,,Harry Potter - J. K. Rowling,same,0,0,0,0,0,0,518,56,3,1,10.81081081081081,0.5791505791505791,5.357142857142857
2026-09-08T11:47:02,cohort,92089751,,Harry Potter - J. K. Rowling,same,0,0,0,0,0,0,122,20,2,1,16.39344262295082,1.639344262295082,10.0
2026-09-08T11:47:02,cohort,88328761,,Harry Potter - J. K. Rowling,same,0,0,0,0,0,0,600,13,4,5,2.166666666666667,0.6666666666666667,30.76923076923077
2026-09-08T11:47:02,cohort,62705152,,Harry Potter - J. K. Rowling,same,0,0,0,0,0,0,49471,2269,344,25,4.5865254391461665,0.6953568757453862,15.16086381665932
2026-09-08T11:47:02,cohort,92137606,,Harry Potter - J. K. Rowling,same,0,0,0,0,0,0,139,33,0,1,23.741007194244602,0.0,0.0
2026-09-08T11:47:02,cohort,91944981,,Harry Potter - J. K. Rowling,same,0,0,0,0,0,0,472,25,18,3,5.296610169491525,3.8135593220338984,72.0
2026-09-08T11:47:02,cohort,91885936,,Harry Potter - J. K. Rowling,same,0,0,0,0,0,0,219,13,2,3,5.93607305936073,0.91324200913242,15.384615384615385
2026-09-08T11:47:02,cohort,91825761,,Harry Potter - J. K. Rowling,same,0,0,0,0,0,0,357,17,12,6,4.761904761904762,3.361344537815126,70.58823529411765
2026-09-08T11:47:02,cohort,91792796,,Harry Potter - J. K. Rowling,same,0,0,0,0,0,0,83,5,0,8,6.024096385542169,0.0,0.0
2026-09-08T11:47:02,cohort,91739826,,Harry Potter - J. K. Rowling,same,0,0,0,0,0,0,274,14,8,2,5.109489051094891,2.9197080291970803,57.14285714285714
2026-09-08T11:47:02,cohort,91608651,,Harry Potter - J. K. Rowling,same,0,0,0,0,0,0,1483,76,25,8,5.124747134187458,1.6857720836142953,32.89473684210527
2026-09-08T11:47:02,cohort,91279821,,Harry Potter - J. K. Rowling,same,0,0,0,0,0,0,326,38,6,3,11.65644171779141,1.8404907975460123,15.789473684210526
2026-09-08T11:47:02,cohort,90942221,,Harry Potter - J. K. Rowling,same,0,0,0,0,0,0,168,11,1,3,6.547619047619048,0.5952380952380952,9.090909090909092
2026-09-08T11:47:02,cohort,90251381,,Harry Potter - J. K. Rowling,same,0,0,0,0,0,0,247,13,2,5,5.263157894736842,0.8097165991902834,15.384615384615385
2026-09-08T11:47:02,cohort,90134316,,Harry Potter - J. K. Rowling,same,0,0,0,0,0,0,192,11,3,3,5.729166666666666,1.5625,27.27272727272727
2026-09-08T11:47:02,cohort,89910101,,Harry Potter - J. K. Rowling,same,0,0,0,0,0,0,690,53,12,12,7.681159420289855,1.7391304347826086,22.641509433962266
2026-09-08T11:47:02,cohort,89812251,,Harry Potter - J. K. Rowling,same,0,0,0,0,0,0,212,4,0,11,1.8867924528301887,0.0,0.0
