run_timestamp,role,work_id,title,fandom,fandom_scope,category_filter,warning_filter,crossover_filter,chapter_filter,completion_filter,timeframe_filter,hits,kudos,comments,chapters,rating,warnings,category,language,date_updated,kudos_to_hits,comments_to_hits,comments_to_kudos
2026-09-08T21:34:43,target,91936516,Where The Duck Is Minerva McGonagall? (Traduzione Italiana),Harry Potter - J. K. Rowling,same,0,0,0,0,0,0,77,0,1,10,Explicit,Creator Chose Not To Use Archive Warnings,F/M,Italiano,2026-09-08,0.0,1.2987012987012987,0
2026-09-08T21:34:43,cohort,75293381,,Harry Potter - J. K. Rowling,same,0,0,0,0,0,0,1028,55,36,9,Teen And Up Audiences,"No Archive Warnings Apply, Gen, Other",,English,31 Aug 2026,5.3501945525291825,3.501945525291829,65.45454545454545
2026-09-08T21:34:43,cohort,91762236,,Harry Potter - J. K. Rowling,same,0,0,0,0,0,0,117,1,0,1,Explicit,"Rape/Non-Con, F/M, M/M, Multi",,English,01 Sep 2026,0.8547008547008548,0.0,0.0
2026-09-08T21:34:43,cohort,90112651,,Harry Potter - J. K. Rowling,same,0,0,0,0,0,0,622,46,26,4,Teen And Up Audiences,No Archive Warnings Apply,M/M,English,01 Sep 2026,7.395498392282958,4.180064308681672,56.52173913043478
2026-09-08T21:34:43,cohort,81667466,,Harry Potter - J. K. Rowling,same,0,0,0,0,0,0,784,20,181,26,Teen And Up Audiences,Graphic Depictions Of Violence,M/M,English,01 Sep 2026,2.5510204081632653,23.08673469387755,905.0000000000001
2026-09-08T21:34:43,cohort,83609411,,Harry Potter - J. K. Rowling,same,0,0,0,0,0,0,901,30,6,19,Explicit,"Underage Sex, F/M, M/M",,Español,31 Aug 2026,3.3296337402885685,0.6659267480577136,20.0
2026-09-08T21:34:43,cohort,91295766,,Harry Potter - J. K. Rowling,same,0,0,0,0,0,0,1293,107,41,3,Explicit,Creator Chose Not To Use Archive Warnings,F/M,English,01 Sep 2026,8.275328692962104,3.17092034029389,38.31775700934579
2026-09-08T21:34:43,cohort,91356981,,Harry Potter - J. K. Rowling,same,0,0,0,0,0,0,1220,15,1,2,Explicit,Creator Chose Not To Use Archive Warnings,F/M,English,01 Sep 2026,1.2295081967213115,0.08196721311475409,6.666666666666667
2026-09-08T21:34:43,cohort,90021486,,Harry Potter - J. K. Rowling,same,0,0,0,0,0,0,94,8,4,4,Not Rated,"Underage Sex, M/M, Multi",,English,01 Sep 2026,8.51063829787234,4.25531914893617,50.0
2026-09-08T21:34:43,cohort,91760661,,Harry Potter - J. K. Rowling,same,0,0,0,0,0,0,62,0,0,1,Explicit,Rape/Non-Con,F/M,English,01 Sep 2026,0.0,0.0,0.0
2026-09-08T21:34:43,cohort,77849471,,Harry Potter - J. K. Rowling,same,0,0,0,0,0,0,5316,103,20,13,Explicit,"Graphic Depictions Of Violence, Major Character Death, Underage Sex",M/M,English,01 Sep 2026,1.9375470278404816,0.3762227238525207,19.41747572815534
2026-09-08T21:34:43,cohort,90101866,,Harry Potter - J. K. Rowling,same,0,0,0,0,0,0,562,31,19,8,Explicit,"Major Character Death, Underage Sex, F/M, M/M",,English,01 Sep 2026,5.5160142348754455,3.3807829181494666,61.29032258064516
2026-09-08T21:34:43,cohort,91759781,,Harry Potter - J. K. Rowling,same,0,0,0,0,0,0,116,13,0,1,Not Rated,No Archive Warnings Apply,F/M,English,01 Sep 2026,11.206896551724139,0.0,0.0
2026-09-08T21:34:43,cohort,91755016,,Harry Potter - J. K. Rowling,same,0,0,0,0,0,0,64,10,2,1,Mature,Creator Chose Not To Use Archive Warnings,M/M,English,01 Sep 2026,15.625,3.125,20.0
2026-09-08T21:34:43,cohort,82982241,,Harry Potter - J. K. Rowling,same,0,0,0,0,0,0,3045,116,105,10,Explicit,"Creator Chose Not To Use Archive Warnings, F/M, Multi",,English,01 Sep 2026,3.8095238095238098,3.4482758620689653,90.51724137931035
2026-09-08T21:34:43,cohort,62794099,,Harry Potter - J. K. Rowling,same,0,0,0,0,0,0,26446,490,597,73,Mature,"Graphic Depictions Of Violence, F/M, M/M, Multi",,English,31 Aug 2026,1.8528321863419799,2.257430235196249,121.83673469387755
2026-09-08T21:34:43,cohort,91619956,,Harry Potter - J. K. Rowling,same,0,0,0,0,0,0,144,2,2,3,Teen And Up Audiences,"Major Character Death, F/F, F/M, M/M",,English,31 Aug 2026,1.3888888888888888,1.3888888888888888,100.0
2026-09-08T21:34:43,cohort,91486566,,Harry Potter - J. K. Rowling,same,0,0,0,0,0,0,148,9,3,2,Teen And Up Audiences,"No Archive Warnings Apply, F/M, M/M",,English,01 Sep 2026,6.081081081081082,2.027027027027027,33.33333333333333
2026-09-08T21:34:43,cohort,91655331,,Harry Potter - J. K. Rowling,same,0,0,0,0,0,0,422,13,7,6,General Audiences,No Archive Warnings Apply,F/M,English,01 Sep 2026,3.080568720379147,1.6587677725118484,53.84615384615385
2026-09-08T21:34:43,cohort,91756806,,Harry Potter - J. K. Rowling,same,0,0,0,0,0,0,169,14,1,1,Teen And Up Audiences,No Archive Warnings Apply,F/M,English,01 Sep 2026,8.284023668639055,0.591715976331361,7.142857142857142
2026-09-08T21:34:43,cohort,91756531,,Harry Potter - J. K. Rowling,same,0,0,0,0,0,0,285,25,1,1,Not Rated,Creator Chose Not To Use Archive Warnings,M/M,English,01 Sep 2026,8.771929824561402,0.3508771929824561,4.0
2026-09-08T21:34:43,cohort,76513026,,Harry Potter - J. K. Rowling,same,0,0,0,0,0,0,44621,1223,525,24,Explicit,Rape/Non-Con,M/M,English,01 Sep 2026,2.7408619259989693,1.1765760516348804,42.927228127555196
2026-09-08T21:34:43,cohort,91756196,,Harry Potter - J. K. Rowling,same,0,0,0,0,0,0,61,1,0,1,Teen And Up Audiences,Creator Chose Not To Use Archive Warnings,F/M,English,01 Sep 2026,1.639344262295082,0.0,0.0
2026-09-08T21:34:43,cohort,91755041,,Harry Potter - J. K. Rowling,same,0,0,0,0,0,0,106,3,2,2,Not Rated,"Creator Chose Not To Use Archive Warnings, F/M, Gen, M/M",,English,01 Sep 2026,2.8301886792452833,1.8867924528301887,66.66666666666666
2026-09-08T21:34:43,cohort,85096241,,Harry Potter - J. K. Rowling,same,0,0,0,0,0,0,1352,44,10,2,Mature,Graphic Depictions Of Violence,Multi,English,01 Sep 2026,3.2544378698224854,0.7396449704142012,22.727272727272727
2026-09-08T21:34:43,cohort,11291094,,Harry Potter - J. K. Rowling,same,0,0,0,0,0,0,366853,4541,3020,89,Teen And Up Audiences,"Graphic Depictions Of Violence, Underage Sex, F/M, Gen",,English,01 Sep 2026,1.237825505038803,0.8232180192066032,66.50517507157015
2026-09-08T21:34:43,cohort,64276129,,Harry Potter - J. K. Rowling,same,0,0,0,0,0,0,3424,37,29,52,Explicit,"Graphic Depictions Of Violence, Major Character Death, No category",,English,01 Sep 2026,1.080607476635514,0.8469626168224298,78.37837837837837
2026-09-08T21:34:43,cohort,89706051,,Harry Potter - J. K. Rowling,same,0,0,0,0,0,0,241,16,15,6,Explicit,"Graphic Depictions Of Violence, F/M, M/M",,English,01 Sep 2026,6.639004149377594,6.224066390041494,93.75
2026-09-08T21:34:43,cohort,74555906,,Harry Potter - J. K. Rowling,same,0,0,0,0,0,0,68304,1299,670,44,Explicit,"Graphic Depictions Of Violence, F/M, M/M, Multi",,English,31 Aug 2026,1.9017919887561492,0.980908877957367,51.578137028483454
2026-09-08T21:34:43,cohort,57573088,,Harry Potter - J. K. Rowling,same,0,0,0,0,0,0,6259,128,59,12,Teen And Up Audiences,Creator Chose Not To Use Archive Warnings,Gen,English,01 Sep 2026,2.045055120626298,0.9426425946636843,46.09375
2026-09-08T21:34:43,cohort,91754761,,Harry Potter - J. K. Rowling,same,0,0,0,0,0,0,212,13,8,1,General Audiences,"No Archive Warnings Apply, No category",,English,01 Sep 2026,6.132075471698113,3.7735849056603774,61.53846153846154
2026-09-08T21:34:43,cohort,81943106,,Harry Potter - J. K. Rowling,same,0,0,0,0,0,0,3493,117,104,22,Explicit,Creator Chose Not To Use Archive Warnings,M/M,English,01 Sep 2026,3.349556255367878,2.977383338104781,88.88888888888889
2026-09-08T21:34:43,cohort,91680686,,Harry Potter - J. K. Rowling,same,0,0,0,0,0,0,60,1,0,5,Not Rated,Underage Sex,F/M,English,01 Sep 2026,1.6666666666666667,0.0,0.0
2026-09-08T21:34:43,cohort,33432031,,Harry Potter - J. K. Rowling,same,0,0,0,0,0,0,190166,5062,1933,77,Teen And Up Audiences,"Graphic Depictions Of Violence, No category",,English,31 Aug 2026,2.6618848795263084,1.0164803382308087,38.186487554326355
2026-09-08T21:34:43,cohort,67604711,,Harry Potter - J. K. Rowling,same,0,0,0,0,0,0,5844,174,95,67,Mature,"Graphic Depictions Of Violence, F/M, M/M",,English,31 Aug 2026,2.97741273100616,1.625598904859685,54.59770114942529
2026-09-08T21:34:43,cohort,81504201,,Harry Potter - J. K. Rowling,same,0,0,0,0,0,0,5593,146,227,27,Mature,No Archive Warnings Apply,M/M,English,31 Aug 2026,2.610405864473449,4.05864473448954,155.4794520547945
2026-09-08T21:34:43,cohort,90066516,,Harry Potter - J. K. Rowling,same,0,0,0,0,0,0,96,15,6,5,General Audiences,Major Character Death,M/M,English,31 Aug 2026,15.625,6.25,40.0
2026-09-08T21:34:43,cohort,86073161,,Harry Potter - J. K. Rowling,same,0,0,0,0,0,0,412,11,6,6,General Audiences,"Creator Chose Not To Use Archive Warnings, No category",,English,31 Aug 2026,2.669902912621359,1.4563106796116505,54.54545454545454
2026-09-08T21:34:43,cohort,90146571,,Harry Potter - J. K. Rowling,same,0,0,0,0,0,0,1374,68,10,6,Mature,"Creator Chose Not To Use Archive Warnings, Graphic Depictions Of Violence, No category",,English,31 Aug 2026,4.9490538573508,0.727802037845706,14.705882352941178
2026-09-08T21:34:43,cohort,76670041,,Harry Potter - J. K. Rowling,same,0,0,0,0,0,0,9140,493,70,8,General Audiences,Creator Chose Not To Use Archive Warnings,F/M,English,31 Aug 2026,5.393873085339169,0.7658643326039387,14.198782961460447
2026-09-08T21:34:43,cohort,91491096,,Harry Potter - J. K. Rowling,same,0,0,0,0,0,0,65,1,0,4,Teen And Up Audiences,Major Character Death,M/M,中文-普通话 國語,31 Aug 2026,1.5384615384615385,0.0,0.0
2026-09-08T21:34:43,cohort,91752666,,Harry Potter - J. K. Rowling,same,0,0,0,0,0,0,293,10,4,1,Teen And Up Audiences,Major Character Death,F/M,English,31 Aug 2026,3.4129692832764507,1.3651877133105803,40.0
2026-09-08T21:34:43,cohort,86374851,,Harry Potter - J. K. Rowling,same,0,0,0,0,0,0,3942,176,21,13,Mature,"Creator Chose Not To Use Archive Warnings, Graphic Depictions Of Violence, Rape/Non-Con, Gen, F/M, M/M",,English,31 Aug 2026,4.4647387113140535,0.532724505327245,11.931818181818182
2026-09-08T21:34:43,cohort,91194646,,Harry Potter - J. K. Rowling,same,0,0,0,0,0,0,110,4,1,2,Teen And Up Audiences,Creator Chose Not To Use Archive Warnings,F/M,English,31 Aug 2026,3.6363636363636362,0.9090909090909091,25.0
2026-09-08T21:34:43,cohort,88518581,,Harry Potter - J. K. Rowling,same,0,0,0,0,0,0,785,20,3,26,Teen And Up Audiences,Creator Chose Not To Use Archive Warnings,F/M,English,31 Aug 2026,2.547770700636943,0.3821656050955414,15.0
2026-09-08T21:34:43,cohort,60268696,,Harry Potter - J. K. Rowling,same,0,0,0,0,0,0,37241,102,36,23,Explicit,"Creator Chose Not To Use Archive Warnings, F/M, Multi",,English,31 Aug 2026,0.2738916785263554,0.096667651244596,35.294117647058826
2026-09-08T21:34:43,cohort,33314560,,Harry Potter - J. K. Rowling,same,0,0,0,0,0,0,4250,164,16,6,Mature,"Rape/Non-Con, Underage Sex",M/M,English,31 Aug 2026,3.8588235294117643,0.3764705882352941,9.75609756097561
2026-09-08T21:34:43,cohort,50369842,,Harry Potter - J. K. Rowling,same,0,0,0,0,0,0,50634,901,397,44,Not Rated,"Graphic Depictions Of Violence, F/F, F/M, M/M",,English,31 Aug 2026,1.7794367421100445,0.7840581427499309,44.062153163152054
2026-09-08T21:34:43,cohort,86195271,,Harry Potter - J. K. Rowling,same,0,0,0,0,0,0,4783,273,40,13,Explicit,Creator Chose Not To Use Archive Warnings,M/M,English,31 Aug 2026,5.707714823332637,0.8362952122099101,14.652014652014653
2026-09-08T21:34:43,cohort,91091306,,Harry Potter - J. K. Rowling,same,0,0,0,0,0,0,96,6,4,3,Mature,Graphic Depictions Of Violence,F/M,English,31 Aug 2026,6.25,4.166666666666666,66.66666666666666
2026-09-08T21:34:43,cohort,91751221,,Harry Potter - J. K. Rowling,same,0,0,0,0,0,0,60,6,1,1,Teen And Up Audiences,"No Archive Warnings Apply, Gen, M/M, Other",,English,31 Aug 2026,10.0,1.6666666666666667,16.666666666666664
2026-09-08T21:34:43,cohort,63565402,,Harry Potter - J. K. Rowling,same,0,0,0,0,0,0,12752,168,90,61,Mature,"Graphic Depictions Of Violence, Major Character Death, No category",,English,31 Aug 2026,1.3174404015056462,0.705771643663739,53.57142857142857
2026-09-08T21:34:43,cohort,61825138,,Harry Potter - J. K. Rowling,same,0,0,0,0,0,0,12655,136,18,170,Mature,"Graphic Depictions Of Violence, Major Character Death, Underage Sex",F/M,English,31 Aug 2026,1.0746740418806795,0.14223627024891347,13.23529411764706
2026-09-08T21:34:43,cohort,91351196,,Harry Potter - J. K. Rowling,same,0,0,0,0,0,0,1004,12,6,75,Explicit,"Creator Chose Not To Use Archive Warnings, M/M, Multi",,English,31 Aug 2026,1.1952191235059761,0.5976095617529881,50.0
2026-09-08T21:34:43,cohort,90637076,,Harry Potter - J. K. Rowling,same,0,0,0,0,0,0,855,104,37,3,Mature,No Archive Warnings Apply,M/M,English,31 Aug 2026,12.163742690058479,4.3274853801169595,35.57692307692308
2026-09-08T21:34:43,cohort,77109761,,Harry Potter - J. K. Rowling,same,0,0,0,0,0,0,1436,19,28,60,Mature,Creator Chose Not To Use Archive Warnings,F/M,中文-普通话 國語,31 Aug 2026,1.3231197771587744,1.9498607242339834,147.36842105263156
2026-09-08T21:34:43,cohort,89378491,,Harry Potter - J. K. Rowling,same,0,0,0,0,0,0,422,36,9,3,Explicit,No Archive Warnings Apply,M/M,English,31 Aug 2026,8.530805687203792,2.132701421800948,25.0
2026-09-08T21:34:43,cohort,90030736,,Harry Potter - J. K. Rowling,same,0,0,0,0,0,0,59,5,2,2,Teen And Up Audiences,No Archive Warnings Apply,F/M,English,31 Aug 2026,8.47457627118644,3.389830508474576,40.0
2026-09-08T21:34:43,cohort,75819676,,Harry Potter - J. K. Rowling,same,0,0,0,0,0,0,18890,600,190,25,Not Rated,Creator Chose Not To Use Archive Warnings,F/M,English,31 Aug 2026,3.1762837480148227,1.0058231868713605,31.666666666666664
2026-09-08T21:34:43,cohort,67875681,,Harry Potter - J. K. Rowling,same,0,0,0,0,0,0,3942,95,68,59,Mature,Graphic Depictions Of Violence,F/M,English,31 Aug 2026,2.4099441907661086,1.7250126839167934,71.57894736842105
2026-09-08T21:34:43,cohort,91748611,,Harry Potter - J. K. Rowling,same,0,0,0,0,0,0,63,3,2,1,Explicit,No Archive Warnings Apply,F/M,English,31 Aug 2026,4.761904761904762,3.1746031746031744,66.66666666666666
2026-09-08T21:34:43,cohort,91749151,,Harry Potter - J. K. Rowling,same,0,0,0,0,0,0,174,2,0,12,Explicit,Creator Chose Not To Use Archive Warnings,F/M,English,31 Aug 2026,1.1494252873563218,0.0,0.0
2026-09-08T21:34:43,cohort,91749426,,Harry Potter - J. K. Rowling,same,0,0,0,0,0,0,2611,176,12,1,Explicit,No Archive Warnings Apply,M/M,English,31 Aug 2026,6.74071237073918,0.4595940252776714,6.8181818181818175
2026-09-08T21:34:43,cohort,62010790,,Harry Potter - J. K. Rowling,same,0,0,0,0,0,0,764,25,1,7,Mature,"Graphic Depictions Of Violence, F/F, F/M, Gen, M/M",,English,31 Aug 2026,3.2722513089005236,0.13089005235602094,4.0
2026-09-08T21:34:43,cohort,64989034,,Harry Potter - J. K. Rowling,same,0,0,0,0,0,0,1344,47,4,3,General Audiences,No Archive Warnings Apply,M/M,English,31 Aug 2026,3.4970238095238098,0.2976190476190476,8.51063829787234
2026-09-08T21:34:43,cohort,91749356,,Harry Potter - J. K. Rowling,same,0,0,0,0,0,0,91,11,1,1,General Audiences,"No Archive Warnings Apply, No category",,English,31 Aug 2026,12.087912087912088,1.098901098901099,9.090909090909092
2026-09-08T21:34:43,cohort,55202371,,Harry Potter - J. K. Rowling,same,0,0,0,0,0,0,4789,146,34,25,Teen And Up Audiences,"Creator Chose Not To Use Archive Warnings, F/F, F/M, M/M",,English,31 Aug 2026,3.048653163499687,0.7099603257465024,23.28767123287671
2026-09-08T21:34:43,cohort,88304361,,Harry Potter - J. K. Rowling,same,0,0,0,0,0,0,349,8,6,9,Not Rated,Creator Chose Not To Use Archive Warnings,M/M,English,31 Aug 2026,2.292263610315186,1.7191977077363898,75.0
2026-09-08T21:34:43,cohort,84456616,,Harry Potter - J. K. Rowling,same,0,0,0,0,0,0,7571,311,70,18,Mature,"Major Character Death, Underage Sex",M/M,English,31 Aug 2026,4.1077796856425834,0.9245806366398098,22.508038585209004
2026-09-08T21:34:43,cohort,59257654,,Harry Potter - J. K. Rowling,same,0,0,0,0,0,0,352,6,1,12,General Audiences,Creator Chose Not To Use Archive Warnings,F/M,English,01 Sep 2026,1.7045454545454544,0.2840909090909091,16.666666666666664
2026-09-08T21:34:43,cohort,81452796,,Harry Potter - J. K. Rowling,same,0,0,0,0,0,0,11926,363,451,26,Explicit,Creator Chose Not To Use Archive Warnings,F/M,English,31 Aug 2026,3.043769914472581,3.7816535301022975,124.24242424242425
2026-09-08T21:34:43,cohort,75118766,,Harry Potter - J. K. Rowling,same,0,0,0,0,0,0,4237,104,91,32,Mature,No Archive Warnings Apply,F/M,English,31 Aug 2026,2.4545669105499175,2.1477460467311777,87.5
2026-09-08T21:34:43,cohort,91748231,,Harry Potter - J. K. Rowling,same,0,0,0,0,0,0,241,48,4,1,Teen And Up Audiences,No Archive Warnings Apply,F/M,English,31 Aug 2026,19.91701244813278,1.6597510373443984,8.333333333333332
2026-09-08T21:34:43,cohort,75918836,,Harry Potter - J. K. Rowling,same,0,0,0,0,0,0,1140,45,25,14,Mature,Creator Chose Not To Use Archive Warnings,F/M,English,31 Aug 2026,3.9473684210526314,2.1929824561403506,55.55555555555556
2026-09-08T21:34:43,cohort,66596539,,Harry Potter - J. K. Rowling,same,0,0,0,0,0,0,14904,521,205,19,Teen And Up Audiences,"Creator Chose Not To Use Archive Warnings, F/F, F/M, M/M, Multi",,English,31 Aug 2026,3.495705850778315,1.375469672571122,39.34740882917466
2026-09-08T21:34:43,cohort,91748156,,Harry Potter - J. K. Rowling,same,0,0,0,0,0,0,93,5,1,1,General Audiences,No Archive Warnings Apply,M/M,English,31 Aug 2026,5.376344086021505,1.0752688172043012,20.0
2026-09-08T21:34:43,cohort,76366861,,Harry Potter - J. K. Rowling,same,0,0,0,0,0,0,5695,193,49,57,Explicit,"Graphic Depictions Of Violence, Major Character Death",F/M,English,31 Aug 2026,3.3889376646180858,0.8604038630377524,25.38860103626943
2026-09-08T21:34:43,cohort,89116711,,Harry Potter - J. K. Rowling,same,0,0,0,0,0,0,996,49,21,6,Teen And Up Audiences,"Graphic Depictions Of Violence, No category",,English,31 Aug 2026,4.919678714859438,2.108433734939759,42.857142857142854
2026-09-08T21:34:43,cohort,88369341,,Harry Potter - J. K. Rowling,same,0,0,0,0,0,0,3285,86,28,6,Mature,"Graphic Depictions Of Violence, Major Character Death, Rape/Non-Con, Underage Sex",F/M,English,31 Aug 2026,2.617960426179604,0.852359208523592,32.55813953488372
2026-09-08T21:34:43,cohort,91747656,,Harry Potter - J. K. Rowling,same,0,0,0,0,0,0,99,2,0,1,Explicit,No Archive Warnings Apply,M/M,English,31 Aug 2026,2.0202020202020203,0.0,0.0
2026-09-08T21:34:43,cohort,91747501,,Harry Potter - J. K. Rowling,same,0,0,0,0,0,0,86,2,0,1,Explicit,No Archive Warnings Apply,M/M,English,31 Aug 2026,2.3255813953488373,0.0,0.0
2026-09-08T21:34:43,cohort,91347661,,Harry Potter - J. K. Rowling,same,0,0,0,0,0,0,1438,104,11,2,General Audiences,No Archive Warnings Apply,Gen,English,31 Aug 2026,7.232267037552156,0.764951321279555,10.576923076923077
2026-09-08T21:34:43,cohort,63640366,,Harry Potter - J. K. Rowling,same,0,0,0,0,0,0,8055,376,108,12,Teen And Up Audiences,"Graphic Depictions Of Violence, Major Character Death",F/M,English,31 Aug 2026,4.667908131595282,1.3407821229050279,28.723404255319153
2026-09-08T21:34:43,cohort,77758021,,Harry Potter - J. K. Rowling,same,0,0,0,0,0,0,127,9,22,3,Teen And Up Audiences,No Archive Warnings Apply,Gen,English,31 Aug 2026,7.086614173228346,17.322834645669293,244.44444444444446
2026-09-08T21:34:43,cohort,91746391,,Harry Potter - J. K. Rowling,same,0,0,0,0,0,0,1055,30,0,1,Explicit,Creator Chose Not To Use Archive Warnings,F/M,English,31 Aug 2026,2.843601895734597,0.0,0.0
2026-09-08T21:34:43,cohort,84474686,,Harry Potter - J. K. Rowling,same,0,0,0,0,0,0,32455,1016,480,25,Explicit,Creator Chose Not To Use Archive Warnings,F/M,English,01 Sep 2026,3.130488368510245,1.4789708827607457,47.24409448818898
2026-09-08T21:34:43,cohort,91477576,,Harry Potter - J. K. Rowling,same,0,0,0,0,0,0,5003,64,12,2,Explicit,"Graphic Depictions Of Violence, Underage Sex, F/M, Other",,English,31 Aug 2026,1.2792324605236858,0.23985608634819106,18.75
2026-09-08T21:34:43,cohort,91746021,,Harry Potter - J. K. Rowling,same,0,0,0,0,0,0,225,32,14,1,Explicit,Creator Chose Not To Use Archive Warnings,F/M,English,31 Aug 2026,14.222222222222221,6.222222222222222,43.75
2026-09-08T21:34:43,cohort,91277526,,Harry Potter - J. K. Rowling,same,0,0,0,0,0,0,80,5,4,2,Teen And Up Audiences,Creator Chose Not To Use Archive Warnings,M/M,English,31 Aug 2026,6.25,5.0,80.0
2026-09-08T21:34:43,cohort,91745816,,Harry Potter - J. K. Rowling,same,0,0,0,0,0,0,309,18,2,1,Explicit,Underage Sex,M/M,English,31 Aug 2026,5.825242718446602,0.6472491909385114,11.11111111111111
2026-09-08T21:34:43,cohort,91745646,,Harry Potter - J. K. Rowling,same,0,0,0,0,0,0,3198,148,5,1,Explicit,No Archive Warnings Apply,F/M,English,31 Aug 2026,4.627892432770482,0.15634771732332708,3.3783783783783785
2026-09-08T21:34:43,cohort,91744831,,Harry Potter - J. K. Rowling,same,0,0,0,0,0,0,79,18,0,1,Not Rated,No Archive Warnings Apply,Gen,English,31 Aug 2026,22.78481012658228,0.0,0.0
2026-09-08T21:34:43,cohort,42043533,,Harry Potter - J. K. Rowling,same,0,0,0,0,0,0,8802,221,102,6,Teen And Up Audiences,"Creator Chose Not To Use Archive Warnings, F/M, Gen",,English,31 Aug 2026,2.5107930015905477,1.1588275391956373,46.15384615384615
2026-09-08T21:34:43,cohort,56623471,,Harry Potter - J. K. Rowling,same,0,0,0,0,0,0,5712,156,70,12,Not Rated,"Graphic Depictions Of Violence, F/M, M/M",,Español,31 Aug 2026,2.73109243697479,1.2254901960784315,44.871794871794876
2026-09-08T21:34:43,cohort,59337970,,Harry Potter - J. K. Rowling,same,0,0,0,0,0,0,198545,2835,1046,45,Teen And Up Audiences,Graphic Depictions Of Violence,Gen,English,31 Aug 2026,1.4278878843587095,0.5268327079503388,36.89594356261023
2026-09-08T21:34:43,cohort,74207921,,Harry Potter - J. K. Rowling,same,0,0,0,0,0,0,45033,497,351,38,Mature,"Graphic Depictions Of Violence, F/F, F/M",,English,31 Aug 2026,1.1036351120289565,0.7794284191592832,70.62374245472837
2026-09-08T21:34:43,cohort,65976121,,Harry Potter - J. K. Rowling,same,0,0,0,0,0,0,5872,95,265,59,Explicit,"Graphic Depictions Of Violence, Major Character Death, Rape/Non-Con, F/F, F/M",,English,31 Aug 2026,1.6178474114441417,4.512942779291553,278.9473684210526
2026-09-08T21:34:43,cohort,16339133,,Harry Potter - J. K. Rowling,same,0,0,0,0,0,0,199764,7173,2730,19,Teen And Up Audiences,"Creator Chose Not To Use Archive Warnings, F/F, F/M, Gen, M/M, Multi",,English,31 Aug 2026,3.5907370697422962,1.3666126028713883,38.05938937682978
2026-09-08T21:34:43,cohort,79160356,,Harry Potter - J. K. Rowling,same,0,0,0,0,0,0,9313,317,164,12,Explicit,No Archive Warnings Apply,M/M,English,31 Aug 2026,3.4038440889079777,1.7609792762804684,51.73501577287066
2026-09-08T21:34:43,cohort,86365041,,Harry Potter - J. K. Rowling,same,0,0,0,0,0,0,255,10,14,10,Teen And Up Audiences,Creator Chose Not To Use Archive Warnings,F/M,English,31 Aug 2026,3.9215686274509802,5.490196078431373,140.0
2026-09-08T21:34:43,cohort,52722472,,Harry Potter - J. K. Rowling,same,0,0,0,0,0,0,23274,342,306,25,Mature,Graphic Depictions Of Violence,F/M,English,31 Aug 2026,1.4694508894044858,1.3147718484145399,89.47368421052632
2026-09-08T21:34:43,cohort,84049551,,Harry Potter - J. K. Rowling,same,0,0,0,0,0,0,2684,78,76,15,Teen And Up Audiences,No Archive Warnings Apply,F/M,English,31 Aug 2026,2.9061102831594634,2.8315946348733236,97.43589743589743
2026-09-08T21:34:43,cohort,91741831,,Harry Potter - J. K. Rowling,same,0,0,0,0,0,0,236,28,3,1,Explicit,Rape/Non-Con,M/M,Español,31 Aug 2026,11.864406779661017,1.2711864406779663,10.714285714285714
2026-09-08T21:34:43,cohort,43923420,,Harry Potter - J. K. Rowling,same,0,0,0,0,0,0,17224,214,37,56,Teen And Up Audiences,"Graphic Depictions Of Violence, Major Character Death, F/M, Gen",,English,31 Aug 2026,1.2424523920111472,0.2148165350673479,17.289719626168225
2026-09-08T21:34:43,cohort,73360791,,Harry Potter - J. K. Rowling,same,0,0,0,0,0,0,1135,34,28,8,General Audiences,"Creator Chose Not To Use Archive Warnings, Graphic Depictions Of Violence",Multi,English,31 Aug 2026,2.9955947136563874,2.4669603524229076,82.35294117647058
2026-09-08T21:34:43,cohort,90781746,,Harry Potter - J. K. Rowling,same,0,0,0,0,0,0,94,7,3,5,Mature,"Creator Chose Not To Use Archive Warnings, F/M, Multi",,English,31 Aug 2026,7.446808510638298,3.1914893617021276,42.857142857142854
2026-09-08T21:34:43,cohort,91743531,,Harry Potter - J. K. Rowling,same,0,0,0,0,0,0,594,60,5,1,Teen And Up Audiences,Creator Chose Not To Use Archive Warnings,F/M,English,31 Aug 2026,10.1010101010101,0.8417508417508417,8.333333333333332
2026-09-08T21:34:43,cohort,66125437,,Harry Potter - J. K. Rowling,same,0,0,0,0,0,0,261,13,1,2,General Audiences,"Major Character Death, Graphic Depictions Of Violence, M/M, F/M",,English,31 Aug 2026,4.980842911877394,0.38314176245210724,7.6923076923076925
2026-09-08T21:34:43,cohort,91743071,,Harry Potter - J. K. Rowling,same,0,0,0,0,0,0,423,79,8,1,General Audiences,No Archive Warnings Apply,Gen,English,31 Aug 2026,18.67612293144208,1.8912529550827424,10.126582278481013
2026-09-08T21:34:43,cohort,91742731,,Harry Potter - J. K. Rowling,same,0,0,0,0,0,0,498,30,4,1,General Audiences,No Archive Warnings Apply,M/M,English,31 Aug 2026,6.024096385542169,0.8032128514056224,13.333333333333334
2026-09-08T21:34:43,cohort,89149511,,Harry Potter - J. K. Rowling,same,0,0,0,0,0,0,611,19,11,11,General Audiences,No Archive Warnings Apply,Gen,English,31 Aug 2026,3.109656301145663,1.800327332242226,57.89473684210527
2026-09-08T21:34:43,cohort,91742581,,Harry Potter - J. K. Rowling,same,0,0,0,0,0,0,134,5,2,1,General Audiences,No Archive Warnings Apply,F/M,English,31 Aug 2026,3.731343283582089,1.4925373134328357,40.0
2026-09-08T21:34:43,cohort,81098751,,Harry Potter - J. K. Rowling,same,0,0,0,0,0,0,471,18,6,36,Teen And Up Audiences,Creator Chose Not To Use Archive Warnings,F/M,English,31 Aug 2026,3.821656050955414,1.2738853503184715,33.33333333333333
2026-09-08T21:34:43,cohort,21206021,,Harry Potter - J. K. Rowling,same,0,0,0,0,0,0,536271,2546,1504,25,Explicit,"Underage Sex, Graphic Depictions Of Violence, F/F, F/M, Multi, Other",,English,31 Aug 2026,0.47475996278001237,0.280455217604532,59.07305577376276
2026-09-08T21:34:43,cohort,59149657,,Harry Potter - J. K. Rowling,same,0,0,0,0,0,0,47179,2876,732,12,Mature,Graphic Depictions Of Violence,M/M,English,31 Aug 2026,6.095932512346595,1.5515377604442655,25.452016689847014
2026-09-08T21:34:43,cohort,81467541,,Harry Potter - J. K. Rowling,same,0,0,0,0,0,0,1908,67,20,12,General Audiences,"No Archive Warnings Apply, No category",,English,31 Aug 2026,3.511530398322851,1.0482180293501049,29.850746268656714
2026-09-08T21:34:43,cohort,87808431,,Harry Potter - J. K. Rowling,same,0,0,0,0,0,0,38286,809,1051,74,Teen And Up Audiences,No Archive Warnings Apply,F/M,English,31 Aug 2026,2.113043932507966,2.745128767695763,129.91347342398024
2026-09-08T21:34:43,cohort,86147431,,Harry Potter - J. K. Rowling,same,0,0,0,0,0,0,65,0,9,43,Mature,Creator Chose Not To Use Archive Warnings,F/M,Español,31 Aug 2026,0.0,13.846153846153847,0.0
2026-09-08T21:34:43,cohort,91503526,,Harry Potter - J. K. Rowling,same,0,0,0,0,0,0,2405,90,0,1,Explicit,No Archive Warnings Apply,F/F,English,31 Aug 2026,3.7422037422037424,0.0,0.0
2026-09-08T21:34:43,cohort,67263031,,Harry Potter - J. K. Rowling,same,0,0,0,0,0,0,13313,216,317,24,Teen And Up Audiences,"Creator Chose Not To Use Archive Warnings, No Archive Warnings Apply",F/M,English,31 Aug 2026,1.6224742732667317,2.3811312251183057,146.75925925925927
2026-09-08T21:34:43,cohort,39934824,,Harry Potter - J. K. Rowling,same,0,0,0,0,0,0,7935,36,38,21,Explicit,"Graphic Depictions Of Violence, Major Character Death, Rape/Non-Con, Underage Sex, F/F, Multi",,English,31 Aug 2026,0.4536862003780718,0.4788909892879647,105.55555555555556
2026-09-08T21:34:43,cohort,91293226,,Harry Potter - J. K. Rowling,same,0,0,0,0,0,0,302,12,9,6,Explicit,"Creator Chose Not To Use Archive Warnings, Graphic Depictions Of Violence, Major Character Death",F/M,English,31 Aug 2026,3.9735099337748347,2.980132450331126,75.0
2026-09-08T21:34:43,cohort,71152136,,Harry Potter - J. K. Rowling,same,0,0,0,0,0,0,20793,1104,145,11,Teen And Up Audiences,Creator Chose Not To Use Archive Warnings,M/M,English,31 Aug 2026,5.309479151637571,0.697350069735007,13.134057971014492
2026-09-08T21:34:43,cohort,17913851,,Harry Potter - J. K. Rowling,same,0,0,0,0,0,0,29743,2138,387,12,Teen And Up Audiences,No Archive Warnings Apply,Gen,English,31 Aug 2026,7.188245973842585,1.301146488249336,18.101028999064546
2026-09-08T21:34:43,cohort,91600176,,Harry Potter - J. K. Rowling,same,0,0,0,0,0,0,3539,286,29,4,Mature,Graphic Depictions Of Violence,F/M,English,31 Aug 2026,8.08137892059904,0.8194405199208816,10.13986013986014
2026-09-08T21:34:43,cohort,91532201,,Harry Potter - J. K. Rowling,same,0,0,0,0,0,0,429,41,13,2,Mature,"Graphic Depictions Of Violence, Major Character Death",M/M,English,31 Aug 2026,9.557109557109557,3.0303030303030303,31.70731707317073
2026-09-08T21:34:43,cohort,91017951,,Harry Potter - J. K. Rowling,same,0,0,0,0,0,0,1227,56,9,3,Explicit,Creator Chose Not To Use Archive Warnings,M/M,English,31 Aug 2026,4.5639771801141,0.7334963325183375,16.071428571428573
2026-09-08T21:34:43,cohort,87746561,,Harry Potter - J. K. Rowling,same,0,0,0,0,0,0,1111,36,142,14,Not Rated,"Creator Chose Not To Use Archive Warnings, M/M, F/F",,English,31 Aug 2026,3.2403240324032403,12.781278127812781,394.44444444444446
2026-09-08T21:34:43,cohort,90583681,,Harry Potter - J. K. Rowling,same,0,0,0,0,0,0,395,20,13,2,Mature,"Graphic Depictions Of Violence, Underage Sex, Major Character Death, F/M, M/M",,English,31 Aug 2026,5.063291139240507,3.2911392405063293,65.0
2026-09-08T21:34:43,cohort,90992001,,Harry Potter - J. K. Rowling,same,0,0,0,0,0,0,349,7,3,8,Explicit,"Creator Chose Not To Use Archive Warnings, No Archive Warnings Apply, Rape/Non-Con, F/F, F/M, Multi",,English,31 Aug 2026,2.005730659025788,0.8595988538681949,42.857142857142854
2026-09-08T21:34:43,cohort,91738756,,Harry Potter - J. K. Rowling,same,0,0,0,0,0,0,387,76,10,1,Mature,"Major Character Death, Gen, M/M",,English,31 Aug 2026,19.638242894056848,2.5839793281653747,13.157894736842104
2026-09-08T21:34:43,cohort,84354971,,Harry Potter - J. K. Rowling,same,0,0,0,0,0,0,11581,206,149,31,Mature,Graphic Depictions Of Violence,F/M,English,31 Aug 2026,1.7787755806925136,1.2865901044814783,72.33009708737865
2026-09-08T21:34:43,cohort,87407486,,Harry Potter - J. K. Rowling,same,0,0,0,0,0,0,2325,131,25,4,Teen And Up Audiences,"No Archive Warnings Apply, F/F, M/M",,English,31 Aug 2026,5.634408602150538,1.0752688172043012,19.083969465648856
2026-09-08T21:34:43,cohort,88805726,,Harry Potter - J. K. Rowling,same,0,0,0,0,0,0,581,36,6,7,Mature,No Archive Warnings Apply,M/M,English,31 Aug 2026,6.196213425129088,1.0327022375215147,16.666666666666664
2026-09-08T21:34:43,cohort,91738371,,Harry Potter - J. K. Rowling,same,0,0,0,0,0,0,455,52,3,1,Not Rated,Creator Chose Not To Use Archive Warnings,M/M,English,31 Aug 2026,11.428571428571429,0.6593406593406593,5.769230769230769
2026-09-08T21:34:43,cohort,91738366,,Harry Potter - J. K. Rowling,same,0,0,0,0,0,0,913,5,0,1,Explicit,Creator Chose Not To Use Archive Warnings,F/M,English,31 Aug 2026,0.547645125958379,0.0,0.0
2026-09-08T21:34:43,cohort,91733106,,Harry Potter - J. K. Rowling,same,0,0,0,0,0,0,1297,185,43,1,Teen And Up Audiences,No Archive Warnings Apply,M/M,English,31 Aug 2026,14.263685427910563,3.3153430994602933,23.243243243243246
2026-09-08T21:34:43,cohort,87436601,,Harry Potter - J. K. Rowling,same,0,0,0,0,0,0,11975,287,42,10,Not Rated,Creator Chose Not To Use Archive Warnings,Multi,English,31 Aug 2026,2.396659707724426,0.3507306889352818,14.634146341463413
2026-09-08T21:34:43,cohort,55298590,,Harry Potter - J. K. Rowling,same,0,0,0,0,0,0,160,14,6,3,Explicit,No Archive Warnings Apply,F/M,English,31 Aug 2026,8.75,3.75,42.857142857142854
2026-09-08T21:34:43,cohort,83810426,,Harry Potter - J. K. Rowling,same,0,0,0,0,0,0,5436,125,37,10,Not Rated,Creator Chose Not To Use Archive Warnings,Multi,English,31 Aug 2026,2.2994849153789554,0.6806475349521707,29.599999999999998
2026-09-08T21:34:43,cohort,91737861,,Harry Potter - J. K. Rowling,same,0,0,0,0,0,0,198,15,6,1,Explicit,"Creator Chose Not To Use Archive Warnings, Underage Sex",F/F,English,31 Aug 2026,7.575757575757576,3.0303030303030303,40.0
2026-09-08T21:34:43,cohort,56303449,,Harry Potter - J. K. Rowling,same,0,0,0,0,0,0,184788,1638,201,10,Mature,"Creator Chose Not To Use Archive Warnings, F/M, Multi",,English,31 Aug 2026,0.8864211961815702,0.10877329696733554,12.27106227106227
2026-09-08T21:34:43,cohort,70100626,,Harry Potter - J. K. Rowling,same,0,0,0,0,0,0,22970,409,138,30,Mature,Creator Chose Not To Use Archive Warnings,F/M,English,31 Aug 2026,1.780583369612538,0.6007836308228124,33.74083129584352
2026-09-08T21:34:43,cohort,91737696,,Harry Potter - J. K. Rowling,same,0,0,0,0,0,0,196,53,28,1,Mature,No Archive Warnings Apply,M/M,English,31 Aug 2026,27.040816326530614,14.285714285714285,52.83018867924528
2026-09-08T21:34:43,cohort,59844712,,Harry Potter - J. K. Rowling,same,0,0,0,0,0,0,69098,413,107,110,Mature,Creator Chose Not To Use Archive Warnings,Multi,English,31 Aug 2026,0.5977018148137428,0.15485252829314886,25.907990314769975
2026-09-08T21:34:43,cohort,54769414,,Harry Potter - J. K. Rowling,same,0,0,0,0,0,0,5013,223,69,20,Mature,No Archive Warnings Apply,M/M,English,31 Aug 2026,4.448434071414323,1.3764213046080191,30.94170403587444
2026-09-08T21:34:43,cohort,86934516,,Harry Potter - J. K. Rowling,same,0,0,0,0,0,0,458,22,9,13,Explicit,"Graphic Depictions Of Violence, Major Character Death",Multi,English,31 Aug 2026,4.8034934497816595,1.9650655021834063,40.909090909090914
2026-09-08T21:34:43,cohort,77464141,,Harry Potter - J. K. Rowling,same,0,0,0,0,0,0,101,4,2,3,Teen And Up Audiences,Graphic Depictions Of Violence,F/M,English,31 Aug 2026,3.9603960396039604,1.9801980198019802,50.0
2026-09-08T21:34:43,cohort,77023556,,Harry Potter - J. K. Rowling,same,0,0,0,0,0,0,81515,2223,473,34,Explicit,"No Archive Warnings Apply, F/F, Multi, M/M",,English,31 Aug 2026,2.7271054407164326,0.5802613016009323,21.277552856500225
2026-09-08T21:34:43,cohort,87221571,,Harry Potter - J. K. Rowling,same,0,0,0,0,0,0,6226,189,96,4,Explicit,No Archive Warnings Apply,F/M,English,31 Aug 2026,3.0356569225827177,1.5419209765499517,50.79365079365079
2026-09-08T21:34:43,cohort,91736506,,Harry Potter - J. K. Rowling,same,0,0,0,0,0,0,101,4,0,1,Teen And Up Audiences,"Major Character Death, F/M, M/M",,English,31 Aug 2026,3.9603960396039604,0.0,0.0
2026-09-08T21:34:43,cohort,91675816,,Harry Potter - J. K. Rowling,same,0,0,0,0,0,0,809,54,5,2,Explicit,No Archive Warnings Apply,M/M,English,31 Aug 2026,6.6749072929542645,0.6180469715698393,9.25925925925926
2026-09-08T21:34:43,cohort,75647101,,Harry Potter - J. K. Rowling,same,0,0,0,0,0,0,255,9,3,6,General Audiences,Major Character Death,Gen,English,31 Aug 2026,3.5294117647058822,1.1764705882352942,33.33333333333333
2026-09-08T21:34:43,cohort,90243741,,Harry Potter - J. K. Rowling,same,0,0,0,0,0,0,271,19,2,2,Explicit,Major Character Death,F/M,English,31 Aug 2026,7.011070110701106,0.7380073800738007,10.526315789473683
2026-09-08T21:34:43,cohort,88812231,,Harry Potter - J. K. Rowling,same,0,0,0,0,0,0,3608,122,90,7,Mature,No Archive Warnings Apply,F/M,English,31 Aug 2026,3.3813747228381374,2.494456762749446,73.77049180327869
2026-09-08T21:34:43,cohort,87103046,,Harry Potter - J. K. Rowling,same,0,0,0,0,0,0,13467,718,249,13,Mature,"Graphic Depictions Of Violence, Underage Sex",M/M,English,31 Aug 2026,5.331551199227742,1.848964134551125,34.67966573816156
2026-09-08T21:34:43,cohort,85499021,,Harry Potter - J. K. Rowling,same,0,0,0,0,0,0,728,23,36,7,Mature,Creator Chose Not To Use Archive Warnings,F/M,English,31 Aug 2026,3.159340659340659,4.945054945054945,156.52173913043478
2026-09-08T21:34:43,cohort,38042953,,Harry Potter - J. K. Rowling,same,0,0,0,0,0,0,67480,842,1080,117,Teen And Up Audiences,"No Archive Warnings Apply, Underage Sex, F/F, F/M, M/M",,English,31 Aug 2026,1.2477771191464138,1.6004742145820983,128.26603325415678
2026-09-08T21:34:43,cohort,82760681,,Harry Potter - J. K. Rowling,same,0,0,0,0,0,0,1046,23,1,13,Teen And Up Audiences,"Graphic Depictions Of Violence, Underage Sex",M/M,Español,31 Aug 2026,2.198852772466539,0.09560229445506692,4.3478260869565215
2026-09-08T21:34:43,cohort,44435878,,Harry Potter - J. K. Rowling,same,0,0,0,0,0,0,189009,2735,977,41,Teen And Up Audiences,"No Archive Warnings Apply, Graphic Depictions Of Violence, F/M, Gen",,English,31 Aug 2026,1.4470210413260745,0.516906602331106,35.72212065813528
2026-09-08T21:34:43,cohort,89421941,,Harry Potter - J. K. Rowling,same,0,0,0,0,0,0,126,5,7,3,Not Rated,"Creator Chose Not To Use Archive Warnings, F/F, F/M, M/M",,English,31 Aug 2026,3.968253968253968,5.555555555555555,140.0
2026-09-08T21:34:43,cohort,91197901,,Harry Potter - J. K. Rowling,same,0,0,0,0,0,0,333,14,5,5,Explicit,Creator Chose Not To Use Archive Warnings,Multi,English,31 Aug 2026,4.2042042042042045,1.5015015015015014,35.714285714285715
2026-09-08T21:34:43,cohort,39214989,,Harry Potter - J. K. Rowling,same,0,0,0,0,0,0,27094,661,233,28,Teen And Up Audiences,"Creator Chose Not To Use Archive Warnings, M/M, F/F",,English,31 Aug 2026,2.439654536059644,0.8599689968258655,35.24962178517398
2026-09-08T21:34:43,cohort,82393886,,Harry Potter - J. K. Rowling,same,0,0,0,0,0,0,2580,95,229,20,Explicit,Graphic Depictions Of Violence,F/M,English,31 Aug 2026,3.6821705426356592,8.875968992248062,241.05263157894737
2026-09-08T21:34:43,cohort,91734166,,Harry Potter - J. K. Rowling,same,0,0,0,0,0,0,78,2,0,1,Explicit,Rape/Non-Con,M/M,Русский,31 Aug 2026,2.564102564102564,0.0,0.0
2026-09-08T21:34:43,cohort,88165006,,Harry Potter - J. K. Rowling,same,0,0,0,0,0,0,1713,67,40,11,Mature,Creator Chose Not To Use Archive Warnings,M/M,English,31 Aug 2026,3.911266783420899,2.335084646818447,59.70149253731343
2026-09-08T21:34:43,cohort,86367261,,Harry Potter - J. K. Rowling,same,0,0,0,0,0,0,375,14,4,4,General Audiences,Graphic Depictions Of Violence,Gen,English,31 Aug 2026,3.733333333333334,1.0666666666666667,28.57142857142857
2026-09-08T21:34:43,cohort,87548981,,Harry Potter - J. K. Rowling,same,0,0,0,0,0,0,746,43,36,6,Explicit,No Archive Warnings Apply,F/M,English,31 Aug 2026,5.7640750670241285,4.825737265415549,83.72093023255815
2026-09-08T21:34:43,cohort,88111376,,Harry Potter - J. K. Rowling,same,0,0,0,0,0,0,823,58,18,17,Teen And Up Audiences,"Graphic Depictions Of Violence, Major Character Death, F/F, F/M, M/M",,English,31 Aug 2026,7.047387606318348,2.187120291616039,31.03448275862069
2026-09-08T21:34:43,cohort,66191779,,Harry Potter - J. K. Rowling,same,0,0,0,0,0,0,10022,297,387,69,Teen And Up Audiences,No Archive Warnings Apply,Gen,English,31 Aug 2026,2.963480343244861,3.861504689682698,130.3030303030303
2026-09-08T21:34:43,cohort,91473981,,Harry Potter - J. K. Rowling,same,0,0,0,0,0,0,266,4,4,4,Explicit,"Graphic Depictions Of Violence, Major Character Death",F/M,English,31 Aug 2026,1.5037593984962405,1.5037593984962405,100.0
2026-09-08T21:34:43,cohort,88159766,,Harry Potter - J. K. Rowling,same,0,0,0,0,0,0,164,2,3,11,General Audiences,"Creator Chose Not To Use Archive Warnings, F/M, M/M",,English,31 Aug 2026,1.2195121951219512,1.8292682926829267,150.0
2026-09-08T21:34:43,cohort,91689376,,Harry Potter - J. K. Rowling,same,0,0,0,0,0,0,382,22,0,1,Not Rated,"Graphic Depictions Of Violence, Rape/Non-Con, Underage Sex, F/M, M/M",,English,31 Aug 2026,5.7591623036649215,0.0,0.0
2026-09-08T21:34:43,cohort,88835226,,Harry Potter - J. K. Rowling,same,0,0,0,0,0,0,95,13,2,2,Not Rated,"No Archive Warnings Apply, Graphic Depictions Of Violence",F/M,English,31 Aug 2026,13.684210526315791,2.1052631578947367,15.384615384615385
2026-09-08T21:34:43,cohort,90106981,,Harry Potter - J. K. Rowling,same,0,0,0,0,0,0,1857,100,55,6,Mature,Graphic Depictions Of Violence,M/M,English,31 Aug 2026,5.385029617662897,2.9617662897145935,55.00000000000001
2026-09-08T21:34:43,cohort,54912439,,Harry Potter - J. K. Rowling,same,0,0,0,0,0,0,120226,3677,1390,32,General Audiences,"No Archive Warnings Apply, Gen, M/M, Multi",,English,31 Aug 2026,3.0584066674429824,1.1561559063763245,37.80255643187381
2026-09-08T21:34:43,cohort,90448066,,Harry Potter - J. K. Rowling,same,0,0,0,0,0,0,908,85,18,5,General Audiences,"Creator Chose Not To Use Archive Warnings, No category",,English,31 Aug 2026,9.361233480176212,1.9823788546255507,21.176470588235293
2026-09-08T21:34:43,cohort,66127747,,Harry Potter - J. K. Rowling,same,0,0,0,0,0,0,196,1,3,39,General Audiences,No Archive Warnings Apply,F/M,English,31 Aug 2026,0.5102040816326531,1.530612244897959,300.0
2026-09-08T21:34:43,cohort,61377586,,Harry Potter - J. K. Rowling,same,0,0,0,0,0,0,162,4,0,39,General Audiences,No Archive Warnings Apply,F/M,Español,31 Aug 2026,2.4691358024691357,0.0,0.0
2026-09-08T21:34:43,cohort,90986936,,Harry Potter - J. K. Rowling,same,0,0,0,0,0,0,62,4,0,3,Teen And Up Audiences,Creator Chose Not To Use Archive Warnings,F/M,Italiano,31 Aug 2026,6.451612903225806,0.0,0.0
2026-09-08T21:34:43,cohort,91732096,,Harry Potter - J. K. Rowling,same,0,0,0,0,0,0,680,29,4,1,Explicit,Creator Chose Not To Use Archive Warnings,M/M,English,31 Aug 2026,4.264705882352941,0.5882352941176471,13.793103448275861
2026-09-08T21:34:43,cohort,88043696,,Harry Potter - J. K. Rowling,same,0,0,0,0,0,0,780,45,15,5,Mature,Graphic Depictions Of Violence,M/M,English,31 Aug 2026,5.769230769230769,1.9230769230769231,33.33333333333333
2026-09-08T21:34:43,cohort,91731846,,Harry Potter - J. K. Rowling,same,0,0,0,0,0,0,1068,111,8,1,Explicit,No Archive Warnings Apply,M/M,English,31 Aug 2026,10.393258426966293,0.7490636704119851,7.207207207207207
2026-09-08T21:34:43,cohort,88758811,,Harry Potter - J. K. Rowling,same,0,0,0,0,0,0,1185,71,17,6,Mature,Creator Chose Not To Use Archive Warnings,M/M,English,31 Aug 2026,5.9915611814346,1.4345991561181435,23.943661971830984
2026-09-08T21:34:43,cohort,64997200,,Harry Potter - J. K. Rowling,same,0,0,0,0,0,0,2414,38,100,52,Explicit,No Archive Warnings Apply,Other,English,31 Aug 2026,1.5741507870753937,4.142502071251036,263.15789473684214
2026-09-08T21:34:43,cohort,91723901,,Harry Potter - J. K. Rowling,same,0,0,0,0,0,0,2466,163,14,19,Explicit,No Archive Warnings Apply,M/M,English,31 Aug 2026,6.609894566098945,0.5677210056772101,8.588957055214724
2026-09-08T21:34:43,cohort,63452773,,Harry Potter - J. K. Rowling,same,0,0,0,0,0,0,614,21,6,17,Not Rated,"Creator Chose Not To Use Archive Warnings, No category",,English,31 Aug 2026,3.420195439739414,0.9771986970684038,28.57142857142857
2026-09-08T21:34:43,cohort,60284296,,Harry Potter - J. K. Rowling,same,0,0,0,0,0,0,2295,32,38,31,Teen And Up Audiences,"Creator Chose Not To Use Archive Warnings, Graphic Depictions Of Violence, Major Character Death",M/M,English,31 Aug 2026,1.3943355119825707,1.6557734204793026,118.75
2026-09-08T21:34:43,cohort,91730476,,Harry Potter - J. K. Rowling,same,0,0,0,0,0,0,111,7,1,1,General Audiences,Creator Chose Not To Use Archive Warnings,Gen,English,31 Aug 2026,6.306306306306306,0.9009009009009009,14.285714285714285
2026-09-08T21:34:43,cohort,82067456,,Harry Potter - J. K. Rowling,same,0,0,0,0,0,0,13886,536,297,13,Explicit,"Graphic Depictions Of Violence, Major Character Death, Rape/Non-Con, No category",,English,31 Aug 2026,3.8600028805991644,2.138844879734985,55.41044776119403
2026-09-08T21:34:43,cohort,91729936,,Harry Potter - J. K. Rowling,same,0,0,0,0,0,0,145,18,3,1,Explicit,No Archive Warnings Apply,F/M,English,31 Aug 2026,12.413793103448276,2.0689655172413794,16.666666666666664
2026-09-08T21:34:43,cohort,52158250,,Harry Potter - J. K. Rowling,same,0,0,0,0,0,0,3675,87,39,8,Teen And Up Audiences,Major Character Death,F/M,English,31 Aug 2026,2.36734693877551,1.0612244897959184,44.827586206896555
2026-09-08T21:34:43,cohort,91729831,,Harry Potter - J. K. Rowling,same,0,0,0,0,0,0,96,2,1,1,Explicit,"Major Character Death, Rape/Non-Con",M/M,English,31 Aug 2026,2.083333333333333,1.0416666666666665,50.0
2026-09-08T21:34:43,cohort,89608546,,Harry Potter - J. K. Rowling,same,0,0,0,0,0,0,797,20,13,39,Teen And Up Audiences,No Archive Warnings Apply,F/M,English,31 Aug 2026,2.5094102885821834,1.631116687578419,65.0
2026-09-08T21:34:43,cohort,89355241,,Harry Potter - J. K. Rowling,same,0,0,0,0,0,0,197,12,7,4,Explicit,No Archive Warnings Apply,F/M,English,31 Aug 2026,6.091370558375635,3.5532994923857872,58.333333333333336
2026-09-08T21:34:43,cohort,86555241,,Harry Potter - J. K. Rowling,same,0,0,0,0,0,0,1339,33,18,18,Mature,"Creator Chose Not To Use Archive Warnings, F/M, Gen",,English,31 Aug 2026,2.4645257654966395,1.344286781179985,54.54545454545454
2026-09-08T21:34:43,cohort,58294315,,Harry Potter - J. K. Rowling,same,0,0,0,0,0,0,6562,24,9,19,Explicit,Creator Chose Not To Use Archive Warnings,Multi,English,31 Aug 2026,0.365742151782993,0.13715330691862238,37.5
2026-09-08T21:34:43,cohort,75318166,,Harry Potter - J. K. Rowling,same,0,0,0,0,0,0,1207,46,20,22,Mature,Graphic Depictions Of Violence,F/M,English,31 Aug 2026,3.811101905550953,1.6570008285004143,43.47826086956522
2026-09-08T21:34:43,cohort,54004141,,Harry Potter - J. K. Rowling,same,0,0,0,0,0,0,16410,86,27,16,Explicit,Creator Chose Not To Use Archive Warnings,Multi,English,31 Aug 2026,0.5240706886045094,0.16453382084095064,31.3953488372093
2026-09-08T21:34:43,cohort,84720891,,Harry Potter - J. K. Rowling,same,0,0,0,0,0,0,5041,228,24,6,Teen And Up Audiences,"Graphic Depictions Of Violence, Underage Sex, F/F, F/M, M/M, Multi",,English,31 Aug 2026,4.5229121206109895,0.4760960126958937,10.526315789473683
2026-09-08T21:34:43,cohort,54145687,,Harry Potter - J. K. Rowling,same,0,0,0,0,0,0,397,30,3,2,Mature,No Archive Warnings Apply,M/M,English,31 Aug 2026,7.5566750629722925,0.7556675062972292,10.0
2026-09-08T21:34:43,cohort,25496533,,Harry Potter - J. K. Rowling,same,0,0,0,0,0,0,119912,925,241,34,Mature,"Graphic Depictions Of Violence, Major Character Death, Underage Sex",F/M,English,31 Aug 2026,0.7713990259523651,0.20098071919407565,26.054054054054056
2026-09-08T21:34:43,cohort,77128076,,Harry Potter - J. K. Rowling,same,0,0,0,0,0,0,14724,743,101,13,Teen And Up Audiences,Creator Chose Not To Use Archive Warnings,M/M,English,31 Aug 2026,5.046183102417821,0.6859549035588155,13.593539703903096
2026-09-08T21:34:43,cohort,91728436,,Harry Potter - J. K. Rowling,same,0,0,0,0,0,0,93,6,0,1,General Audiences,"No Archive Warnings Apply, No category",,English,31 Aug 2026,6.451612903225806,0.0,0.0
2026-09-08T21:34:43,cohort,83408436,,Harry Potter - J. K. Rowling,same,0,0,0,0,0,0,33830,280,50,14,Mature,Creator Chose Not To Use Archive Warnings,Multi,English,31 Aug 2026,0.8276677505172924,0.14779781259237362,17.857142857142858
2026-09-08T21:34:43,cohort,87603731,,Harry Potter - J. K. Rowling,same,0,0,0,0,0,0,2311,125,52,18,Mature,Graphic Depictions Of Violence,Multi,English,31 Aug 2026,5.4089138900908695,2.250108178277802,41.6
2026-09-08T21:34:43,cohort,91727391,,Harry Potter - J. K. Rowling,same,0,0,0,0,0,0,101,11,0,1,Mature,"Graphic Depictions Of Violence, Rape/Non-Con, Underage Sex",M/M,中文-普通话 國語,31 Aug 2026,10.891089108910892,0.0,0.0
2026-09-08T21:34:43,cohort,24834718,,Harry Potter - J. K. Rowling,same,0,0,0,0,0,0,903,47,13,23,Mature,"Graphic Depictions Of Violence, Major Character Death, Rape/Non-Con, F/M, F/F, M/M",,English,31 Aug 2026,5.204872646733112,1.4396456256921373,27.659574468085108
2026-09-08T21:34:43,cohort,84347646,,Harry Potter - J. K. Rowling,same,0,0,0,0,0,0,7642,171,68,9,Explicit,Graphic Depictions Of Violence,F/M,English,31 Aug 2026,2.2376341271918347,0.8898194190002617,39.76608187134503
2026-09-08T21:34:43,cohort,70117326,,Harry Potter - J. K. Rowling,same,0,0,0,0,0,0,71482,1139,1455,37,Mature,Major Character Death,F/M,English,31 Aug 2026,1.5934081307182226,2.0354774628577825,127.74363476733977
2026-09-08T21:34:43,cohort,91678201,,Harry Potter - J. K. Rowling,same,0,0,0,0,0,0,51,5,2,1,General Audiences,No Archive Warnings Apply,Gen,English,31 Aug 2026,9.803921568627452,3.9215686274509802,40.0
2026-09-08T21:34:43,cohort,75125776,,Harry Potter - J. K. Rowling,same,0,0,0,0,0,0,4661,108,36,26,Explicit,No Archive Warnings Apply,F/M,English,31 Aug 2026,2.3170993349066724,0.7723664449688908,33.33333333333333
2026-09-08T21:34:43,cohort,82955421,,Harry Potter - J. K. Rowling,same,0,0,0,0,0,0,188,6,4,3,Not Rated,Creator Chose Not To Use Archive Warnings,Gen,Português brasileiro,31 Aug 2026,3.1914893617021276,2.127659574468085,66.66666666666666
2026-09-08T21:34:43,cohort,81787756,,Harry Potter - J. K. Rowling,same,0,0,0,0,0,0,6037,322,53,11,Teen And Up Audiences,Creator Chose Not To Use Archive Warnings,M/M,English,31 Aug 2026,5.333775053834686,0.8779194964386285,16.459627329192546
2026-09-08T21:34:43,cohort,91726546,,Harry Potter - J. K. Rowling,same,0,0,0,0,0,0,114,13,4,1,Teen And Up Audiences,No Archive Warnings Apply,F/M,English,31 Aug 2026,11.403508771929824,3.508771929824561,30.76923076923077
2026-09-08T21:34:43,cohort,58855780,,Harry Potter - J. K. Rowling,same,0,0,0,0,0,0,5880,121,207,43,Mature,No Archive Warnings Apply,Multi,English,31 Aug 2026,2.0578231292517004,3.520408163265306,171.07438016528926
2026-09-08T21:34:43,cohort,73268351,,Harry Potter - J. K. Rowling,same,0,0,0,0,0,0,4851,69,29,49,Teen And Up Audiences,Creator Chose Not To Use Archive Warnings,M/M,English,31 Aug 2026,1.4223871366728509,0.5978148835291692,42.028985507246375
2026-09-08T21:34:43,cohort,71512611,,Harry Potter - J. K. Rowling,same,0,0,0,0,0,0,992,20,4,34,Mature,"Graphic Depictions Of Violence, Major Character Death, Underage Sex, F/M, Gen",,English,31 Aug 2026,2.0161290322580645,0.4032258064516129,20.0
2026-09-08T21:34:43,cohort,91652331,,Harry Potter - J. K. Rowling,same,0,0,0,0,0,0,98,4,0,2,Not Rated,"No Archive Warnings Apply, F/F, F/M, M/M",,English,31 Aug 2026,4.081632653061225,0.0,0.0
2026-09-08T21:34:43,cohort,34462357,,Harry Potter - J. K. Rowling,same,0,0,0,0,0,0,61534,1229,456,177,Mature,"Graphic Depictions Of Violence, Major Character Death, Gen, M/M, F/M",,English,31 Aug 2026,1.9972698020606492,0.7410537263951636,37.1033360455655
2026-09-08T21:34:43,cohort,91724626,,Harry Potter - J. K. Rowling,same,0,0,0,0,0,0,277,30,3,14,Teen And Up Audiences,"Major Character Death, F/M, Gen, M/M",,English,31 Aug 2026,10.830324909747292,1.083032490974729,10.0
2026-09-08T21:34:43,cohort,90485526,,Harry Potter - J. K. Rowling,same,0,0,0,0,0,0,81,6,5,4,Teen And Up Audiences,"Underage Sex, F/M, Gen",,English,31 Aug 2026,7.4074074074074066,6.172839506172839,83.33333333333334
2026-09-08T21:34:43,cohort,69056171,,Harry Potter - J. K. Rowling,same,0,0,0,0,0,0,992,12,4,11,General Audiences,No Archive Warnings Apply,Gen,English,31 Aug 2026,1.2096774193548387,0.4032258064516129,33.33333333333333
2026-09-08T21:34:43,cohort,90304801,,Harry Potter - J. K. Rowling,same,0,0,0,0,0,0,402,36,4,8,Mature,Creator Chose Not To Use Archive Warnings,Gen,English,31 Aug 2026,8.955223880597014,0.9950248756218906,11.11111111111111
2026-09-08T21:34:43,cohort,91648531,,Harry Potter - J. K. Rowling,same,0,0,0,0,0,0,552,60,15,5,Teen And Up Audiences,"Creator Chose Not To Use Archive Warnings, Graphic Depictions Of Violence, No category",,English,31 Aug 2026,10.869565217391305,2.717391304347826,25.0
2026-09-08T21:34:43,cohort,91718696,,Harry Potter - J. K. Rowling,same,0,0,0,0,0,0,73,2,0,7,Explicit,Creator Chose Not To Use Archive Warnings,F/M,中文-普通话 國語,31 Aug 2026,2.73972602739726,0.0,0.0
2026-09-08T21:34:43,cohort,86780686,,Harry Potter - J. K. Rowling,same,0,0,0,0,0,0,1746,40,10,19,Not Rated,"Creator Chose Not To Use Archive Warnings, No category",,English,31 Aug 2026,2.290950744558992,0.572737686139748,25.0
2026-09-08T21:34:43,cohort,82028046,,Harry Potter - J. K. Rowling,same,0,0,0,0,0,0,803,14,0,14,Explicit,No Archive Warnings Apply,F/M,English,31 Aug 2026,1.7434620174346203,0.0,0.0
2026-09-08T21:34:43,cohort,88582771,,Harry Potter - J. K. Rowling,same,0,0,0,0,0,0,212,12,11,3,Explicit,"No Archive Warnings Apply, F/M, M/M, Multi",,English,31 Aug 2026,5.660377358490567,5.188679245283019,91.66666666666666
2026-09-08T21:34:43,cohort,87723931,,Harry Potter - J. K. Rowling,same,0,0,0,0,0,0,1420,32,7,6,General Audiences,Creator Chose Not To Use Archive Warnings,Gen,English,31 Aug 2026,2.2535211267605635,0.49295774647887325,21.875
2026-09-08T21:34:43,cohort,52701529,,Harry Potter - J. K. Rowling,same,0,0,0,0,0,0,6857,141,49,15,Explicit,Creator Chose Not To Use Archive Warnings,F/M,English,31 Aug 2026,2.056292839434155,0.7145982207962666,34.751773049645394
2026-09-08T21:34:43,cohort,66549172,,Harry Potter - J. K. Rowling,same,0,0,0,0,0,0,41922,1138,1046,51,Explicit,Graphic Depictions Of Violence,F/M,English,31 Aug 2026,2.71456514479271,2.49510996612757,91.91564147627417
2026-09-08T21:34:43,cohort,90640536,,Harry Potter - J. K. Rowling,same,0,0,0,0,0,0,666,45,33,2,Mature,Graphic Depictions Of Violence,F/M,English,31 Aug 2026,6.756756756756757,4.954954954954955,73.33333333333333
2026-09-08T21:34:43,cohort,69125271,,Harry Potter - J. K. Rowling,same,0,0,0,0,0,0,25854,186,155,71,Explicit,"Underage Sex, F/M, M/M",,English,31 Aug 2026,0.7194244604316548,0.5995203836930456,83.33333333333334
2026-09-08T21:34:43,cohort,89887951,,Harry Potter - J. K. Rowling,same,0,0,0,0,0,0,194,35,16,1,Teen And Up Audiences,No Archive Warnings Apply,F/M,English,31 Aug 2026,18.04123711340206,8.24742268041237,45.714285714285715
2026-09-08T21:34:43,cohort,91721371,,Harry Potter - J. K. Rowling,same,0,0,0,0,0,0,57,1,0,13,General Audiences,"Creator Chose Not To Use Archive Warnings, F/F, F/M",,English,31 Aug 2026,1.7543859649122806,0.0,0.0
2026-09-08T21:34:43,cohort,75408486,,Harry Potter - J. K. Rowling,same,0,0,0,0,0,0,121408,1317,673,16,Explicit,"Underage Sex, F/F, F/M, Multi",,English,31 Aug 2026,1.08477200843437,0.5543292040063258,51.100987091875474
2026-09-08T21:34:43,cohort,80345651,,Harry Potter - J. K. Rowling,same,0,0,0,0,0,0,666,44,7,3,Not Rated,No Archive Warnings Apply,M/M,English,31 Aug 2026,6.606606606606606,1.0510510510510511,15.909090909090908
2026-09-08T21:34:43,cohort,91715186,,Harry Potter - J. K. Rowling,same,0,0,0,0,0,0,362,19,2,2,Explicit,Creator Chose Not To Use Archive Warnings,M/M,English,31 Aug 2026,5.248618784530387,0.5524861878453038,10.526315789473683
2026-09-08T21:34:43,cohort,70306641,,Harry Potter - J. K. Rowling,same,0,0,0,0,0,0,32193,951,463,25,Mature,"No Archive Warnings Apply, F/M, Gen",,English,31 Aug 2026,2.9540583356630323,1.4382008511167024,48.68559411146162
2026-09-08T21:34:43,cohort,91721296,,Harry Potter - J. K. Rowling,same,0,0,0,0,0,0,143,5,0,1,General Audiences,Creator Chose Not To Use Archive Warnings,F/M,English,31 Aug 2026,3.4965034965034967,0.0,0.0
2026-09-08T21:34:43,cohort,90451751,,Harry Potter - J. K. Rowling,same,0,0,0,0,0,0,216,37,6,1,Teen And Up Audiences,Creator Chose Not To Use Archive Warnings,M/M,English,31 Aug 2026,17.12962962962963,2.7777777777777777,16.216216216216218
2026-09-08T21:34:43,cohort,88836466,,Harry Potter - J. K. Rowling,same,0,0,0,0,0,0,145,2,4,6,General Audiences,"Graphic Depictions Of Violence, Major Character Death, Underage Sex",M/M,English,31 Aug 2026,1.3793103448275863,2.7586206896551726,200.0
2026-09-08T21:34:43,cohort,62285554,,Harry Potter - J. K. Rowling,same,0,0,0,0,0,0,29434,541,995,47,Explicit,"Graphic Depictions Of Violence, F/M, M/M, Multi",,English,31 Aug 2026,1.8380104640891486,3.3804443840456617,183.91866913123843
2026-09-08T21:34:43,cohort,91720841,,Harry Potter - J. K. Rowling,same,0,0,0,0,0,0,78,7,0,1,Not Rated,No Archive Warnings Apply,F/F,中文-普通话 國語,31 Aug 2026,8.974358974358974,0.0,0.0
2026-09-08T21:34:43,cohort,67258003,,Harry Potter - J. K. Rowling,same,0,0,0,0,0,0,1191,31,22,14,Explicit,"Graphic Depictions Of Violence, Underage Sex",F/M,English,31 Aug 2026,2.6028547439126783,1.8471872376154492,70.96774193548387
2026-09-08T21:34:43,cohort,91714296,,Harry Potter - J. K. Rowling,same,0,0,0,0,0,0,146,2,0,1,Explicit,Creator Chose Not To Use Archive Warnings,F/M,中文-普通话 國語,31 Aug 2026,1.36986301369863,0.0,0.0
2026-09-08T21:34:43,cohort,91514171,,Harry Potter - J. K. Rowling,same,0,0,0,0,0,0,85,3,0,16,General Audiences,Major Character Death,F/F,English,31 Aug 2026,3.5294117647058822,0.0,0.0
2026-09-08T21:34:43,cohort,88107356,,Harry Potter - J. K. Rowling,same,0,0,0,0,0,0,3096,99,42,14,Mature,"Graphic Depictions Of Violence, Rape/Non-Con, Underage Sex",M/M,English,31 Aug 2026,3.1976744186046515,1.3565891472868217,42.42424242424242
2026-09-08T21:34:43,cohort,81452486,,Harry Potter - J. K. Rowling,same,0,0,0,0,0,0,4224,107,30,7,Mature,"Graphic Depictions Of Violence, Major Character Death, F/M, Multi",,English,31 Aug 2026,2.5331439393939394,0.7102272727272727,28.037383177570092
2026-09-08T21:34:43,cohort,91719881,,Harry Potter - J. K. Rowling,same,0,0,0,0,0,0,143,8,0,1,Explicit,No Archive Warnings Apply,F/M,English,31 Aug 2026,5.594405594405594,0.0,0.0
2026-09-08T21:34:43,cohort,74323361,,Harry Potter - J. K. Rowling,same,0,0,0,0,0,0,2934,158,63,33,Teen And Up Audiences,No Archive Warnings Apply,F/M,English,31 Aug 2026,5.385139740967962,2.147239263803681,39.87341772151899
2026-09-08T21:34:43,cohort,91719556,,Harry Potter - J. K. Rowling,same,0,0,0,0,0,0,129,21,6,1,General Audiences,No Archive Warnings Apply,M/M,English,31 Aug 2026,16.27906976744186,4.651162790697675,28.57142857142857
2026-09-08T21:34:43,cohort,77935081,,Harry Potter - J. K. Rowling,same,0,0,0,0,0,0,375,6,0,26,Explicit,No Archive Warnings Apply,F/M,Русский,31 Aug 2026,1.6,0.0,0.0
2026-09-08T21:34:43,cohort,61926151,,Harry Potter - J. K. Rowling,same,0,0,0,0,0,0,24769,260,322,42,Mature,"Creator Chose Not To Use Archive Warnings, Graphic Depictions Of Violence, Rape/Non-Con, F/F, F/M, M/M",,English,31 Aug 2026,1.0496992208001938,1.3000121119140862,123.84615384615385
2026-09-08T21:34:43,cohort,79107281,,Harry Potter - J. K. Rowling,same,0,0,0,0,0,0,132,13,1,2,Mature,No Archive Warnings Apply,M/M,English,31 Aug 2026,9.848484848484848,0.7575757575757576,7.6923076923076925
2026-09-08T21:34:43,cohort,71390786,,Harry Potter - J. K. Rowling,same,0,0,0,0,0,0,5690,208,140,9,Explicit,"Graphic Depictions Of Violence, Major Character Death",F/M,English,31 Aug 2026,3.6555360281195077,2.460456942003515,67.3076923076923
2026-09-08T21:34:43,cohort,91235926,,Harry Potter - J. K. Rowling,same,0,0,0,0,0,0,126,2,0,88,Teen And Up Audiences,Creator Chose Not To Use Archive Warnings,F/M,中文-普通话 國語,31 Aug 2026,1.5873015873015872,0.0,0.0
2026-09-08T21:34:43,cohort,68132151,,Harry Potter - J. K. Rowling,same,0,0,0,0,0,0,4003,147,292,55,Mature,Creator Chose Not To Use Archive Warnings,F/M,English,31 Aug 2026,3.6722458156382713,7.29452910317262,198.63945578231292
2026-09-08T21:34:43,cohort,91385546,,Harry Potter - J. K. Rowling,same,0,0,0,0,0,0,1075,99,44,14,Teen And Up Audiences,"Graphic Depictions Of Violence, No category",,English,31 Aug 2026,9.209302325581396,4.093023255813953,44.44444444444444
2026-09-08T21:34:43,cohort,81520261,,Harry Potter - J. K. Rowling,same,0,0,0,0,0,0,10870,254,133,27,Mature,"Graphic Depictions Of Violence, F/M, M/M",,English,31 Aug 2026,2.3367065317387303,1.2235510579576816,52.362204724409445
2026-09-08T21:34:43,cohort,21967333,,Harry Potter - J. K. Rowling,same,0,0,0,0,0,0,18008,1219,72,5,Mature,Creator Chose Not To Use Archive Warnings,M/M,English,31 Aug 2026,6.769213682807641,0.3998223011994669,5.906480721903199
2026-09-08T21:34:43,cohort,91698566,,Harry Potter - J. K. Rowling,same,0,0,0,0,0,0,194,7,5,2,Not Rated,"Creator Chose Not To Use Archive Warnings, F/M, M/M",,English,31 Aug 2026,3.608247422680412,2.5773195876288657,71.42857142857143
2026-09-08T21:34:43,cohort,91634356,,Harry Potter - J. K. Rowling,same,0,0,0,0,0,0,114,4,0,17,Explicit,"Graphic Depictions Of Violence, Major Character Death, Underage Sex, F/M, Multi",,English,31 Aug 2026,3.508771929824561,0.0,0.0
2026-09-08T21:34:43,cohort,90942586,,Harry Potter - J. K. Rowling,same,0,0,0,0,0,0,2166,45,23,33,Explicit,"Graphic Depictions Of Violence, Major Character Death",F/M,English,31 Aug 2026,2.0775623268698062,1.0618651892890119,51.11111111111111
2026-09-08T21:34:43,cohort,90755321,,Harry Potter - J. K. Rowling,same,0,0,0,0,0,0,587,49,21,4,Teen And Up Audiences,No Archive Warnings Apply,M/M,English,31 Aug 2026,8.347529812606473,3.577512776831346,42.857142857142854
2026-09-08T21:34:43,cohort,90691386,,Harry Potter - J. K. Rowling,same,0,0,0,0,0,0,75,7,0,5,Teen And Up Audiences,"No Archive Warnings Apply, F/F, M/M",,English,31 Aug 2026,9.333333333333334,0.0,0.0
2026-09-08T21:34:43,cohort,90478951,,Harry Potter - J. K. Rowling,same,0,0,0,0,0,0,463,33,11,5,Mature,Graphic Depictions Of Violence,M/M,English,31 Aug 2026,7.127429805615551,2.375809935205184,33.33333333333333
2026-09-08T21:34:43,cohort,90339591,,Harry Potter - J. K. Rowling,same,0,0,0,0,0,0,102,10,6,6,Teen And Up Audiences,Creator Chose Not To Use Archive Warnings,Multi,English,31 Aug 2026,9.803921568627452,5.88235294117647,60.0
2026-09-08T21:34:43,cohort,90111666,,Harry Potter - J. K. Rowling,same,0,0,0,0,0,0,228,14,0,6,Teen And Up Audiences,"Creator Chose Not To Use Archive Warnings, M/M, Multi",,English,31 Aug 2026,6.140350877192982,0.0,0.0
2026-09-08T21:34:43,cohort,90015046,,Harry Potter - J. K. Rowling,same,0,0,0,0,0,0,595,51,13,2,Explicit,No Archive Warnings Apply,M/M,English,31 Aug 2026,8.571428571428571,2.1848739495798317,25.49019607843137
2026-09-08T21:34:43,cohort,89755226,,Harry Potter - J. K. Rowling,same,0,0,0,0,0,0,930,27,23,7,Explicit,"Graphic Depictions Of Violence, F/F, F/M, Gen, M/M, Multi",,English,31 Aug 2026,2.903225806451613,2.4731182795698925,85.18518518518519
2026-09-08T21:34:43,cohort,89582921,,Harry Potter - J. K. Rowling,same,0,0,0,0,0,0,593,30,20,3,Mature,Major Character Death,F/M,English,31 Aug 2026,5.059021922428331,3.372681281618887,66.66666666666666
2026-09-08T21:34:43,cohort,89405741,,Harry Potter - J. K. Rowling,same,0,0,0,0,0,0,16396,832,271,10,Explicit,No Archive Warnings Apply,F/M,English,31 Aug 2026,5.0744083922908025,1.6528421566235667,32.57211538461539
2026-09-08T21:34:43,cohort,89048461,,Harry Potter - J. K. Rowling,same,0,0,0,0,0,0,109,1,2,5,Teen And Up Audiences,"Graphic Depictions Of Violence, Major Character Death, F/F, F/M, M/M, Multi",,English,31 Aug 2026,0.9174311926605505,1.834862385321101,200.0
2026-09-08T21:34:43,cohort,89010316,,Harry Potter - J. K. Rowling,same,0,0,0,0,0,0,2637,50,73,43,Mature,"Creator Chose Not To Use Archive Warnings, F/M, Gen",,English,31 Aug 2026,1.8960940462646947,2.7682973075464545,146.0
2026-09-08T21:34:43,cohort,88624646,,Harry Potter - J. K. Rowling,same,0,0,0,0,0,0,108,10,6,2,Teen And Up Audiences,Creator Chose Not To Use Archive Warnings,M/M,English,31 Aug 2026,9.25925925925926,5.555555555555555,60.0
2026-09-08T21:34:43,cohort,87851356,,Harry Potter - J. K. Rowling,same,0,0,0,0,0,0,2882,54,25,23,Explicit,Creator Chose Not To Use Archive Warnings,F/M,English,31 Aug 2026,1.8736988202637055,0.8674531575294934,46.2962962962963
2026-09-08T21:34:43,cohort,87559376,,Harry Potter - J. K. Rowling,same,0,0,0,0,0,0,333,25,29,3,Teen And Up Audiences,"Graphic Depictions Of Violence, Major Character Death",Gen,English,31 Aug 2026,7.5075075075075075,8.708708708708707,115.99999999999999
2026-09-08T21:34:43,cohort,85017951,,Harry Potter - J. K. Rowling,same,0,0,0,0,0,0,363,3,2,7,Explicit,No Archive Warnings Apply,F/M,English,31 Aug 2026,0.8264462809917356,0.5509641873278237,66.66666666666666
2026-09-08T21:34:43,cohort,84836721,,Harry Potter - J. K. Rowling,same,0,0,0,0,0,0,1440,30,9,8,General Audiences,"Creator Chose Not To Use Archive Warnings, Underage Sex, Graphic Depictions Of Violence, Major Character Death, F/M, Multi",,English,31 Aug 2026,2.083333333333333,0.625,30.0
2026-09-08T21:34:43,cohort,83783966,,Harry Potter - J. K. Rowling,same,0,0,0,0,0,0,4275,132,63,13,Teen And Up Audiences,Graphic Depictions Of Violence,F/M,English,31 Aug 2026,3.0877192982456143,1.4736842105263157,47.72727272727273
2026-09-08T21:34:43,cohort,83420661,,Harry Potter - J. K. Rowling,same,0,0,0,0,0,0,1315,9,2,50,Explicit,Creator Chose Not To Use Archive Warnings,F/M,English,31 Aug 2026,0.6844106463878328,0.1520912547528517,22.22222222222222
2026-09-08T21:34:43,cohort,81414856,,Harry Potter - J. K. Rowling,same,0,0,0,0,0,0,6882,142,28,20,General Audiences,"Creator Chose Not To Use Archive Warnings, No Archive Warnings Apply",M/M,English,31 Aug 2026,2.063353676256902,0.4068584713746004,19.718309859154928
2026-09-08T21:34:43,cohort,80934551,,Harry Potter - J. K. Rowling,same,0,0,0,0,0,0,402,20,0,2,Teen And Up Audiences,Creator Chose Not To Use Archive Warnings,M/M,English,31 Aug 2026,4.975124378109453,0.0,0.0
2026-09-08T21:34:43,cohort,80749051,,Harry Potter - J. K. Rowling,same,0,0,0,0,0,0,28405,725,735,19,Explicit,"Graphic Depictions Of Violence, Major Character Death, M/M, F/F, F/M",,English,31 Aug 2026,2.5523675409258937,2.5875726104559056,101.37931034482759
2026-09-08T21:34:43,cohort,80250631,,Harry Potter - J. K. Rowling,same,0,0,0,0,0,0,2276,70,59,20,Teen And Up Audiences,"No Archive Warnings Apply, F/M, M/M",,English,31 Aug 2026,3.0755711775043935,2.5922671353251316,84.28571428571429
2026-09-08T21:34:43,cohort,78564706,,Harry Potter - J. K. Rowling,same,0,0,0,0,0,0,6608,130,121,16,Mature,No Archive Warnings Apply,F/M,English,31 Aug 2026,1.9673123486682809,1.8311138014527846,93.07692307692308
2026-09-08T21:34:43,cohort,73808681,,Harry Potter - J. K. Rowling,same,0,0,0,0,0,0,190,7,15,6,Teen And Up Audiences,"Graphic Depictions Of Violence, Major Character Death, F/F, F/M, M/M",,English,31 Aug 2026,3.684210526315789,7.894736842105263,214.28571428571428
2026-09-08T21:34:43,cohort,73333166,,Harry Potter - J. K. Rowling,same,0,0,0,0,0,0,22854,765,367,19,Teen And Up Audiences,No Archive Warnings Apply,Multi,English,31 Aug 2026,3.3473352585980574,1.605845803798022,47.97385620915033
2026-09-08T21:34:43,cohort,72245931,,Harry Potter - J. K. Rowling,same,0,0,0,0,0,0,26883,758,348,25,Explicit,"Creator Chose Not To Use Archive Warnings, F/M, M/M, Multi",,English,31 Aug 2026,2.8196257858125953,1.2944983818770228,45.91029023746702
2026-09-08T21:34:43,cohort,71770686,,Harry Potter - J. K. Rowling,same,0,0,0,0,0,0,303,7,10,7,Explicit,Creator Chose Not To Use Archive Warnings,F/M,English,31 Aug 2026,2.31023102310231,3.3003300330033,142.85714285714286
2026-09-08T21:34:43,cohort,66783112,,Harry Potter - J. K. Rowling,same,0,0,0,0,0,0,617,16,2,9,Explicit,Creator Chose Not To Use Archive Warnings,F/M,English,31 Aug 2026,2.593192868719611,0.3241491085899514,12.5
2026-09-08T21:34:43,cohort,66192202,,Harry Potter - J. K. Rowling,same,0,0,0,0,0,0,26755,504,158,64,Explicit,"Creator Chose Not To Use Archive Warnings, Graphic Depictions Of Violence, M/M, Multi",,English,31 Aug 2026,1.8837600448514298,0.5905438235843767,31.349206349206348
2026-09-08T21:34:43,cohort,64676926,,Harry Potter - J. K. Rowling,same,0,0,0,0,0,0,16758,319,220,33,Mature,"Graphic Depictions Of Violence, Major Character Death, F/M, Gen",,English,31 Aug 2026,1.9035684449218284,1.3128058240840197,68.96551724137932
2026-09-08T21:34:43,cohort,64443964,,Harry Potter - J. K. Rowling,same,0,0,0,0,0,0,14808,428,75,90,Mature,"No Archive Warnings Apply, F/M, Gen",,English,31 Aug 2026,2.890329551593733,0.506482982171799,17.523364485981308
2026-09-08T21:34:43,cohort,60481900,,Harry Potter - J. K. Rowling,same,0,0,0,0,0,0,35695,1819,519,9,Teen And Up Audiences,"Creator Chose Not To Use Archive Warnings, M/M, Multi",,English,31 Aug 2026,5.095951813979549,1.4539851519820703,28.532160527762507
2026-09-08T21:34:43,cohort,58215655,,Harry Potter - J. K. Rowling,same,0,0,0,0,0,0,51254,571,398,52,Mature,"Graphic Depictions Of Violence, Major Character Death, F/M, Gen",,English,31 Aug 2026,1.1140593904865963,0.7765247590431966,69.70227670753066
2026-09-08T21:34:43,cohort,55357459,,Harry Potter - J. K. Rowling,same,0,0,0,0,0,0,27963,985,362,37,Explicit,"Graphic Depictions Of Violence, Major Character Death",Multi,English,31 Aug 2026,3.5225118907127277,1.2945678217644745,36.751269035533
2026-09-08T21:34:43,cohort,39823125,,Harry Potter - J. K. Rowling,same,0,0,0,0,0,0,5014,126,29,14,Mature,Creator Chose Not To Use Archive Warnings,F/M,English,31 Aug 2026,2.512963701635421,0.5783805345033906,23.015873015873016
2026-09-08T21:34:43,cohort,65393371,,Harry Potter - J. K. Rowling,same,0,0,0,0,0,0,135,2,0,44,General Audiences,"Creator Chose Not To Use Archive Warnings, No category",,English,31 Aug 2026,1.4814814814814816,0.0,0.0
2026-09-08T21:34:43,cohort,90453546,,Harry Potter - J. K. Rowling,same,0,0,0,0,0,0,103,20,17,1,Mature,No Archive Warnings Apply,F/M,English,31 Aug 2026,19.41747572815534,16.50485436893204,85.0
2026-09-08T21:34:43,cohort,91558671,,Harry Potter - J. K. Rowling,same,0,0,0,0,0,0,176,10,5,2,Mature,Graphic Depictions Of Violence,F/M,English,31 Aug 2026,5.681818181818182,2.840909090909091,50.0
2026-09-08T21:34:43,cohort,90736796,,Harry Potter - J. K. Rowling,same,0,0,0,0,0,0,51,1,0,4,Not Rated,Creator Chose Not To Use Archive Warnings,F/F,English,31 Aug 2026,1.9607843137254901,0.0,0.0
2026-09-08T21:34:43,cohort,91717001,,Harry Potter - J. K. Rowling,same,0,0,0,0,0,0,50,4,0,1,Mature,Creator Chose Not To Use Archive Warnings,Gen,English,31 Aug 2026,8.0,0.0,0.0
2026-09-08T21:34:43,cohort,90564036,,Harry Potter - J. K. Rowling,same,0,0,0,0,0,0,482,36,6,3,Teen And Up Audiences,"Creator Chose Not To Use Archive Warnings, F/F, M/M",,English,31 Aug 2026,7.468879668049793,1.2448132780082988,16.666666666666664
2026-09-08T21:34:43,cohort,91716836,,Harry Potter - J. K. Rowling,same,0,0,0,0,0,0,249,11,3,1,General Audiences,"No Archive Warnings Apply, F/M, Gen",,English,31 Aug 2026,4.417670682730924,1.2048192771084338,27.27272727272727
2026-09-08T21:34:43,cohort,66185164,,Harry Potter - J. K. Rowling,same,0,0,0,0,0,0,16642,157,624,129,Teen And Up Audiences,Creator Chose Not To Use Archive Warnings,Multi,English,31 Aug 2026,0.9433962264150944,3.749549333012859,397.45222929936307
2026-09-08T21:34:43,cohort,90680216,,Harry Potter - J. K. Rowling,same,0,0,0,0,0,0,171,9,3,8,Mature,Creator Chose Not To Use Archive Warnings,F/M,English,31 Aug 2026,5.263157894736842,1.7543859649122806,33.33333333333333
2026-09-08T21:34:43,cohort,90461706,,Harry Potter - J. K. Rowling,same,0,0,0,0,0,0,169,9,6,7,Mature,"Creator Chose Not To Use Archive Warnings, No category",,English,31 Aug 2026,5.325443786982249,3.5502958579881656,66.66666666666666
2026-09-08T21:34:43,cohort,91716026,,Harry Potter - J. K. Rowling,same,0,0,0,0,0,0,102,6,1,1,General Audiences,Creator Chose Not To Use Archive Warnings,M/M,English,31 Aug 2026,5.88235294117647,0.9803921568627451,16.666666666666664
2026-09-08T21:34:43,cohort,91715906,,Harry Potter - J. K. Rowling,same,0,0,0,0,0,0,108,5,0,1,Mature,"Major Character Death, No Archive Warnings Apply",F/M,English,31 Aug 2026,4.62962962962963,0.0,0.0
2026-09-08T21:34:43,cohort,89704551,,Harry Potter - J. K. Rowling,same,0,0,0,0,0,0,1106,134,16,1,Teen And Up Audiences,Creator Chose Not To Use Archive Warnings,M/M,English,31 Aug 2026,12.115732368896925,1.4466546112115732,11.940298507462686
2026-09-08T21:34:43,cohort,85440571,,Harry Potter - J. K. Rowling,same,0,0,0,0,0,0,4984,161,85,15,Explicit,Creator Chose Not To Use Archive Warnings,F/M,English,31 Aug 2026,3.2303370786516856,1.7054574638844304,52.79503105590062
2026-09-08T21:34:43,cohort,90031791,,Harry Potter - J. K. Rowling,same,0,0,0,0,0,0,505,88,8,1,Teen And Up Audiences,No Archive Warnings Apply,M/M,English,31 Aug 2026,17.425742574257423,1.5841584158415842,9.090909090909092
2026-09-08T21:34:43,cohort,89811021,,Harry Potter - J. K. Rowling,same,0,0,0,0,0,0,171,32,21,1,Teen And Up Audiences,No Archive Warnings Apply,Gen,English,31 Aug 2026,18.71345029239766,12.280701754385964,65.625
2026-09-08T21:34:43,cohort,81600161,,Harry Potter - J. K. Rowling,same,0,0,0,0,0,0,2085,126,72,12,General Audiences,"Creator Chose Not To Use Archive Warnings, No Archive Warnings Apply",F/M,English,31 Aug 2026,6.043165467625899,3.4532374100719423,57.14285714285714
2026-09-08T21:34:43,cohort,81997151,,Harry Potter - J. K. Rowling,same,0,0,0,0,0,0,1240,32,25,11,Explicit,Graphic Depictions Of Violence,M/M,English,31 Aug 2026,2.5806451612903225,2.0161290322580645,78.125
2026-09-08T21:34:43,cohort,48933256,,Harry Potter - J. K. Rowling,same,0,0,0,0,0,0,9200,184,55,40,Explicit,Creator Chose Not To Use Archive Warnings,F/M,English,31 Aug 2026,2.0,0.5978260869565217,29.891304347826086
2026-09-08T21:34:43,cohort,90166046,,Harry Potter - J. K. Rowling,same,0,0,0,0,0,0,158,5,1,6,Mature,"Graphic Depictions Of Violence, Underage Sex, No category",,English,31 Aug 2026,3.1645569620253164,0.6329113924050633,20.0
2026-09-08T21:34:43,cohort,81609246,,Harry Potter - J. K. Rowling,same,0,0,0,0,0,0,2606,203,22,37,Mature,"Graphic Depictions Of Violence, Underage Sex, F/M, Multi, F/F",,English,31 Aug 2026,7.789716039907906,0.844205679201842,10.83743842364532
2026-09-08T21:34:43,cohort,74192046,,Harry Potter - J. K. Rowling,same,0,0,0,0,0,0,18163,781,260,11,Mature,"Creator Chose Not To Use Archive Warnings, M/M, Other",,English,31 Aug 2026,4.299950448714419,1.4314815834388592,33.29065300896287
2026-09-08T21:34:43,cohort,91713936,,Harry Potter - J. K. Rowling,same,0,0,0,0,0,0,168,39,7,1,General Audiences,No Archive Warnings Apply,M/M,English,31 Aug 2026,23.214285714285715,4.166666666666666,17.94871794871795
2026-09-08T21:34:43,cohort,86760766,,Harry Potter - J. K. Rowling,same,0,0,0,0,0,0,486,45,7,10,General Audiences,"No Archive Warnings Apply, F/M, Other",,English,31 Aug 2026,9.25925925925926,1.440329218106996,15.555555555555555
2026-09-08T21:34:43,cohort,89420746,,Harry Potter - J. K. Rowling,same,0,0,0,0,0,0,1396,77,27,1,Explicit,No Archive Warnings Apply,M/M,English,31 Aug 2026,5.515759312320917,1.9340974212034383,35.064935064935064
2026-09-08T21:34:43,cohort,91711896,,Harry Potter - J. K. Rowling,same,0,0,0,0,0,0,309,4,2,44,Mature,No Archive Warnings Apply,F/M,English,31 Aug 2026,1.2944983818770228,0.6472491909385114,50.0
2026-09-08T21:34:43,cohort,76992616,,Harry Potter - J. K. Rowling,same,0,0,0,0,0,0,82578,1554,1289,25,Explicit,"Graphic Depictions Of Violence, M/M, Multi",,English,31 Aug 2026,1.8818571532369397,1.5609484366296107,82.94723294723295
2026-09-08T21:34:43,cohort,91160021,,Harry Potter - J. K. Rowling,same,0,0,0,0,0,0,220,13,4,19,General Audiences,Creator Chose Not To Use Archive Warnings,M/M,English,31 Aug 2026,5.909090909090909,1.8181818181818181,30.76923076923077
2026-09-08T21:34:43,cohort,91669886,,Harry Potter - J. K. Rowling,same,0,0,0,0,0,0,1134,25,4,2,Explicit,Creator Chose Not To Use Archive Warnings,M/M,English,31 Aug 2026,2.204585537918871,0.3527336860670194,16.0
2026-09-08T21:34:43,cohort,44083075,,Harry Potter - J. K. Rowling,same,0,0,0,0,0,0,28291,718,177,15,Teen And Up Audiences,"No Archive Warnings Apply, No category",,English,31 Aug 2026,2.5379095825527553,0.625640663108409,24.651810584958216
2026-09-08T21:34:43,cohort,58986547,,Harry Potter - J. K. Rowling,same,0,0,0,0,0,0,41183,272,17,13,Explicit,"Rape/Non-Con, Underage Sex, F/F, F/M",,English,31 Aug 2026,0.6604666974236942,0.04127916858898089,6.25
2026-09-08T21:34:43,cohort,89155781,,Harry Potter - J. K. Rowling,same,0,0,0,0,0,0,788,27,88,5,Teen And Up Audiences,"Graphic Depictions Of Violence, Major Character Death",Multi,English,31 Aug 2026,3.4263959390862944,11.16751269035533,325.9259259259259
2026-09-08T21:34:43,cohort,90223051,,Harry Potter - J. K. Rowling,same,0,0,0,0,0,0,134,4,0,4,Mature,Graphic Depictions Of Violence,Multi,English,31 Aug 2026,2.9850746268656714,0.0,0.0
2026-09-08T21:34:43,cohort,88044461,,Harry Potter - J. K. Rowling,same,0,0,0,0,0,0,553,15,3,5,Explicit,"No Archive Warnings Apply, F/M, M/M, Multi",,English,31 Aug 2026,2.7124773960216997,0.5424954792043399,20.0
2026-09-08T21:34:43,cohort,58559758,,Harry Potter - J. K. Rowling,same,0,0,0,0,0,0,1666,59,14,21,Mature,No Archive Warnings Apply,M/M,Français,31 Aug 2026,3.5414165666266504,0.8403361344537815,23.728813559322035
2026-09-08T21:34:43,cohort,91709476,,Harry Potter - J. K. Rowling,same,0,0,0,0,0,0,89,7,3,1,Teen And Up Audiences,"Graphic Depictions Of Violence, Major Character Death",Multi,English,31 Aug 2026,7.865168539325842,3.3707865168539324,42.857142857142854
2026-09-08T21:34:43,cohort,91708306,,Harry Potter - J. K. Rowling,same,0,0,0,0,0,0,110,11,1,1,Mature,"Creator Chose Not To Use Archive Warnings, Graphic Depictions Of Violence",F/M,English,31 Aug 2026,10.0,0.9090909090909091,9.090909090909092
2026-09-08T21:34:43,cohort,76724291,,Harry Potter - J. K. Rowling,same,0,0,0,0,0,0,4525,238,61,7,Not Rated,Creator Chose Not To Use Archive Warnings,M/M,English,31 Aug 2026,5.259668508287293,1.3480662983425415,25.630252100840334
2026-09-08T21:34:43,cohort,53471581,,Harry Potter - J. K. Rowling,same,0,0,0,0,0,0,10050,135,57,13,Explicit,"No Archive Warnings Apply, F/F, Gen",,English,31 Aug 2026,1.3432835820895521,0.5671641791044777,42.22222222222222
2026-09-08T21:34:43,cohort,90680536,,Harry Potter - J. K. Rowling,same,0,0,0,0,0,0,408,29,3,3,Not Rated,"Creator Chose Not To Use Archive Warnings, Graphic Depictions Of Violence, Major Character Death",F/M,English,31 Aug 2026,7.107843137254902,0.7352941176470588,10.344827586206897
2026-09-08T21:34:43,cohort,91089651,,Harry Potter - J. K. Rowling,same,0,0,0,0,0,0,152,14,0,2,Mature,"Graphic Depictions Of Violence, Major Character Death, Underage Sex, F/F, M/M",,English,31 Aug 2026,9.210526315789473,0.0,0.0
2026-09-08T21:34:43,cohort,91707261,,Harry Potter - J. K. Rowling,same,0,0,0,0,0,0,257,20,0,1,Teen And Up Audiences,"Creator Chose Not To Use Archive Warnings, No category",,English,31 Aug 2026,7.782101167315175,0.0,0.0
2026-09-08T21:34:43,cohort,91688111,,Harry Potter - J. K. Rowling,same,0,0,0,0,0,0,395,48,0,1,General Audiences,No Archive Warnings Apply,M/M,English,31 Aug 2026,12.151898734177214,0.0,0.0
2026-09-08T21:34:43,cohort,91700126,,Harry Potter - J. K. Rowling,same,0,0,0,0,0,0,240,17,4,2,Teen And Up Audiences,Creator Chose Not To Use Archive Warnings,M/M,English,31 Aug 2026,7.083333333333333,1.6666666666666667,23.52941176470588
2026-09-08T21:34:43,cohort,91706806,,Harry Potter - J. K. Rowling,same,0,0,0,0,0,0,305,52,1,1,General Audiences,No Archive Warnings Apply,M/M,English,31 Aug 2026,17.04918032786885,0.32786885245901637,1.9230769230769231
2026-09-08T21:34:43,cohort,91409201,,Harry Potter - J. K. Rowling,same,0,0,0,0,0,0,241,9,7,3,Not Rated,Creator Chose Not To Use Archive Warnings,M/M,English,31 Aug 2026,3.7344398340248963,2.904564315352697,77.77777777777779
2026-09-08T21:34:43,cohort,91706011,,Harry Potter - J. K. Rowling,same,0,0,0,0,0,0,209,33,5,1,Mature,No Archive Warnings Apply,F/M,English,31 Aug 2026,15.789473684210526,2.3923444976076556,15.151515151515152
2026-09-08T21:34:43,cohort,91706401,,Harry Potter - J. K. Rowling,same,0,0,0,0,0,0,76,8,0,1,General Audiences,"Creator Chose Not To Use Archive Warnings, F/F, F/M, Gen, M/M",,English,31 Aug 2026,10.526315789473683,0.0,0.0
2026-09-08T21:34:43,cohort,91706171,,Harry Potter - J. K. Rowling,same,0,0,0,0,0,0,533,71,14,1,Mature,No Archive Warnings Apply,F/M,English,30 Aug 2026,13.320825515947469,2.6266416510318953,19.718309859154928
2026-09-08T21:34:43,cohort,84717561,,Harry Potter - J. K. Rowling,same,0,0,0,0,0,0,5860,247,82,27,Mature,"Graphic Depictions Of Violence, Creator Chose Not To Use Archive Warnings",M/M,English,31 Aug 2026,4.215017064846417,1.3993174061433447,33.198380566801625
2026-09-08T21:34:43,cohort,77230366,,Harry Potter - J. K. Rowling,same,0,0,0,0,0,0,869,17,9,80,Not Rated,Graphic Depictions Of Violence,F/F,English,31 Aug 2026,1.9562715765247412,1.0356731875719216,52.94117647058824
2026-09-08T21:34:43,cohort,57453793,,Harry Potter - J. K. Rowling,same,0,0,0,0,0,0,33346,993,193,25,Not Rated,"Creator Chose Not To Use Archive Warnings, Gen, M/M",,Français,31 Aug 2026,2.9778684100041986,0.5787800635758412,19.436052366565963
2026-09-08T21:34:43,cohort,91705396,,Harry Potter - J. K. Rowling,same,0,0,0,0,0,0,76,0,0,1,Explicit,"Rape/Non-Con, Gen, M/M",,English,30 Aug 2026,0.0,0.0,0.0
2026-09-08T21:34:43,cohort,43591416,,Harry Potter - J. K. Rowling,same,0,0,0,0,0,0,24165,680,778,67,Mature,No Archive Warnings Apply,M/M,English,31 Aug 2026,2.813987171529071,3.219532381543555,114.41176470588235
2026-09-08T21:34:43,cohort,89008661,,Harry Potter - J. K. Rowling,same,0,0,0,0,0,0,690,74,19,4,Mature,"Creator Chose Not To Use Archive Warnings, No Archive Warnings Apply, Gen, Other",,English,31 Aug 2026,10.72463768115942,2.753623188405797,25.675675675675674
2026-09-08T21:34:43,cohort,84989646,,Harry Potter - J. K. Rowling,same,0,0,0,0,0,0,737,36,7,21,Not Rated,"Creator Chose Not To Use Archive Warnings, F/F, F/M, M/M",,English,31 Aug 2026,4.884667571234735,0.9497964721845319,19.444444444444446
2026-09-08T21:34:43,cohort,69411371,,Harry Potter - J. K. Rowling,same,0,0,0,0,0,0,695,25,60,23,Mature,"Creator Chose Not To Use Archive Warnings, Multi, F/M, M/M, Other",,English,30 Aug 2026,3.597122302158273,8.633093525179856,240.0
2026-09-08T21:34:43,cohort,91704391,,Harry Potter - J. K. Rowling,same,0,0,0,0,0,0,186,9,0,5,General Audiences,No Archive Warnings Apply,Gen,English,31 Aug 2026,4.838709677419355,0.0,0.0
2026-09-08T21:34:43,cohort,58169092,,Harry Potter - J. K. Rowling,same,0,0,0,0,0,0,8588,125,82,66,General Audiences,Creator Chose Not To Use Archive Warnings,F/M,English,31 Aug 2026,1.455519329296693,0.9548206800186306,65.60000000000001
2026-09-08T21:34:43,cohort,67238632,,Harry Potter - J. K. Rowling,same,0,0,0,0,0,0,8859,228,124,12,Teen And Up Audiences,"Creator Chose Not To Use Archive Warnings, No category",,English,31 Aug 2026,2.5736539112766676,1.3997065131504685,54.385964912280706
2026-09-08T21:34:43,cohort,91703371,,Harry Potter - J. K. Rowling,same,0,0,0,0,0,0,147,17,1,1,General Audiences,Creator Chose Not To Use Archive Warnings,M/M,English,31 Aug 2026,11.564625850340136,0.6802721088435374,5.88235294117647
2026-09-08T21:34:43,cohort,81707071,,Harry Potter - J. K. Rowling,same,0,0,0,0,0,0,15024,288,296,18,Explicit,"Creator Chose Not To Use Archive Warnings, F/M, M/M",,English,31 Aug 2026,1.9169329073482428,1.970181043663472,102.77777777777777
2026-09-08T21:34:43,cohort,75118011,,Harry Potter - J. K. Rowling,same,0,0,0,0,0,0,11003,231,37,20,Explicit,"Creator Chose Not To Use Archive Warnings, Major Character Death, F/F, M/M, Multi, Other",,English,31 Aug 2026,2.0994274288830317,0.3362719258384077,16.017316017316016
2026-09-08T21:34:43,cohort,85786296,,Harry Potter - J. K. Rowling,same,0,0,0,0,0,0,986,18,7,60,Teen And Up Audiences,Major Character Death,F/M,English,31 Aug 2026,1.8255578093306288,0.7099391480730223,38.88888888888889
2026-09-08T21:34:43,cohort,83306866,,Harry Potter - J. K. Rowling,same,0,0,0,0,0,0,1928,95,106,8,General Audiences,No Archive Warnings Apply,F/M,English,31 Aug 2026,4.927385892116183,5.4979253112033195,111.57894736842104
2026-09-08T21:34:43,cohort,91702791,,Harry Potter - J. K. Rowling,same,0,0,0,0,0,0,84,7,7,1,Not Rated,Creator Chose Not To Use Archive Warnings,M/M,中文-普通话 國語,31 Aug 2026,8.333333333333332,8.333333333333332,100.0
2026-09-08T21:34:43,cohort,91702686,,Harry Potter - J. K. Rowling,same,0,0,0,0,0,0,319,2,1,1,Not Rated,Rape/Non-Con,F/M,English,31 Aug 2026,0.6269592476489028,0.3134796238244514,50.0
2026-09-08T21:34:43,cohort,91478041,,Harry Potter - J. K. Rowling,same,0,0,0,0,0,0,110,5,4,2,Teen And Up Audiences,"Graphic Depictions Of Violence, Rape/Non-Con, Underage Sex, F/F, F/M, M/M",,English,31 Aug 2026,4.545454545454546,3.6363636363636362,80.0
2026-09-08T21:34:43,cohort,89897821,,Harry Potter - J. K. Rowling,same,0,0,0,0,0,0,913,59,7,2,Not Rated,"Creator Chose Not To Use Archive Warnings, Graphic Depictions Of Violence",F/M,English,31 Aug 2026,6.4622124863088715,0.7667031763417306,11.864406779661017
2026-09-08T21:34:43,cohort,84219716,,Harry Potter - J. K. Rowling,same,0,0,0,0,0,0,2134,100,12,14,Not Rated,Creator Chose Not To Use Archive Warnings,M/M,English,31 Aug 2026,4.686035613870666,0.5623242736644799,12.0
2026-09-08T21:34:43,cohort,51491080,,Harry Potter - J. K. Rowling,same,0,0,0,0,0,0,50161,1165,835,51,Mature,"Graphic Depictions Of Violence, No category",,English,30 Aug 2026,2.322521480831722,1.664639859651921,71.67381974248927
2026-09-08T21:34:43,cohort,88577571,,Harry Potter - J. K. Rowling,same,0,0,0,0,0,0,542,41,30,8,Teen And Up Audiences,Graphic Depictions Of Violence,F/M,English,31 Aug 2026,7.564575645756458,5.535055350553505,73.17073170731707
2026-09-08T21:34:43,cohort,91700721,,Harry Potter - J. K. Rowling,same,0,0,0,0,0,0,921,76,4,1,General Audiences,Creator Chose Not To Use Archive Warnings,M/M,English,31 Aug 2026,8.251900108577633,0.43431053203040176,5.263157894736842
2026-09-08T21:34:43,cohort,88834436,,Harry Potter - J. K. Rowling,same,0,0,0,0,0,0,161,3,2,9,Explicit,Creator Chose Not To Use Archive Warnings,M/M,Español,30 Aug 2026,1.8633540372670807,1.2422360248447204,66.66666666666666
2026-09-08T21:34:43,cohort,91693131,,Harry Potter - J. K. Rowling,same,0,0,0,0,0,0,365,24,1,1,Teen And Up Audiences,No Archive Warnings Apply,M/M,English,31 Aug 2026,6.575342465753424,0.273972602739726,4.166666666666666
2026-09-08T21:34:43,cohort,61922746,,Harry Potter - J. K. Rowling,same,0,0,0,0,0,0,1962,83,36,11,Not Rated,"Graphic Depictions Of Violence, F/F, F/M, M/M",,English,31 Aug 2026,4.230377166156982,1.834862385321101,43.373493975903614
2026-09-08T21:34:43,cohort,75708911,,Harry Potter - J. K. Rowling,same,0,0,0,0,0,0,2217,93,20,11,Explicit,Graphic Depictions Of Violence,M/M,English,31 Aug 2026,4.194857916102842,0.9021199819576003,21.50537634408602
2026-09-08T21:34:43,cohort,70445856,,Harry Potter - J. K. Rowling,same,0,0,0,0,0,0,4254,100,20,27,General Audiences,No Archive Warnings Apply,F/M,English,31 Aug 2026,2.350728725905031,0.47014574518100605,20.0
2026-09-08T21:34:43,cohort,70227281,,Harry Potter - J. K. Rowling,same,0,0,0,0,0,0,1335,38,7,2,Mature,"Underage Sex, Rape/Non-Con",M/M,中文-普通话 國語,31 Aug 2026,2.846441947565543,0.5243445692883896,18.421052631578945
2026-09-08T21:34:43,cohort,88719526,,Harry Potter - J. K. Rowling,same,0,0,0,0,0,0,60,6,5,3,Mature,Creator Chose Not To Use Archive Warnings,F/F,English,31 Aug 2026,10.0,8.333333333333332,83.33333333333334
2026-09-08T21:34:43,cohort,87283881,,Harry Potter - J. K. Rowling,same,0,0,0,0,0,0,4233,99,78,26,Explicit,Creator Chose Not To Use Archive Warnings,F/M,English,31 Aug 2026,2.3387668320340187,1.8426647767540751,78.78787878787878
2026-09-08T21:34:43,cohort,91699571,,Harry Potter - J. K. Rowling,same,0,0,0,0,0,0,104,0,1,1,Teen And Up Audiences,"Creator Chose Not To Use Archive Warnings, Major Character Death",Gen,English,31 Aug 2026,0.0,0.9615384615384616,0.0
2026-09-08T21:34:43,cohort,91698581,,Harry Potter - J. K. Rowling,same,0,0,0,0,0,0,132,4,2,10,Explicit,Underage Sex,F/M,English,31 Aug 2026,3.0303030303030303,1.5151515151515151,50.0
2026-09-08T21:34:43,cohort,83820896,,Harry Potter - J. K. Rowling,same,0,0,0,0,0,0,4701,282,83,17,Mature,Creator Chose Not To Use Archive Warnings,F/M,English,31 Aug 2026,5.998723675813657,1.7655817911082747,29.432624113475175
2026-09-08T21:34:43,cohort,77371616,,Harry Potter - J. K. Rowling,same,0,0,0,0,0,0,3197,88,17,13,Teen And Up Audiences,"No Archive Warnings Apply, F/M, M/M",,English,31 Aug 2026,2.752580544260244,0.5317485142320926,19.318181818181817
2026-09-08T21:34:43,cohort,91698606,,Harry Potter - J. K. Rowling,same,0,0,0,0,0,0,85,5,1,1,Teen And Up Audiences,Creator Chose Not To Use Archive Warnings,F/F,English,31 Aug 2026,5.88235294117647,1.1764705882352942,20.0
2026-09-08T21:34:43,cohort,72030801,,Harry Potter - J. K. Rowling,same,0,0,0,0,0,0,7323,138,85,27,Explicit,Graphic Depictions Of Violence,F/M,English,31 Aug 2026,1.8844735764031135,1.160726478219309,61.59420289855072
2026-09-08T21:34:43,cohort,88071086,,Harry Potter - J. K. Rowling,same,0,0,0,0,0,0,630,21,10,9,Not Rated,"Creator Chose Not To Use Archive Warnings, F/F, M/M",,English,31 Aug 2026,3.3333333333333335,1.5873015873015872,47.61904761904761
2026-09-08T21:34:43,cohort,77094706,,Harry Potter - J. K. Rowling,same,0,0,0,0,0,0,520,25,16,9,Teen And Up Audiences,Creator Chose Not To Use Archive Warnings,Other,English,31 Aug 2026,4.807692307692308,3.076923076923077,64.0
2026-09-08T21:34:43,cohort,83561856,,Harry Potter - J. K. Rowling,same,0,0,0,0,0,0,3810,95,71,23,Explicit,"Rape/Non-Con, Underage Sex, Major Character Death, F/F, F/M, M/M",,English,31 Aug 2026,2.493438320209974,1.863517060367454,74.73684210526315
2026-09-08T21:34:43,cohort,72784026,,Harry Potter - J. K. Rowling,same,0,0,0,0,0,0,4995,74,45,34,Explicit,Graphic Depictions Of Violence,F/M,English,31 Aug 2026,1.4814814814814816,0.9009009009009009,60.810810810810814
2026-09-08T21:34:43,cohort,91698001,,Harry Potter - J. K. Rowling,same,0,0,0,0,0,0,146,9,4,1,Not Rated,"Creator Chose Not To Use Archive Warnings, F/M, M/M",,English,31 Aug 2026,6.164383561643835,2.73972602739726,44.44444444444444
2026-09-08T21:34:43,cohort,91697491,,Harry Potter - J. K. Rowling,same,0,0,0,0,0,0,158,0,3,10,Teen And Up Audiences,Major Character Death,F/M,English,31 Aug 2026,0.0,1.89873417721519,0.0
2026-09-08T21:34:43,cohort,85115796,,Harry Potter - J. K. Rowling,same,0,0,0,0,0,0,1664,94,77,12,Not Rated,"Creator Chose Not To Use Archive Warnings, Gen, Other",,English,30 Aug 2026,5.649038461538462,4.627403846153847,81.91489361702128
2026-09-08T21:34:43,cohort,91689856,,Harry Potter - J. K. Rowling,same,0,0,0,0,0,0,179,4,1,2,Mature,"Graphic Depictions Of Violence, Major Character Death, Underage Sex, F/M, Multi",,English,30 Aug 2026,2.2346368715083798,0.5586592178770949,25.0
2026-09-08T21:34:43,cohort,72306756,,Harry Potter - J. K. Rowling,same,0,0,0,0,0,0,83,4,3,7,Teen And Up Audiences,No Archive Warnings Apply,M/M,Русский,31 Aug 2026,4.819277108433735,3.614457831325301,75.0
2026-09-08T21:34:43,cohort,89301481,,Harry Potter - J. K. Rowling,same,0,0,0,0,0,0,77,2,6,5,Teen And Up Audiences,No Archive Warnings Apply,F/F,English,30 Aug 2026,2.5974025974025974,7.792207792207792,300.0
2026-09-08T21:34:43,cohort,89560421,,Harry Potter - J. K. Rowling,same,0,0,0,0,0,0,342,20,4,4,Explicit,Underage Sex,M/M,English,31 Aug 2026,5.847953216374268,1.1695906432748537,20.0
2026-09-08T21:34:43,cohort,87825716,,Harry Potter - J. K. Rowling,same,0,0,0,0,0,0,19894,1086,490,10,Explicit,Creator Chose Not To Use Archive Warnings,M/M,English,30 Aug 2026,5.45893234140947,2.4630541871921183,45.11970534069982
2026-09-08T21:34:43,cohort,50869042,,Harry Potter - J. K. Rowling,same,0,0,0,0,0,0,1240,23,3,3,General Audiences,No Archive Warnings Apply,F/M,English,31 Aug 2026,1.8548387096774193,0.24193548387096775,13.043478260869565
2026-09-08T21:34:43,cohort,91696441,,Harry Potter - J. K. Rowling,same,0,0,0,0,0,0,307,31,4,1,Explicit,No Archive Warnings Apply,F/F,English,31 Aug 2026,10.097719869706841,1.3029315960912053,12.903225806451612
2026-09-08T21:34:43,cohort,91695256,,Harry Potter - J. K. Rowling,same,0,0,0,0,0,0,3133,73,4,1,Explicit,"Rape/Non-Con, Underage Sex",F/M,English,31 Aug 2026,2.330035110118098,0.12767315671879986,5.47945205479452
2026-09-08T21:34:43,cohort,86846606,,Harry Potter - J. K. Rowling,same,0,0,0,0,0,0,151,7,0,7,Teen And Up Audiences,Creator Chose Not To Use Archive Warnings,F/M,English,31 Aug 2026,4.635761589403973,0.0,0.0
2026-09-08T21:34:43,cohort,57518137,,Harry Potter - J. K. Rowling,same,0,0,0,0,0,0,4274,81,101,24,Explicit,"Graphic Depictions Of Violence, Major Character Death",F/M,English,31 Aug 2026,1.8951801591015442,2.3631258773982218,124.69135802469135
2026-09-08T21:34:43,cohort,91695116,,Harry Potter - J. K. Rowling,same,0,0,0,0,0,0,95,6,0,1,Teen And Up Audiences,Creator Chose Not To Use Archive Warnings,Gen,English,31 Aug 2026,6.315789473684211,0.0,0.0
2026-09-08T21:34:43,cohort,53872705,,Harry Potter - J. K. Rowling,same,0,0,0,0,0,0,235650,3329,1330,66,Mature,"Graphic Depictions Of Violence, F/F, F/M, M/M",,English,31 Aug 2026,1.4126883089327393,0.5643963505198387,39.95193751877441
2026-09-08T21:34:43,cohort,86265766,,Harry Potter - J. K. Rowling,same,0,0,0,0,0,0,1294,58,49,11,Mature,No Archive Warnings Apply,F/M,English,30 Aug 2026,4.482225656877898,3.786707882534776,84.48275862068965
2026-09-08T21:34:43,cohort,76301376,,Harry Potter - J. K. Rowling,same,0,0,0,0,0,0,765,62,15,3,Not Rated,Creator Chose Not To Use Archive Warnings,Gen,English,31 Aug 2026,8.104575163398692,1.9607843137254901,24.193548387096776
2026-09-08T21:34:43,cohort,87702936,,Harry Potter - J. K. Rowling,same,0,0,0,0,0,0,2845,187,29,8,Teen And Up Audiences,"No Archive Warnings Apply, No category",,English,30 Aug 2026,6.572934973637961,1.0193321616871704,15.508021390374333
2026-09-08T21:34:43,cohort,91694131,,Harry Potter - J. K. Rowling,same,0,0,0,0,0,0,691,47,0,1,Explicit,No Archive Warnings Apply,F/M,English,31 Aug 2026,6.801736613603474,0.0,0.0
2026-09-08T21:34:43,cohort,77127111,,Harry Potter - J. K. Rowling,same,0,0,0,0,0,0,190,2,3,2,Mature,"Graphic Depictions Of Violence, Major Character Death, Underage Sex, F/F, F/M, M/M",,English,31 Aug 2026,1.0526315789473684,1.5789473684210527,150.0
2026-09-08T21:34:43,cohort,91306296,,Harry Potter - J. K. Rowling,same,0,0,0,0,0,0,239,6,0,4,Explicit,Underage Sex,M/M,中文-普通话 國語,31 Aug 2026,2.510460251046025,0.0,0.0
2026-09-08T21:34:43,cohort,59912992,,Harry Potter - J. K. Rowling,same,0,0,0,0,0,0,905,19,0,8,Mature,No Archive Warnings Apply,M/M,English,30 Aug 2026,2.0994475138121547,0.0,0.0
2026-09-08T21:34:43,cohort,80273126,,Harry Potter - J. K. Rowling,same,0,0,0,0,0,0,821,41,4,9,Teen And Up Audiences,"No Archive Warnings Apply, F/M, Gen",,English,31 Aug 2026,4.993909866017052,0.48721071863580995,9.75609756097561
2026-09-08T21:34:43,cohort,90067861,,Harry Potter - J. K. Rowling,same,0,0,0,0,0,0,3364,106,65,85,General Audiences,Creator Chose Not To Use Archive Warnings,Gen,English,31 Aug 2026,3.151010701545779,1.9322235434007136,61.32075471698113
2026-09-08T21:34:43,cohort,48174745,,Harry Potter - J. K. Rowling,same,0,0,0,0,0,0,44876,829,507,22,Mature,"Graphic Depictions Of Violence, Major Character Death, F/M, M/M",,English,31 Aug 2026,1.8473125947054105,1.1297798377752026,61.158021712907114
2026-09-08T21:34:43,cohort,91693351,,Harry Potter - J. K. Rowling,same,0,0,0,0,0,0,475,32,6,1,Not Rated,No Archive Warnings Apply,F/M,English,31 Aug 2026,6.7368421052631575,1.263157894736842,18.75
2026-09-08T21:34:43,cohort,86871806,,Harry Potter - J. K. Rowling,same,0,0,0,0,0,0,2419,90,151,9,Explicit,Creator Chose Not To Use Archive Warnings,F/M,English,31 Aug 2026,3.7205456800330716,6.242248863166598,167.77777777777777
2026-09-08T21:34:43,cohort,61109401,,Harry Potter - J. K. Rowling,same,0,0,0,0,0,0,97562,1763,1473,81,Not Rated,"Creator Chose Not To Use Archive Warnings, F/M, Multi",,English,31 Aug 2026,1.8070560259117279,1.5098091470039563,83.55076574021554
2026-09-08T21:34:43,cohort,91079891,,Harry Potter - J. K. Rowling,same,0,0,0,0,0,0,67,15,22,9,Mature,"No Archive Warnings Apply, F/M, Gen",,English,31 Aug 2026,22.388059701492537,32.83582089552239,146.66666666666666
2026-09-08T21:34:43,cohort,47748025,,Harry Potter - J. K. Rowling,same,0,0,0,0,0,0,34791,1011,50,10,Not Rated,"Creator Chose Not To Use Archive Warnings, F/F, F/M, Gen, M/M",,English,31 Aug 2026,2.9059239458480643,0.1437153286769567,4.945598417408506
2026-09-08T21:34:43,cohort,59220613,,Harry Potter - J. K. Rowling,same,0,0,0,0,0,0,17018,397,250,27,Explicit,No Archive Warnings Apply,F/M,English,31 Aug 2026,2.332824068633212,1.4690327888118462,62.97229219143576
2026-09-08T21:34:43,cohort,32588626,,Harry Potter - J. K. Rowling,same,0,0,0,0,0,0,50329,922,383,32,Mature,"Creator Chose Not To Use Archive Warnings, Graphic Depictions Of Violence, Rape/Non-Con",F/M,English,31 Aug 2026,1.8319457966579904,0.7609926682429613,41.54013015184382
2026-09-08T21:34:43,cohort,77027206,,Harry Potter - J. K. Rowling,same,0,0,0,0,0,0,292,2,0,9,Mature,No Archive Warnings Apply,F/M,English,31 Aug 2026,0.684931506849315,0.0,0.0
2026-09-08T21:34:43,cohort,91430346,,Harry Potter - J. K. Rowling,same,0,0,0,0,0,0,86,2,1,2,Mature,No Archive Warnings Apply,F/M,English,31 Aug 2026,2.3255813953488373,1.1627906976744187,50.0
2026-09-08T21:34:43,cohort,85407391,,Harry Potter - J. K. Rowling,same,0,0,0,0,0,0,4271,136,49,7,Explicit,Creator Chose Not To Use Archive Warnings,F/M,English,31 Aug 2026,3.1842659798642003,1.1472723015687194,36.029411764705884
2026-09-08T21:34:43,cohort,90360981,,Harry Potter - J. K. Rowling,same,0,0,0,0,0,0,77,6,4,4,Teen And Up Audiences,"Creator Chose Not To Use Archive Warnings, No category",,English,31 Aug 2026,7.792207792207792,5.194805194805195,66.66666666666666
2026-09-08T21:34:43,cohort,91650526,,Harry Potter - J. K. Rowling,same,0,0,0,0,0,0,51,3,6,1,Teen And Up Audiences,No Archive Warnings Apply,M/M,English,30 Aug 2026,5.88235294117647,11.76470588235294,200.0
2026-09-08T21:34:43,cohort,86342246,,Harry Potter - J. K. Rowling,same,0,0,0,0,0,0,11736,822,318,5,General Audiences,"No Archive Warnings Apply, No category",,English,31 Aug 2026,7.004089979550102,2.7096114519427403,38.68613138686132
2026-09-08T21:34:43,cohort,73712236,,Harry Potter - J. K. Rowling,same,0,0,0,0,0,0,41361,1557,608,29,Explicit,"Major Character Death, Underage Sex",M/M,English,31 Aug 2026,3.7644157539711323,1.469983801165349,39.04945407835581
2026-09-08T21:34:43,cohort,91691501,,Harry Potter - J. K. Rowling,same,0,0,0,0,0,0,88,9,8,1,Not Rated,No Archive Warnings Apply,M/M,English,31 Aug 2026,10.227272727272728,9.090909090909092,88.88888888888889
2026-09-08T21:34:43,cohort,91691286,,Harry Potter - J. K. Rowling,same,0,0,0,0,0,0,219,6,2,2,Explicit,"Graphic Depictions Of Violence, Major Character Death",F/M,English,31 Aug 2026,2.73972602739726,0.91324200913242,33.33333333333333
2026-09-08T21:34:43,cohort,91691406,,Harry Potter - J. K. Rowling,same,0,0,0,0,0,0,125,9,1,1,Teen And Up Audiences,"Creator Chose Not To Use Archive Warnings, M/M, Multi",,English,31 Aug 2026,7.199999999999999,0.8,11.11111111111111
2026-09-08T21:34:43,cohort,70195661,,Harry Potter - J. K. Rowling,same,0,0,0,0,0,0,39183,762,648,13,Explicit,Creator Chose Not To Use Archive Warnings,F/M,English,31 Aug 2026,1.9447209248908965,1.653778424316668,85.03937007874016
2026-09-08T21:34:43,cohort,91691266,,Harry Potter - J. K. Rowling,same,0,0,0,0,0,0,109,11,0,1,General Audiences,Creator Chose Not To Use Archive Warnings,M/M,English,31 Aug 2026,10.091743119266056,0.0,0.0
2026-09-08T21:34:43,cohort,66679648,,Harry Potter - J. K. Rowling,same,0,0,0,0,0,0,34501,583,920,32,Mature,Creator Chose Not To Use Archive Warnings,Multi,English,31 Aug 2026,1.6898060925770269,2.666589374221037,157.80445969125213
2026-09-08T21:34:43,cohort,77401001,,Harry Potter - J. K. Rowling,same,0,0,0,0,0,0,10274,298,541,16,Explicit,"Graphic Depictions Of Violence, Rape/Non-Con",F/M,English,31 Aug 2026,2.9005255985984038,5.265719291415223,181.54362416107384
2026-09-08T21:34:43,cohort,63318898,,Harry Potter - J. K. Rowling,same,0,0,0,0,0,0,353,23,4,5,Mature,"Creator Chose Not To Use Archive Warnings, Graphic Depictions Of Violence",M/M,Português brasileiro,30 Aug 2026,6.515580736543909,1.13314447592068,17.391304347826086
2026-09-08T21:34:43,cohort,82486016,,Harry Potter - J. K. Rowling,same,0,0,0,0,0,0,24833,896,450,21,Mature,"Graphic Depictions Of Violence, F/F, Gen",,English,31 Aug 2026,3.6081021221761365,1.812104860467926,50.22321428571429
2026-09-08T21:34:43,cohort,89900271,,Harry Potter - J. K. Rowling,same,0,0,0,0,0,0,389,8,2,10,General Audiences,"Creator Chose Not To Use Archive Warnings, No category",,English,30 Aug 2026,2.056555269922879,0.5141388174807198,25.0
2026-09-08T21:34:43,cohort,88863131,,Harry Potter - J. K. Rowling,same,0,0,0,0,0,0,522,38,31,3,Mature,Graphic Depictions Of Violence,M/M,English,31 Aug 2026,7.2796934865900385,5.938697318007663,81.57894736842105
2026-09-08T21:34:43,cohort,82941246,,Harry Potter - J. K. Rowling,same,0,0,0,0,0,0,3040,130,52,17,General Audiences,Creator Chose Not To Use Archive Warnings,M/M,English,31 Aug 2026,4.276315789473684,1.710526315789474,40.0
2026-09-08T21:34:43,cohort,81437096,,Harry Potter - J. K. Rowling,same,0,0,0,0,0,0,7127,204,179,21,Explicit,Creator Chose Not To Use Archive Warnings,F/M,English,31 Aug 2026,2.862354426827557,2.5115756980496706,87.74509803921569
2026-09-08T21:34:43,cohort,81524131,,Harry Potter - J. K. Rowling,same,0,0,0,0,0,0,208,5,15,8,Not Rated,"Graphic Depictions Of Violence, Gen, M/M",,English,31 Aug 2026,2.403846153846154,7.211538461538461,300.0
2026-09-08T21:34:43,cohort,91689741,,Harry Potter - J. K. Rowling,same,0,0,0,0,0,0,362,14,6,1,Explicit,"No Archive Warnings Apply, No category",,English,31 Aug 2026,3.867403314917127,1.6574585635359116,42.857142857142854
2026-09-08T21:34:43,cohort,88431696,,Harry Potter - J. K. Rowling,same,0,0,0,0,0,0,8944,390,187,7,Teen And Up Audiences,Creator Chose Not To Use Archive Warnings,Gen,English,30 Aug 2026,4.3604651162790695,2.0907871198568873,47.94871794871795
2026-09-08T21:34:43,cohort,72775181,,Harry Potter - J. K. Rowling,same,0,0,0,0,0,0,107,5,5,3,Not Rated,"Creator Chose Not To Use Archive Warnings, No category",,English,31 Aug 2026,4.672897196261682,4.672897196261682,100.0
2026-09-08T21:34:43,cohort,91688746,,Harry Potter - J. K. Rowling,same,0,0,0,0,0,0,61,4,1,2,Mature,Creator Chose Not To Use Archive Warnings,F/M,English,31 Aug 2026,6.557377049180328,1.639344262295082,25.0
2026-09-08T21:34:43,cohort,53750590,,Harry Potter - J. K. Rowling,same,0,0,0,0,0,0,76393,2010,1092,34,Teen And Up Audiences,"Graphic Depictions Of Violence, F/F, F/M, M/M",,English,31 Aug 2026,2.631131124579477,1.4294503423088503,54.328358208955216
2026-09-08T21:34:43,cohort,89883806,,Harry Potter - J. K. Rowling,same,0,0,0,0,0,0,51,1,0,1,General Audiences,Creator Chose Not To Use Archive Warnings,F/M,English,31 Aug 2026,1.9607843137254901,0.0,0.0
2026-09-08T21:34:43,cohort,89955701,,Harry Potter - J. K. Rowling,same,0,0,0,0,0,0,52,3,0,1,General Audiences,Creator Chose Not To Use Archive Warnings,F/M,English,31 Aug 2026,5.769230769230769,0.0,0.0
2026-09-08T21:34:43,cohort,89474361,,Harry Potter - J. K. Rowling,same,0,0,0,0,0,0,54,2,0,1,General Audiences,Creator Chose Not To Use Archive Warnings,F/M,English,31 Aug 2026,3.7037037037037033,0.0,0.0
2026-09-08T21:34:43,cohort,91688616,,Harry Potter - J. K. Rowling,same,0,0,0,0,0,0,102,26,10,1,Mature,No Archive Warnings Apply,F/M,English,30 Aug 2026,25.49019607843137,9.803921568627452,38.46153846153847
2026-09-08T21:34:43,cohort,82680391,,Harry Potter - J. K. Rowling,same,0,0,0,0,0,0,343,31,13,3,General Audiences,"Creator Chose Not To Use Archive Warnings, No Archive Warnings Apply",M/M,English,31 Aug 2026,9.037900874635568,3.7900874635568513,41.935483870967744
2026-09-08T21:34:43,cohort,57818053,,Harry Potter - J. K. Rowling,same,0,0,0,0,0,0,5730,211,151,10,Mature,Creator Chose Not To Use Archive Warnings,M/M,English,30 Aug 2026,3.682373472949389,2.635253054101222,71.56398104265402
2026-09-08T21:34:43,cohort,42625170,,Harry Potter - J. K. Rowling,same,0,0,0,0,0,0,8881,122,33,67,Teen And Up Audiences,"Creator Chose Not To Use Archive Warnings, F/F, F/M, M/M",,English,31 Aug 2026,1.3737191757684946,0.37157977705213374,27.049180327868854
2026-09-08T21:34:43,cohort,73582106,,Harry Potter - J. K. Rowling,same,0,0,0,0,0,0,8433,141,72,26,Explicit,Creator Chose Not To Use Archive Warnings,F/M,English,30 Aug 2026,1.672002845962291,0.8537886872998933,51.06382978723404
2026-09-08T21:34:43,cohort,89003916,,Harry Potter - J. K. Rowling,same,0,0,0,0,0,0,1157,50,4,21,Explicit,Creator Chose Not To Use Archive Warnings,F/M,English,31 Aug 2026,4.32152117545376,0.34572169403630076,8.0
2026-09-08T21:34:43,cohort,79090276,,Harry Potter - J. K. Rowling,same,0,0,0,0,0,0,4358,295,78,3,Teen And Up Audiences,Creator Chose Not To Use Archive Warnings,F/M,English,31 Aug 2026,6.769160165213401,1.7898118402937127,26.440677966101696
2026-09-08T21:34:43,cohort,73439241,,Harry Potter - J. K. Rowling,same,0,0,0,0,0,0,56370,1908,2158,13,Explicit,Graphic Depictions Of Violence,F/M,English,31 Aug 2026,3.3847791378392764,3.82827745254568,113.10272536687631
2026-09-08T21:34:43,cohort,91686986,,Harry Potter - J. K. Rowling,same,0,0,0,0,0,0,757,120,3,1,Teen And Up Audiences,No Archive Warnings Apply,M/M,English,30 Aug 2026,15.852047556142669,0.3963011889035667,2.5
2026-09-08T21:34:43,cohort,64160512,,Harry Potter - J. K. Rowling,same,0,0,0,0,0,0,129893,1654,736,63,Mature,Graphic Depictions Of Violence,Gen,English,31 Aug 2026,1.2733557620503029,0.5666202181795785,44.49818621523579
2026-09-08T21:34:43,cohort,91686536,,Harry Potter - J. K. Rowling,same,0,0,0,0,0,0,62,8,0,2,Mature,Creator Chose Not To Use Archive Warnings,F/M,English,30 Aug 2026,12.903225806451612,0.0,0.0
2026-09-08T21:34:43,cohort,83865536,,Harry Potter - J. K. Rowling,same,0,0,0,0,0,0,3041,124,82,19,Teen And Up Audiences,No Archive Warnings Apply,M/M,English,31 Aug 2026,4.077606050641236,2.696481420585334,66.12903225806451
2026-09-08T21:34:43,cohort,91686471,,Harry Potter - J. K. Rowling,same,0,0,0,0,0,0,128,9,0,1,Mature,Creator Chose Not To Use Archive Warnings,M/M,中文-普通话 國語,30 Aug 2026,7.03125,0.0,0.0
2026-09-08T21:34:43,cohort,88875836,,Harry Potter - J. K. Rowling,same,0,0,0,0,0,0,1002,63,94,5,Teen And Up Audiences,Graphic Depictions Of Violence,Gen,English,30 Aug 2026,6.287425149700598,9.3812375249501,149.20634920634922
2026-09-08T21:34:43,cohort,91686231,,Harry Potter - J. K. Rowling,same,0,0,0,0,0,0,157,12,1,1,Explicit,No Archive Warnings Apply,F/M,English,30 Aug 2026,7.643312101910828,0.6369426751592357,8.333333333333332
2026-09-08T21:34:43,cohort,79277596,,Harry Potter - J. K. Rowling,same,0,0,0,0,0,0,2960,26,21,32,Explicit,Creator Chose Not To Use Archive Warnings,F/M,English,30 Aug 2026,0.8783783783783784,0.7094594594594595,80.76923076923077
2026-09-08T21:34:43,cohort,89050051,,Harry Potter - J. K. Rowling,same,0,0,0,0,0,0,456,57,15,2,Mature,No Archive Warnings Apply,M/M,English,30 Aug 2026,12.5,3.289473684210526,26.31578947368421
2026-09-08T21:34:43,cohort,91484146,,Harry Potter - J. K. Rowling,same,0,0,0,0,0,0,71,10,1,2,Mature,No Archive Warnings Apply,M/M,English,31 Aug 2026,14.084507042253522,1.4084507042253522,10.0
2026-09-08T21:34:43,cohort,91685261,,Harry Potter - J. K. Rowling,same,0,0,0,0,0,0,115,15,8,1,General Audiences,"Creator Chose Not To Use Archive Warnings, No category",,English,31 Aug 2026,13.043478260869565,6.956521739130435,53.333333333333336
2026-09-08T21:34:43,cohort,89768096,,Harry Potter - J. K. Rowling,same,0,0,0,0,0,0,214,17,4,3,Mature,"Creator Chose Not To Use Archive Warnings, F/M, M/M",,English,30 Aug 2026,7.943925233644859,1.8691588785046727,23.52941176470588
2026-09-08T21:34:43,cohort,90923121,,Harry Potter - J. K. Rowling,same,0,0,0,0,0,0,1040,56,6,6,Not Rated,Creator Chose Not To Use Archive Warnings,F/F,English,30 Aug 2026,5.384615384615385,0.576923076923077,10.714285714285714
2026-09-08T21:34:43,cohort,50596972,,Harry Potter - J. K. Rowling,same,0,0,0,0,0,0,5333,92,3,158,Mature,"Graphic Depictions Of Violence, F/M, M/M",,Español,30 Aug 2026,1.7251078192387022,0.056253515844740296,3.260869565217391
2026-09-08T21:34:43,cohort,91622206,,Harry Potter - J. K. Rowling,same,0,0,0,0,0,0,224,10,2,1,Teen And Up Audiences,No Archive Warnings Apply,F/M,English,30 Aug 2026,4.464285714285714,0.8928571428571428,20.0
2026-09-08T21:34:43,cohort,90992581,,Harry Potter - J. K. Rowling,same,0,0,0,0,0,0,160,4,1,5,General Audiences,"Creator Chose Not To Use Archive Warnings, Underage Sex",F/M,English,30 Aug 2026,2.5,0.625,25.0
2026-09-08T21:34:43,cohort,91683221,,Harry Potter - J. K. Rowling,same,0,0,0,0,0,0,113,2,5,1,General Audiences,"Creator Chose Not To Use Archive Warnings, No category",,English,30 Aug 2026,1.7699115044247788,4.424778761061947,250.0
2026-09-08T21:34:43,cohort,58048789,,Harry Potter - J. K. Rowling,same,0,0,0,0,0,0,12728,445,193,17,Explicit,Graphic Depictions Of Violence,M/M,English,30 Aug 2026,3.496228786926461,1.5163419233186675,43.37078651685393
2026-09-08T21:34:43,cohort,68204981,,Harry Potter - J. K. Rowling,same,0,0,0,0,0,0,8812,288,83,5,Mature,Graphic Depictions Of Violence,Multi,English,30 Aug 2026,3.2682705401724923,0.9418974126191557,28.819444444444443
2026-09-08T21:34:43,cohort,85729836,,Harry Potter - J. K. Rowling,same,0,0,0,0,0,0,298,23,8,2,Not Rated,"Creator Chose Not To Use Archive Warnings, F/F, F/M, M/M",,English,30 Aug 2026,7.718120805369128,2.684563758389262,34.78260869565217
2026-09-08T21:34:43,cohort,91682611,,Harry Potter - J. K. Rowling,same,0,0,0,0,0,0,233,7,0,1,Explicit,No Archive Warnings Apply,F/M,English,30 Aug 2026,3.004291845493562,0.0,0.0
2026-09-08T21:34:43,cohort,67388641,,Harry Potter - J. K. Rowling,same,0,0,0,0,0,0,4139,155,29,7,Teen And Up Audiences,No Archive Warnings Apply,Gen,English,30 Aug 2026,3.74486590964001,0.7006523314810341,18.70967741935484
2026-09-08T21:34:43,cohort,91675076,,Harry Potter - J. K. Rowling,same,0,0,0,0,0,0,103,4,2,10,Not Rated,"Rape/Non-Con, Underage Sex",Multi,English,30 Aug 2026,3.8834951456310676,1.9417475728155338,50.0
2026-09-08T21:34:43,cohort,91682196,,Harry Potter - J. K. Rowling,same,0,0,0,0,0,0,498,42,8,1,Explicit,Rape/Non-Con,M/M,English,30 Aug 2026,8.433734939759036,1.6064257028112447,19.047619047619047
2026-09-08T21:34:43,cohort,91682021,,Harry Potter - J. K. Rowling,same,0,0,0,0,0,0,70,0,0,1,General Audiences,No Archive Warnings Apply,F/M,English,30 Aug 2026,0.0,0.0,0.0
2026-09-08T21:34:43,cohort,91681586,,Harry Potter - J. K. Rowling,same,0,0,0,0,0,0,294,21,2,3,Mature,Creator Chose Not To Use Archive Warnings,F/M,中文-普通话 國語,30 Aug 2026,7.142857142857142,0.6802721088435374,9.523809523809524
2026-09-08T21:34:43,cohort,80752126,,Harry Potter - J. K. Rowling,same,0,0,0,0,0,0,11887,267,479,20,Explicit,No Archive Warnings Apply,F/M,English,30 Aug 2026,2.2461512576764533,4.029612181374611,179.40074906367042
2026-09-08T21:34:43,cohort,78144786,,Harry Potter - J. K. Rowling,same,0,0,0,0,0,0,3644,124,70,16,Mature,"Graphic Depictions Of Violence, Major Character Death",M/M,English,30 Aug 2026,3.4028540065861685,1.920965971459934,56.451612903225815
2026-09-08T21:34:43,cohort,91681421,,Harry Potter - J. K. Rowling,same,0,0,0,0,0,0,77,7,0,1,Teen And Up Audiences,No Archive Warnings Apply,M/M,English,30 Aug 2026,9.090909090909092,0.0,0.0
2026-09-08T21:34:43,cohort,63335155,,Harry Potter - J. K. Rowling,same,0,0,0,0,0,0,60768,1114,324,49,Mature,"Graphic Depictions Of Violence, Major Character Death, F/F, Multi",,English,30 Aug 2026,1.8332016850974198,0.533175355450237,29.084380610412925
2026-09-08T21:34:43,cohort,90585161,,Harry Potter - J. K. Rowling,same,0,0,0,0,0,0,4637,95,19,12,Mature,No Archive Warnings Apply,F/M,English,30 Aug 2026,2.0487384084537417,0.4097476816907484,20.0
2026-09-08T21:34:43,cohort,63553453,,Harry Potter - J. K. Rowling,same,0,0,0,0,0,0,66704,895,2021,66,Mature,"Creator Chose Not To Use Archive Warnings, F/M, Multi",,English,30 Aug 2026,1.3417486207723675,3.029803310146318,225.81005586592178
2026-09-08T21:34:43,cohort,49672894,,Harry Potter - J. K. Rowling,same,0,0,0,0,0,0,2397,30,23,12,Teen And Up Audiences,"No Archive Warnings Apply, No category",,English,30 Aug 2026,1.2515644555694618,0.9595327492699207,76.66666666666667
2026-09-08T21:34:43,cohort,91609071,,Harry Potter - J. K. Rowling,same,0,0,0,0,0,0,1816,174,31,1,Not Rated,Creator Chose Not To Use Archive Warnings,M/M,English,30 Aug 2026,9.581497797356828,1.7070484581497798,17.81609195402299
2026-09-08T21:34:43,cohort,53505706,,Harry Potter - J. K. Rowling,same,0,0,0,0,0,0,5718,244,59,6,Mature,"Graphic Depictions Of Violence, Gen, Multi",,English,30 Aug 2026,4.267226302903112,1.0318293109478838,24.18032786885246
2026-09-08T21:34:43,cohort,90069071,,Harry Potter - J. K. Rowling,same,0,0,0,0,0,0,72,5,2,5,General Audiences,No Archive Warnings Apply,Gen,English,30 Aug 2026,6.944444444444445,2.7777777777777777,40.0
2026-09-08T21:34:43,cohort,91675636,,Harry Potter - J. K. Rowling,same,0,0,0,0,0,0,268,6,2,1,Teen And Up Audiences,No Archive Warnings Apply,F/M,English,30 Aug 2026,2.2388059701492535,0.7462686567164178,33.33333333333333
2026-09-08T21:34:43,cohort,90546876,,Harry Potter - J. K. Rowling,same,0,0,0,0,0,0,142,2,1,4,Mature,"Graphic Depictions Of Violence, Major Character Death, Rape/Non-Con, Underage Sex, F/F, F/M, M/M, Other",,English,30 Aug 2026,1.4084507042253522,0.7042253521126761,50.0
2026-09-08T21:34:43,cohort,832559,,Harry Potter - J. K. Rowling,same,0,0,0,0,0,0,165658,2812,1021,40,Mature,"Graphic Depictions Of Violence, Gen, Other",,English,30 Aug 2026,1.6974731072450469,0.6163300293375509,36.30867709815078
2026-09-08T21:34:43,cohort,85528906,,Harry Potter - J. K. Rowling,same,0,0,0,0,0,0,1114,79,31,4,General Audiences,"Creator Chose Not To Use Archive Warnings, No category",,English,30 Aug 2026,7.091561938958707,2.7827648114901256,39.24050632911392
2026-09-08T21:34:43,cohort,91679821,,Harry Potter - J. K. Rowling,same,0,0,0,0,0,0,962,95,2,1,Not Rated,Creator Chose Not To Use Archive Warnings,M/M,English,30 Aug 2026,9.875259875259875,0.2079002079002079,2.1052631578947367
2026-09-08T21:34:43,cohort,85462486,,Harry Potter - J. K. Rowling,same,0,0,0,0,0,0,5545,359,143,6,Explicit,Creator Chose Not To Use Archive Warnings,M/M,English,30 Aug 2026,6.474301172227231,2.5788999098286745,39.83286908077994
2026-09-08T21:34:43,cohort,45601906,,Harry Potter - J. K. Rowling,same,0,0,0,0,0,0,326,14,4,2,Teen And Up Audiences,Creator Chose Not To Use Archive Warnings,M/M,English,30 Aug 2026,4.294478527607362,1.2269938650306749,28.57142857142857
2026-09-08T21:34:43,cohort,78191806,,Harry Potter - J. K. Rowling,same,0,0,0,0,0,0,17152,568,174,26,Mature,Major Character Death,M/M,English,30 Aug 2026,3.3115671641791042,1.0144589552238805,30.633802816901408
2026-09-08T21:34:43,cohort,91679426,,Harry Potter - J. K. Rowling,same,0,0,0,0,0,0,267,10,0,1,Explicit,Creator Chose Not To Use Archive Warnings,M/M,English,30 Aug 2026,3.7453183520599254,0.0,0.0
2026-09-08T21:34:43,cohort,91678956,,Harry Potter - J. K. Rowling,same,0,0,0,0,0,0,526,20,0,1,Mature,No Archive Warnings Apply,F/M,English,30 Aug 2026,3.802281368821293,0.0,0.0
2026-09-08T21:34:43,cohort,86168131,,Harry Potter - J. K. Rowling,same,0,0,0,0,0,0,12953,381,302,25,Not Rated,Major Character Death,F/M,English,30 Aug 2026,2.9414035358604185,2.3315062147764998,79.26509186351706
2026-09-08T21:34:43,cohort,91675536,,Harry Potter - J. K. Rowling,same,0,0,0,0,0,0,67,0,0,6,Teen And Up Audiences,"Creator Chose Not To Use Archive Warnings, F/M, Gen",,English,30 Aug 2026,0.0,0.0,0.0
2026-09-08T21:34:43,cohort,72242796,,Harry Potter - J. K. Rowling,same,0,0,0,0,0,0,4291,256,39,5,Mature,"Graphic Depictions Of Violence, Major Character Death, F/F, F/M, M/M",,English,30 Aug 2026,5.965975297133536,0.908879049172687,15.234375
2026-09-08T21:34:43,cohort,90665676,,Harry Potter - J. K. Rowling,same,0,0,0,0,0,0,3122,30,14,7,Explicit,"No Archive Warnings Apply, F/F, F/M, Multi",,English,30 Aug 2026,0.9609224855861628,0.4484304932735426,46.666666666666664
2026-09-08T21:34:43,cohort,77658896,,Harry Potter - J. K. Rowling,same,0,0,0,0,0,0,7091,367,60,30,Teen And Up Audiences,"No Archive Warnings Apply, F/M, Multi",,Español,30 Aug 2026,5.175574672119588,0.8461429981666901,16.348773841961854
2026-09-08T21:34:43,cohort,91678516,,Harry Potter - J. K. Rowling,same,0,0,0,0,0,0,364,2,0,1,Explicit,"Graphic Depictions Of Violence, Major Character Death, Rape/Non-Con, Underage Sex, F/F, F/M, Multi, Other",,English,30 Aug 2026,0.5494505494505495,0.0,0.0
2026-09-08T21:34:43,cohort,69066591,,Harry Potter - J. K. Rowling,same,0,0,0,0,0,0,7566,116,0,27,Mature,"Graphic Depictions Of Violence, Major Character Death",F/F,English,30 Aug 2026,1.5331747290510176,0.0,0.0
2026-09-08T21:34:43,cohort,88749731,,Harry Potter - J. K. Rowling,same,0,0,0,0,0,0,132,3,1,9,Mature,Graphic Depictions Of Violence,Gen,English,30 Aug 2026,2.272727272727273,0.7575757575757576,33.33333333333333
2026-09-08T21:34:43,cohort,76667251,,Harry Potter - J. K. Rowling,same,0,0,0,0,0,0,6718,319,422,28,Mature,Creator Chose Not To Use Archive Warnings,F/M,English,30 Aug 2026,4.748437034831795,6.281631437927955,132.2884012539185
2026-09-08T21:34:43,cohort,91198376,,Harry Potter - J. K. Rowling,same,0,0,0,0,0,0,784,70,17,13,Teen And Up Audiences,Creator Chose Not To Use Archive Warnings,M/M,English,30 Aug 2026,8.928571428571429,2.1683673469387754,24.285714285714285
2026-09-08T21:34:43,cohort,86613036,,Harry Potter - J. K. Rowling,same,0,0,0,0,0,0,6142,393,182,5,Explicit,No Archive Warnings Apply,F/M,English,30 Aug 2026,6.398567241940737,2.963204168023445,46.31043256997455
2026-09-08T21:34:43,cohort,90779001,,Harry Potter - J. K. Rowling,same,0,0,0,0,0,0,235,11,6,4,Mature,Graphic Depictions Of Violence,M/M,English,30 Aug 2026,4.680851063829787,2.553191489361702,54.54545454545454
2026-09-08T21:34:43,cohort,80276631,,Harry Potter - J. K. Rowling,same,0,0,0,0,0,0,100,7,0,2,Teen And Up Audiences,"No Archive Warnings Apply, F/F, F/M, M/M",,English,30 Aug 2026,7.000000000000001,0.0,0.0
2026-09-08T21:34:43,cohort,88237551,,Harry Potter - J. K. Rowling,same,0,0,0,0,0,0,5283,117,23,21,Explicit,Graphic Depictions Of Violence,F/M,English,30 Aug 2026,2.2146507666098807,0.4353586977096347,19.65811965811966
2026-09-08T21:34:43,cohort,50462500,,Harry Potter - J. K. Rowling,same,0,0,0,0,0,0,111362,1895,4098,64,Explicit,"Graphic Depictions Of Violence, Major Character Death",F/M,English,30 Aug 2026,1.7016576570104704,3.6798908065587903,216.25329815303428
2026-09-08T21:34:43,cohort,58839298,,Harry Potter - J. K. Rowling,same,0,0,0,0,0,0,41529,501,517,27,Explicit,Graphic Depictions Of Violence,F/M,English,30 Aug 2026,1.2063858990103302,1.2449131931903008,103.1936127744511
2026-09-08T21:34:43,cohort,90222146,,Harry Potter - J. K. Rowling,same,0,0,0,0,0,0,173,11,0,14,Mature,Creator Chose Not To Use Archive Warnings,F/M,Português brasileiro,30 Aug 2026,6.358381502890173,0.0,0.0
2026-09-08T21:34:43,cohort,90486351,,Harry Potter - J. K. Rowling,same,0,0,0,0,0,0,1988,33,3,10,General Audiences,No Archive Warnings Apply,F/M,English,30 Aug 2026,1.659959758551308,0.15090543259557343,9.090909090909092
2026-09-08T21:34:43,cohort,91676721,,Harry Potter - J. K. Rowling,same,0,0,0,0,0,0,125,11,2,1,Explicit,"No Archive Warnings Apply, M/M, F/M",,English,30 Aug 2026,8.799999999999999,1.6,18.181818181818183
2026-09-08T21:34:43,cohort,73338966,,Harry Potter - J. K. Rowling,same,0,0,0,0,0,0,13550,140,209,101,Teen And Up Audiences,"Creator Chose Not To Use Archive Warnings, F/F, F/M, Multi, Other",,English,30 Aug 2026,1.033210332103321,1.5424354243542435,149.28571428571428
2026-09-08T21:34:43,cohort,90634531,,Harry Potter - J. K. Rowling,same,0,0,0,0,0,0,227,16,4,2,Teen And Up Audiences,"Creator Chose Not To Use Archive Warnings, No Archive Warnings Apply",M/M,English,30 Aug 2026,7.048458149779736,1.762114537444934,25.0
2026-09-08T21:34:43,cohort,43102806,,Harry Potter - J. K. Rowling,same,0,0,0,0,0,0,31296,923,176,17,Teen And Up Audiences,Creator Chose Not To Use Archive Warnings,F/M,English,30 Aug 2026,2.949258691206544,0.5623721881390593,19.068255687974
2026-09-08T21:34:43,cohort,89786606,,Harry Potter - J. K. Rowling,same,0,0,0,0,0,0,2624,60,71,10,Mature,"Creator Chose Not To Use Archive Warnings, F/M, M/M, Multi",,English,30 Aug 2026,2.2865853658536586,2.705792682926829,118.33333333333333
2026-09-08T21:34:43,cohort,43676730,,Harry Potter - J. K. Rowling,same,0,0,0,0,0,0,22990,474,564,42,Mature,"Graphic Depictions Of Violence, F/M, M/M",,English,30 Aug 2026,2.061765985210961,2.4532405393649412,118.9873417721519
2026-09-08T21:34:43,cohort,91676466,,Harry Potter - J. K. Rowling,same,0,0,0,0,0,0,386,43,4,1,General Audiences,Creator Chose Not To Use Archive Warnings,F/M,English,30 Aug 2026,11.139896373056994,1.0362694300518136,9.30232558139535
2026-09-08T21:34:43,cohort,91676301,,Harry Potter - J. K. Rowling,same,0,0,0,0,0,0,1017,71,8,1,Explicit,Underage Sex,M/M,English,30 Aug 2026,6.981317600786626,0.7866273352999017,11.267605633802818
2026-09-08T21:34:43,cohort,89173136,,Harry Potter - J. K. Rowling,same,0,0,0,0,0,0,219,8,0,3,Teen And Up Audiences,Graphic Depictions Of Violence,F/M,English,30 Aug 2026,3.65296803652968,0.0,0.0
2026-09-08T21:34:43,cohort,83029166,,Harry Potter - J. K. Rowling,same,0,0,0,0,0,0,908,338,28,20,Mature,Creator Chose Not To Use Archive Warnings,F/F,English,30 Aug 2026,37.22466960352423,3.0837004405286343,8.284023668639055
2026-09-08T21:34:43,cohort,85899326,,Harry Potter - J. K. Rowling,same,0,0,0,0,0,0,10956,373,199,20,Teen And Up Audiences,Creator Chose Not To Use Archive Warnings,F/M,English,30 Aug 2026,3.4045271997079225,1.8163563344286235,53.35120643431635
2026-09-08T21:34:43,cohort,66301228,,Harry Potter - J. K. Rowling,same,0,0,0,0,0,0,40112,739,359,38,Teen And Up Audiences,"Graphic Depictions Of Violence, Major Character Death",F/M,English,30 Aug 2026,1.8423414439569206,0.8949940167530913,48.57916102841678
2026-09-08T21:34:43,cohort,71919151,,Harry Potter - J. K. Rowling,same,0,0,0,0,0,0,3633,25,11,22,Explicit,"Graphic Depictions Of Violence, F/M, M/M",,Русский,30 Aug 2026,0.6881365262868153,0.30278007156619874,44.0
2026-09-08T21:34:43,cohort,91673416,,Harry Potter - J. K. Rowling,same,0,0,0,0,0,0,239,3,0,3,Mature,"Creator Chose Not To Use Archive Warnings, F/M, M/M",,English,30 Aug 2026,1.2552301255230125,0.0,0.0
2026-09-08T21:34:43,cohort,68805171,,Harry Potter - J. K. Rowling,same,0,0,0,0,0,0,5994,185,111,22,Explicit,No Archive Warnings Apply,F/M,English,30 Aug 2026,3.0864197530864197,1.8518518518518516,60.0
2026-09-08T21:34:43,cohort,88332226,,Harry Potter - J. K. Rowling,same,0,0,0,0,0,0,1982,117,8,5,Explicit,Creator Chose Not To Use Archive Warnings,M/M,English,30 Aug 2026,5.903128153380424,0.4036326942482341,6.837606837606838
2026-09-08T21:34:43,cohort,75473371,,Harry Potter - J. K. Rowling,same,0,0,0,0,0,0,3057,100,67,13,Mature,"Graphic Depictions Of Violence, Major Character Death, Underage Sex",M/M,English,30 Aug 2026,3.2711808963035653,2.191691200523389,67.0
2026-09-08T21:34:43,cohort,87525456,,Harry Potter - J. K. Rowling,same,0,0,0,0,0,0,633,22,37,10,Teen And Up Audiences,"Creator Chose Not To Use Archive Warnings, F/F, M/M",,English,30 Aug 2026,3.4755134281200633,5.845181674565561,168.1818181818182
2026-09-08T21:34:43,cohort,58132015,,Harry Potter - J. K. Rowling,same,0,0,0,0,0,0,424,8,4,15,Not Rated,"No Archive Warnings Apply, F/M, M/M, Multi, Other",,Español,30 Aug 2026,1.8867924528301887,0.9433962264150944,50.0
2026-09-08T21:34:43,cohort,77644161,,Harry Potter - J. K. Rowling,same,0,0,0,0,0,0,3957,74,77,11,Teen And Up Audiences,No Archive Warnings Apply,F/M,English,30 Aug 2026,1.8701036138488751,1.9459186252211274,104.05405405405406
2026-09-08T21:34:43,cohort,90744211,,Harry Potter - J. K. Rowling,same,0,0,0,0,0,0,1276,104,31,3,Mature,"Creator Chose Not To Use Archive Warnings, Graphic Depictions Of Violence",F/M,English,30 Aug 2026,8.150470219435736,2.4294670846394983,29.807692307692307
2026-09-08T21:34:43,cohort,76237946,,Harry Potter - J. K. Rowling,same,0,0,0,0,0,0,1158,52,16,5,Explicit,Creator Chose Not To Use Archive Warnings,F/M,English,30 Aug 2026,4.490500863557859,1.381692573402418,30.76923076923077
2026-09-08T21:34:43,cohort,91673316,,Harry Potter - J. K. Rowling,same,0,0,0,0,0,0,62,7,7,1,Teen And Up Audiences,No Archive Warnings Apply,M/M,English,30 Aug 2026,11.29032258064516,11.29032258064516,100.0
2026-09-08T21:34:43,cohort,56478343,,Harry Potter - J. K. Rowling,same,0,0,0,0,0,0,8480,128,87,32,Explicit,No Archive Warnings Apply,F/M,English,30 Aug 2026,1.509433962264151,1.025943396226415,67.96875
2026-09-08T21:34:43,cohort,82980321,,Harry Potter - J. K. Rowling,same,0,0,0,0,0,0,3986,116,13,25,Explicit,Creator Chose Not To Use Archive Warnings,F/M,Polski,30 Aug 2026,2.91018564977421,0.3261414952333166,11.206896551724139
2026-09-08T21:34:43,cohort,87618236,,Harry Potter - J. K. Rowling,same,0,0,0,0,0,0,2019,73,6,50,Mature,Creator Chose Not To Use Archive Warnings,F/M,English,30 Aug 2026,3.6156513125309564,0.2971768202080238,8.21917808219178
2026-09-08T21:34:43,cohort,53627251,,Harry Potter - J. K. Rowling,same,0,0,0,0,0,0,449,12,19,11,General Audiences,Creator Chose Not To Use Archive Warnings,Gen,Polski,30 Aug 2026,2.6726057906458798,4.231625835189309,158.33333333333331
2026-09-08T21:34:43,cohort,57589288,,Harry Potter - J. K. Rowling,same,0,0,0,0,0,0,8979,279,248,27,Teen And Up Audiences,"Creator Chose Not To Use Archive Warnings, No Archive Warnings Apply",Gen,English,30 Aug 2026,3.1072502505846975,2.762000222741954,88.88888888888889
2026-09-08T21:34:43,cohort,30617453,,Harry Potter - J. K. Rowling,same,0,0,0,0,0,0,824,21,6,17,Teen And Up Audiences,Creator Chose Not To Use Archive Warnings,F/M,English,30 Aug 2026,2.5485436893203883,0.7281553398058253,28.57142857142857
2026-09-08T21:34:43,cohort,91672026,,Harry Potter - J. K. Rowling,same,0,0,0,0,0,0,188,6,0,1,Explicit,Creator Chose Not To Use Archive Warnings,F/M,中文-普通话 國語,30 Aug 2026,3.1914893617021276,0.0,0.0
2026-09-08T21:34:43,cohort,68215541,,Harry Potter - J. K. Rowling,same,0,0,0,0,0,0,3841,63,41,14,Mature,Creator Chose Not To Use Archive Warnings,F/M,English,30 Aug 2026,1.6401978651392868,1.0674303566779484,65.07936507936508
2026-09-08T21:34:43,cohort,68169361,,Harry Potter - J. K. Rowling,same,0,0,0,0,0,0,2446,84,14,19,Mature,Creator Chose Not To Use Archive Warnings,F/M,English,30 Aug 2026,3.434178250204415,0.5723630417007358,16.666666666666664
2026-09-08T21:34:43,cohort,86331376,,Harry Potter - J. K. Rowling,same,0,0,0,0,0,0,179,2,0,5,Mature,Creator Chose Not To Use Archive Warnings,M/M,English,30 Aug 2026,1.1173184357541899,0.0,0.0
2026-09-08T21:34:43,cohort,91670841,,Harry Potter - J. K. Rowling,same,0,0,0,0,0,0,204,18,13,1,Mature,Creator Chose Not To Use Archive Warnings,Gen,English,30 Aug 2026,8.823529411764707,6.372549019607843,72.22222222222221
2026-09-08T21:34:43,cohort,80782891,,Harry Potter - J. K. Rowling,same,0,0,0,0,0,0,2973,59,31,53,Teen And Up Audiences,"Creator Chose Not To Use Archive Warnings, F/M, Gen",,English,30 Aug 2026,1.984527413387151,1.0427177934746048,52.54237288135594
2026-09-08T21:34:43,cohort,87774571,,Harry Potter - J. K. Rowling,same,0,0,0,0,0,0,270,12,1,17,Teen And Up Audiences,Creator Chose Not To Use Archive Warnings,Multi,English,30 Aug 2026,4.444444444444445,0.3703703703703704,8.333333333333332
2026-09-08T21:34:43,cohort,90529786,,Harry Potter - J. K. Rowling,same,0,0,0,0,0,0,50,2,2,2,Mature,Creator Chose Not To Use Archive Warnings,M/M,English,30 Aug 2026,4.0,4.0,100.0
2026-09-08T21:34:43,cohort,87087471,,Harry Potter - J. K. Rowling,same,0,0,0,0,0,0,3144,140,41,13,Mature,"Creator Chose Not To Use Archive Warnings, No Archive Warnings Apply, F/F, F/M, M/M",,English,30 Aug 2026,4.4529262086514,1.3040712468193385,29.28571428571429
2026-09-08T21:34:43,cohort,81600466,,Harry Potter - J. K. Rowling,same,0,0,0,0,0,0,8407,256,65,15,Mature,"Creator Chose Not To Use Archive Warnings, F/F, F/M, M/M, Multi",,English,30 Aug 2026,3.0450814797192813,0.7731652194599739,25.390625
2026-09-08T21:34:43,cohort,67106626,,Harry Potter - J. K. Rowling,same,0,0,0,0,0,0,1686,108,11,9,Mature,No Archive Warnings Apply,M/M,Русский,30 Aug 2026,6.405693950177936,0.6524317912218268,10.185185185185185
2026-09-08T21:34:43,cohort,77002496,,Harry Potter - J. K. Rowling,same,0,0,0,0,0,0,320,35,5,12,General Audiences,Creator Chose Not To Use Archive Warnings,Gen,English,30 Aug 2026,10.9375,1.5625,14.285714285714285
2026-09-08T21:34:43,cohort,89709596,,Harry Potter - J. K. Rowling,same,0,0,0,0,0,0,53,4,0,1,General Audiences,"No Archive Warnings Apply, F/F, M/M, Multi",,English,30 Aug 2026,7.547169811320755,0.0,0.0
2026-09-08T21:34:43,cohort,91670051,,Harry Potter - J. K. Rowling,same,0,0,0,0,0,0,829,35,3,1,Explicit,"No Archive Warnings Apply, M/M, Multi",,English,30 Aug 2026,4.2219541616405305,0.3618817852834741,8.571428571428571
2026-09-08T21:34:43,cohort,91669321,,Harry Potter - J. K. Rowling,same,0,0,0,0,0,0,276,7,1,1,Explicit,Creator Chose Not To Use Archive Warnings,F/M,English,30 Aug 2026,2.536231884057971,0.36231884057971014,14.285714285714285
2026-09-08T21:34:43,cohort,84682141,,Harry Potter - J. K. Rowling,same,0,0,0,0,0,0,15265,463,119,11,Mature,"Graphic Depictions Of Violence, F/M, M/M",,English,30 Aug 2026,3.0330822142155256,0.7795610874549623,25.70194384449244
2026-09-08T21:34:43,cohort,67267702,,Harry Potter - J. K. Rowling,same,0,0,0,0,0,0,2695,144,34,13,Explicit,"Graphic Depictions Of Violence, Major Character Death",F/M,English,30 Aug 2026,5.343228200371057,1.261595547309833,23.61111111111111
2026-09-08T21:34:43,cohort,90526626,,Harry Potter - J. K. Rowling,same,0,0,0,0,0,0,317,10,1,4,General Audiences,Creator Chose Not To Use Archive Warnings,F/M,Español,30 Aug 2026,3.1545741324921135,0.31545741324921134,10.0
2026-09-08T21:34:43,cohort,90593366,,Harry Potter - J. K. Rowling,same,0,0,0,0,0,0,352,7,1,4,General Audiences,Creator Chose Not To Use Archive Warnings,F/M,English,30 Aug 2026,1.9886363636363635,0.2840909090909091,14.285714285714285
2026-09-08T21:34:43,cohort,91669271,,Harry Potter - J. K. Rowling,same,0,0,0,0,0,0,820,79,2,1,Teen And Up Audiences,No Archive Warnings Apply,F/M,English,30 Aug 2026,9.634146341463415,0.24390243902439024,2.5316455696202533
2026-09-08T21:34:43,cohort,91668651,,Harry Potter - J. K. Rowling,same,0,0,0,0,0,0,5534,559,34,1,Explicit,No Archive Warnings Apply,F/M,English,30 Aug 2026,10.10119262739429,0.6143838091796169,6.082289803220036
2026-09-08T21:34:43,cohort,46726750,,Harry Potter - J. K. Rowling,same,0,0,0,0,0,0,38115,512,523,21,Teen And Up Audiences,"No Archive Warnings Apply, Gen, F/F",,English,30 Aug 2026,1.3433031614849795,1.3721631903450084,102.1484375
2026-09-08T21:34:43,cohort,91668746,,Harry Potter - J. K. Rowling,same,0,0,0,0,0,0,468,48,41,1,Teen And Up Audiences,"No Archive Warnings Apply, F/F, Gen",,English,30 Aug 2026,10.256410256410255,8.76068376068376,85.41666666666666
2026-09-08T21:34:43,cohort,89805086,,Harry Potter - J. K. Rowling,same,0,0,0,0,0,0,168,5,3,15,Mature,Creator Chose Not To Use Archive Warnings,F/M,English,31 Aug 2026,2.976190476190476,1.7857142857142856,60.0
2026-09-08T21:34:43,cohort,18659305,,Harry Potter - J. K. Rowling,same,0,0,0,0,0,0,12215,274,230,29,Mature,Creator Chose Not To Use Archive Warnings,Gen,English,30 Aug 2026,2.243143675808432,1.882930822758903,83.94160583941606
2026-09-08T21:34:43,cohort,75065846,,Harry Potter - J. K. Rowling,same,0,0,0,0,0,0,33969,883,649,26,Mature,No Archive Warnings Apply,F/M,English,31 Aug 2026,2.59942889104772,1.9105655156171804,73.49943374858438
2026-09-08T21:34:43,cohort,91668601,,Harry Potter - J. K. Rowling,same,0,0,0,0,0,0,152,23,8,1,Explicit,"Creator Chose Not To Use Archive Warnings, Graphic Depictions Of Violence, No Archive Warnings Apply, Gen, M/M, Other",,English,30 Aug 2026,15.131578947368421,5.263157894736842,34.78260869565217
2026-09-08T21:34:43,cohort,84605286,,Harry Potter - J. K. Rowling,same,0,0,0,0,0,0,1342,44,19,27,Mature,"Major Character Death, Underage Sex",Multi,English,30 Aug 2026,3.278688524590164,1.4157973174366618,43.18181818181818
2026-09-08T21:34:43,cohort,91602501,,Harry Potter - J. K. Rowling,same,0,0,0,0,0,0,171,12,10,6,Teen And Up Audiences,No Archive Warnings Apply,M/M,Čeština,30 Aug 2026,7.017543859649122,5.847953216374268,83.33333333333334
2026-09-08T21:34:43,cohort,73679221,,Harry Potter - J. K. Rowling,same,0,0,0,0,0,0,3437,69,105,19,Explicit,"Graphic Depictions Of Violence, Major Character Death, Rape/Non-Con, F/F, F/M, Gen, M/M, Multi, Other",,English,30 Aug 2026,2.007564736688973,3.054989816700611,152.17391304347828
2026-09-08T21:34:43,cohort,86906691,,Harry Potter - J. K. Rowling,same,0,0,0,0,0,0,31838,288,9,11,Explicit,"Creator Chose Not To Use Archive Warnings, Graphic Depictions Of Violence, Major Character Death, No Archive Warnings Apply, Rape/Non-Con, Underage Sex, F/F, F/M, Multi",,English,30 Aug 2026,0.9045794333814938,0.028268107293171682,3.125
2026-09-08T21:34:43,cohort,91207326,,Harry Potter - J. K. Rowling,same,0,0,0,0,0,0,176,15,5,1,Explicit,No Archive Warnings Apply,F/M,English,30 Aug 2026,8.522727272727272,2.840909090909091,33.33333333333333
2026-09-08T21:34:43,cohort,91667531,,Harry Potter - J. K. Rowling,same,0,0,0,0,0,0,243,13,0,1,Not Rated,Creator Chose Not To Use Archive Warnings,M/M,English,30 Aug 2026,5.349794238683128,0.0,0.0
2026-09-08T21:34:43,cohort,83033516,,Harry Potter - J. K. Rowling,same,0,0,0,0,0,0,6727,111,19,3,Explicit,Creator Chose Not To Use Archive Warnings,F/M,English,30 Aug 2026,1.650066894603835,0.28244388286011596,17.117117117117118
2026-09-08T21:34:43,cohort,65869348,,Harry Potter - J. K. Rowling,same,0,0,0,0,0,0,25203,538,503,45,Teen And Up Audiences,Creator Chose Not To Use Archive Warnings,F/M,English,30 Aug 2026,2.134666507955402,1.995794151489902,93.49442379182156
2026-09-08T21:34:43,cohort,33740275,,Harry Potter - J. K. Rowling,same,0,0,0,0,0,0,121803,1903,88,81,Mature,"Creator Chose Not To Use Archive Warnings, F/M, Other",,English,30 Aug 2026,1.5623588909961166,0.07224780998825973,4.624277456647398
2026-09-08T21:34:43,cohort,64797295,,Harry Potter - J. K. Rowling,same,0,0,0,0,0,0,5963,155,140,39,Mature,"Creator Chose Not To Use Archive Warnings, Multi, Gen",,English,30 Aug 2026,2.599362736877411,2.347811504276371,90.32258064516128
2026-09-08T21:34:43,cohort,91667096,,Harry Potter - J. K. Rowling,same,0,0,0,0,0,0,463,30,12,1,Explicit,No Archive Warnings Apply,F/M,English,30 Aug 2026,6.479481641468683,2.591792656587473,40.0
2026-09-08T21:34:43,cohort,90988246,,Harry Potter - J. K. Rowling,same,0,0,0,0,0,0,133,4,2,1,Not Rated,"Creator Chose Not To Use Archive Warnings, F/M, M/M",,Русский,30 Aug 2026,3.007518796992481,1.5037593984962405,50.0
2026-09-08T21:34:43,cohort,87827826,,Harry Potter - J. K. Rowling,same,0,0,0,0,0,0,168,11,3,3,Teen And Up Audiences,Creator Chose Not To Use Archive Warnings,M/M,English,30 Aug 2026,6.547619047619048,1.7857142857142856,27.27272727272727
2026-09-08T21:34:43,cohort,86619831,,Harry Potter - J. K. Rowling,same,0,0,0,0,0,0,950,51,54,4,Explicit,Graphic Depictions Of Violence,F/M,English,30 Aug 2026,5.36842105263158,5.684210526315789,105.88235294117648
2026-09-08T21:34:43,cohort,89994436,,Harry Potter - J. K. Rowling,same,0,0,0,0,0,0,851,37,34,5,Mature,Creator Chose Not To Use Archive Warnings,F/M,English,30 Aug 2026,4.3478260869565215,3.9952996474735603,91.8918918918919
2026-09-08T21:34:43,cohort,43301413,,Harry Potter - J. K. Rowling,same,0,0,0,0,0,0,12207,266,427,93,Mature,Graphic Depictions Of Violence,M/M,English,30 Aug 2026,2.179077578438601,3.497992954861964,160.5263157894737
2026-09-08T21:34:43,cohort,91666166,,Harry Potter - J. K. Rowling,same,0,0,0,0,0,0,3827,66,21,1,Explicit,Creator Chose Not To Use Archive Warnings,Other,English,30 Aug 2026,1.7245884504834073,0.5487326887901751,31.818181818181817
2026-09-08T21:34:43,cohort,81116301,,Harry Potter - J. K. Rowling,same,0,0,0,0,0,0,53,0,2,14,Not Rated,Creator Chose Not To Use Archive Warnings,F/M,English,30 Aug 2026,0.0,3.7735849056603774,0.0
2026-09-08T21:34:43,cohort,74823621,,Harry Potter - J. K. Rowling,same,0,0,0,0,0,0,3409,222,24,5,Teen And Up Audiences,Creator Chose Not To Use Archive Warnings,Gen,English,30 Aug 2026,6.512173657964213,0.7040187738339688,10.81081081081081
2026-09-08T21:34:43,cohort,86080066,,Harry Potter - J. K. Rowling,same,0,0,0,0,0,0,1804,42,17,20,General Audiences,"Creator Chose Not To Use Archive Warnings, No Archive Warnings Apply, Gen, F/M",,English,30 Aug 2026,2.328159645232816,0.9423503325942351,40.476190476190474
2026-09-08T21:34:43,cohort,60245851,,Harry Potter - J. K. Rowling,same,0,0,0,0,0,0,3549,48,11,91,Teen And Up Audiences,"Graphic Depictions Of Violence, F/M, Gen, Multi",,Français,30 Aug 2026,1.3524936601859678,0.30994646379261764,22.916666666666664
2026-09-08T21:34:43,cohort,86776106,,Harry Potter - J. K. Rowling,same,0,0,0,0,0,0,14388,530,342,10,Explicit,No Archive Warnings Apply,F/M,English,30 Aug 2026,3.6836252432582706,2.37698081734779,64.52830188679245
2026-09-08T21:34:43,cohort,70090441,,Harry Potter - J. K. Rowling,same,0,0,0,0,0,0,196,6,3,14,Teen And Up Audiences,"Graphic Depictions Of Violence, Major Character Death, F/F, M/M",,English,30 Aug 2026,3.061224489795918,1.530612244897959,50.0
2026-09-08T21:34:43,cohort,62004328,,Harry Potter - J. K. Rowling,same,0,0,0,0,0,0,2359,59,70,9,Mature,Creator Chose Not To Use Archive Warnings,F/M,English,30 Aug 2026,2.5010597710894444,2.967359050445104,118.64406779661016
2026-09-08T21:34:43,cohort,87016736,,Harry Potter - J. K. Rowling,same,0,0,0,0,0,0,6692,568,166,6,Explicit,No Archive Warnings Apply,M/M,English,30 Aug 2026,8.487746563060371,2.480573819485953,29.225352112676056
2026-09-08T21:34:43,cohort,90643961,,Harry Potter - J. K. Rowling,same,0,0,0,0,0,0,213,10,2,6,Mature,Graphic Depictions Of Violence,M/M,English,30 Aug 2026,4.694835680751173,0.9389671361502347,20.0
2026-09-08T21:34:43,cohort,91467341,,Harry Potter - J. K. Rowling,same,0,0,0,0,0,0,137,6,4,7,Not Rated,"Creator Chose Not To Use Archive Warnings, M/M, F/F",,English,30 Aug 2026,4.37956204379562,2.9197080291970803,66.66666666666666
2026-09-08T21:34:43,cohort,48329038,,Harry Potter - J. K. Rowling,same,0,0,0,0,0,0,5319,173,59,12,Mature,No Archive Warnings Apply,M/M,English,30 Aug 2026,3.252491069749953,1.1092310584696372,34.104046242774565
2026-09-08T21:34:43,cohort,51525583,,Harry Potter - J. K. Rowling,same,0,0,0,0,0,0,186,16,4,2,Mature,Creator Chose Not To Use Archive Warnings,F/M,Українська,30 Aug 2026,8.60215053763441,2.1505376344086025,25.0
2026-09-08T21:34:43,cohort,86136496,,Harry Potter - J. K. Rowling,same,0,0,0,0,0,0,1161,13,24,14,Not Rated,"Creator Chose Not To Use Archive Warnings, Graphic Depictions Of Violence, Multi, Other",,English,30 Aug 2026,1.119724375538329,2.0671834625323,184.6153846153846
2026-09-08T21:34:43,cohort,89643771,,Harry Potter - J. K. Rowling,same,0,0,0,0,0,0,3743,223,99,9,Mature,No Archive Warnings Apply,F/M,English,30 Aug 2026,5.957787870691958,2.6449372161367886,44.39461883408072
2026-09-08T21:34:43,cohort,91345476,,Harry Potter - J. K. Rowling,same,0,0,0,0,0,0,1781,63,23,13,Explicit,Underage Sex,F/M,English,30 Aug 2026,3.537338573834924,1.291409320606401,36.507936507936506
2026-09-08T21:34:43,cohort,79210231,,Harry Potter - J. K. Rowling,same,0,0,0,0,0,0,988,34,7,25,Mature,"Creator Chose Not To Use Archive Warnings, F/F, F/M, M/M",,English,30 Aug 2026,3.4412955465587043,0.708502024291498,20.588235294117645
2026-09-08T21:34:43,cohort,55568182,,Harry Potter - J. K. Rowling,same,0,0,0,0,0,0,681,40,8,7,Teen And Up Audiences,"Creator Chose Not To Use Archive Warnings, Gen, F/F",,English,30 Aug 2026,5.873715124816446,1.1747430249632893,20.0
2026-09-08T21:34:43,cohort,70059101,,Harry Potter - J. K. Rowling,same,0,0,0,0,0,0,48999,106,145,12,Explicit,Creator Chose Not To Use Archive Warnings,F/M,Українська,30 Aug 2026,0.2163309455295006,0.29592440662054326,136.7924528301887
2026-09-08T21:34:43,cohort,88884426,,Harry Potter - J. K. Rowling,same,0,0,0,0,0,0,37266,205,207,10,Explicit,"Creator Chose Not To Use Archive Warnings, F/F, F/M",,English,30 Aug 2026,0.5500992862126335,0.5554661085171471,100.97560975609755
2026-09-08T21:34:43,cohort,57561256,,Harry Potter - J. K. Rowling,same,0,0,0,0,0,0,1501,34,12,14,Mature,Graphic Depictions Of Violence,F/M,English,30 Aug 2026,2.2651565622918057,0.7994670219853431,35.294117647058826
2026-09-08T21:34:43,cohort,91592096,,Harry Potter - J. K. Rowling,same,0,0,0,0,0,0,617,9,0,48,Explicit,Graphic Depictions Of Violence,F/M,Español,30 Aug 2026,1.4586709886547813,0.0,0.0
2026-09-08T21:34:43,cohort,87921031,,Harry Potter - J. K. Rowling,same,0,0,0,0,0,0,2423,156,45,6,Explicit,"No Archive Warnings Apply, F/F, F/M, M/M, Multi",,English,30 Aug 2026,6.438299628559636,1.8572018159306642,28.846153846153843
2026-09-08T21:34:43,cohort,65791348,,Harry Potter - J. K. Rowling,same,0,0,0,0,0,0,8807,279,251,58,Mature,Creator Chose Not To Use Archive Warnings,M/M,English,30 Aug 2026,3.167934597479278,2.850005677302146,89.96415770609319
2026-09-08T21:34:43,cohort,86189591,,Harry Potter - J. K. Rowling,same,0,0,0,0,0,0,109,7,4,4,Mature,"Graphic Depictions Of Violence, F/F, F/M, M/M, Multi",,English,30 Aug 2026,6.422018348623854,3.669724770642202,57.14285714285714
2026-09-08T21:34:43,cohort,91660756,,Harry Potter - J. K. Rowling,same,0,0,0,0,0,0,91,7,4,1,Explicit,Creator Chose Not To Use Archive Warnings,Multi,中文-普通话 國語,30 Aug 2026,7.6923076923076925,4.395604395604396,57.14285714285714
2026-09-08T21:34:43,cohort,57669421,,Harry Potter - J. K. Rowling,same,0,0,0,0,0,0,8051,181,139,34,Explicit,"Graphic Depictions Of Violence, Major Character Death, M/M, F/M",,Français,30 Aug 2026,2.2481679294497576,1.7264936032790958,76.79558011049724
2026-09-08T21:34:43,cohort,70616136,,Harry Potter - J. K. Rowling,same,0,0,0,0,0,0,3318,244,485,23,Mature,"Creator Chose Not To Use Archive Warnings, F/M, M/M",,English,30 Aug 2026,7.353827606992164,14.617239300783606,198.77049180327867
2026-09-08T21:34:43,cohort,86144361,,Harry Potter - J. K. Rowling,same,0,0,0,0,0,0,412,23,6,5,General Audiences,Creator Chose Not To Use Archive Warnings,M/M,中文-普通话 國語,30 Aug 2026,5.582524271844661,1.4563106796116505,26.08695652173913
2026-09-08T21:34:43,cohort,91659936,,Harry Potter - J. K. Rowling,same,0,0,0,0,0,0,354,60,8,1,Teen And Up Audiences,No Archive Warnings Apply,M/M,English,30 Aug 2026,16.94915254237288,2.2598870056497176,13.333333333333334
2026-09-08T21:34:43,cohort,78664041,,Harry Potter - J. K. Rowling,same,0,0,0,0,0,0,27515,809,233,19,Explicit,No Archive Warnings Apply,M/M,English,30 Aug 2026,2.940214428493549,0.8468108304561149,28.80098887515451
2026-09-08T21:34:43,cohort,73148676,,Harry Potter - J. K. Rowling,same,0,0,0,0,0,0,3126,108,76,10,Mature,No Archive Warnings Apply,M/M,English,30 Aug 2026,3.45489443378119,2.4312220089571337,70.37037037037037
2026-09-08T21:34:43,cohort,89305486,,Harry Potter - J. K. Rowling,same,0,0,0,0,0,0,175,43,0,6,Explicit,Creator Chose Not To Use Archive Warnings,F/M,English,30 Aug 2026,24.571428571428573,0.0,0.0
2026-09-08T21:34:43,cohort,90502961,,Harry Potter - J. K. Rowling,same,0,0,0,0,0,0,1920,99,57,5,Mature,"Creator Chose Not To Use Archive Warnings, M/M, F/M, Gen",,English,30 Aug 2026,5.15625,2.96875,57.57575757575758
2026-09-08T21:34:43,cohort,65301529,,Harry Potter - J. K. Rowling,same,0,0,0,0,0,0,117148,1964,823,28,Mature,No Archive Warnings Apply,F/M,English,30 Aug 2026,1.6765117628982145,0.702530132823437,41.90427698574338
2026-09-08T21:34:43,cohort,91657701,,Harry Potter - J. K. Rowling,same,0,0,0,0,0,0,214,8,0,3,Mature,Creator Chose Not To Use Archive Warnings,M/M,English,30 Aug 2026,3.7383177570093453,0.0,0.0
2026-09-08T21:34:43,cohort,91185986,,Harry Potter - J. K. Rowling,same,0,0,0,0,0,0,160,9,0,8,Mature,"Creator Chose Not To Use Archive Warnings, No Archive Warnings Apply, F/F, F/M, M/M, Multi",,English,30 Aug 2026,5.625,0.0,0.0
2026-09-08T21:34:43,cohort,53430322,,Harry Potter - J. K. Rowling,same,0,0,0,0,0,0,67958,1305,724,69,Mature,"Graphic Depictions Of Violence, Underage Sex, F/M, M/M",,English,30 Aug 2026,1.9203037170016775,1.0653639012331146,55.47892720306513
2026-09-08T21:34:43,cohort,91640506,,Harry Potter - J. K. Rowling,same,0,0,0,0,0,0,80,2,0,19,Teen And Up Audiences,Graphic Depictions Of Violence,F/M,English,30 Aug 2026,2.5,0.0,0.0
2026-09-08T21:34:43,cohort,79224346,,Harry Potter - J. K. Rowling,same,0,0,0,0,0,0,4774,82,206,17,Mature,Creator Chose Not To Use Archive Warnings,Gen,English,30 Aug 2026,1.7176372015081691,4.3150397989107665,251.21951219512195
2026-09-08T21:34:43,cohort,91657881,,Harry Potter - J. K. Rowling,same,0,0,0,0,0,0,153,9,0,1,General Audiences,Creator Chose Not To Use Archive Warnings,M/M,English,30 Aug 2026,5.88235294117647,0.0,0.0
2026-09-08T21:34:43,cohort,91657876,,Harry Potter - J. K. Rowling,same,0,0,0,0,0,0,342,21,2,1,Not Rated,No Archive Warnings Apply,F/M,中文-普通话 國語,30 Aug 2026,6.140350877192982,0.5847953216374269,9.523809523809524
2026-09-08T21:34:43,cohort,83624916,,Harry Potter - J. K. Rowling,same,0,0,0,0,0,0,284,8,10,10,General Audiences,Major Character Death,Gen,Français,30 Aug 2026,2.8169014084507045,3.5211267605633805,125.0
2026-09-08T21:34:43,cohort,88241581,,Harry Potter - J. K. Rowling,same,0,0,0,0,0,0,3233,166,161,18,Explicit,"Creator Chose Not To Use Archive Warnings, Gen, M/M",,English,30 Aug 2026,5.1345499536034644,4.979894834519023,96.98795180722891
2026-09-08T21:34:43,cohort,91657251,,Harry Potter - J. K. Rowling,same,0,0,0,0,0,0,1126,172,20,1,Explicit,Creator Chose Not To Use Archive Warnings,M/M,English,30 Aug 2026,15.2753108348135,1.7761989342806392,11.627906976744185
2026-09-08T21:34:43,cohort,91004246,,Harry Potter - J. K. Rowling,same,0,0,0,0,0,0,108,45,0,3,General Audiences,Graphic Depictions Of Violence,M/M,English,30 Aug 2026,41.66666666666667,0.0,0.0
2026-09-08T21:34:43,cohort,77350506,,Harry Potter - J. K. Rowling,same,0,0,0,0,0,0,3185,53,256,32,Explicit,No Archive Warnings Apply,M/M,English,30 Aug 2026,1.664050235478807,8.03767660910518,483.0188679245283
2026-09-08T21:34:43,cohort,82191631,,Harry Potter - J. K. Rowling,same,0,0,0,0,0,0,99,0,0,22,General Audiences,No Archive Warnings Apply,Gen,Français,30 Aug 2026,0.0,0.0,0.0
2026-09-08T21:34:43,cohort,76086366,,Harry Potter - J. K. Rowling,same,0,0,0,0,0,0,423,9,1,58,Explicit,Creator Chose Not To Use Archive Warnings,F/M,한국어,30 Aug 2026,2.127659574468085,0.2364066193853428,11.11111111111111
2026-09-08T21:34:43,cohort,84080351,,Harry Potter - J. K. Rowling,same,0,0,0,0,0,0,1992,52,18,11,Not Rated,"Creator Chose Not To Use Archive Warnings, F/F, F/M, M/M, Multi",,English,30 Aug 2026,2.610441767068273,0.9036144578313252,34.61538461538461
2026-09-08T21:34:43,cohort,73622951,,Harry Potter - J. K. Rowling,same,0,0,0,0,0,0,76806,901,800,34,Teen And Up Audiences,"Creator Chose Not To Use Archive Warnings, Multi, F/M, M/M",,English,30 Aug 2026,1.1730854360336431,1.0415852928156655,88.79023307436182
2026-09-08T21:34:43,cohort,91655851,,Harry Potter - J. K. Rowling,same,0,0,0,0,0,0,158,7,0,1,Not Rated,"Creator Chose Not To Use Archive Warnings, No Archive Warnings Apply",M/M,English,30 Aug 2026,4.430379746835443,0.0,0.0
2026-09-08T21:34:43,cohort,88378201,,Harry Potter - J. K. Rowling,same,0,0,0,0,0,0,490,48,7,4,General Audiences,"Graphic Depictions Of Violence, Major Character Death, F/F, M/M, Multi",,English,30 Aug 2026,9.795918367346939,1.4285714285714286,14.583333333333334
2026-09-08T21:34:43,cohort,81667751,,Harry Potter - J. K. Rowling,same,0,0,0,0,0,0,24103,451,128,24,Explicit,"Graphic Depictions Of Violence, Underage Sex, F/M, M/M, Multi",,English,30 Aug 2026,1.8711363730655934,0.5310542256150687,28.38137472283814
2026-09-08T21:34:43,cohort,78593811,,Harry Potter - J. K. Rowling,same,0,0,0,0,0,0,2656,151,51,14,Not Rated,"No Archive Warnings Apply, Gen, M/M",,English,30 Aug 2026,5.6852409638554215,1.9201807228915662,33.77483443708609
2026-09-08T21:34:43,cohort,78032756,,Harry Potter - J. K. Rowling,same,0,0,0,0,0,0,793,34,2,3,Explicit,"Graphic Depictions Of Violence, Rape/Non-Con, Underage Sex",M/M,English,30 Aug 2026,4.287515762925599,0.25220680958385877,5.88235294117647
2026-09-08T21:34:43,cohort,91654551,,Harry Potter - J. K. Rowling,same,0,0,0,0,0,0,127,8,2,1,General Audiences,Creator Chose Not To Use Archive Warnings,M/M,中文-普通话 國語,30 Aug 2026,6.299212598425196,1.574803149606299,25.0
2026-09-08T21:34:43,cohort,83606981,,Harry Potter - J. K. Rowling,same,0,0,0,0,0,0,386,1,53,13,Teen And Up Audiences,Creator Chose Not To Use Archive Warnings,Gen,English,30 Aug 2026,0.2590673575129534,13.730569948186528,5300.0
2026-09-08T21:34:43,cohort,77695326,,Harry Potter - J. K. Rowling,same,0,0,0,0,0,0,92138,1881,981,41,Not Rated,Creator Chose Not To Use Archive Warnings,F/M,English,30 Aug 2026,2.041502962946884,1.0647072868957435,52.15311004784689
2026-09-08T21:34:43,cohort,89228356,,Harry Potter - J. K. Rowling,same,0,0,0,0,0,0,1634,14,6,15,Mature,"Graphic Depictions Of Violence, Rape/Non-Con, F/M, Multi",,English,30 Aug 2026,0.8567931456548347,0.36719706242350064,42.857142857142854
2026-09-08T21:34:43,cohort,91654011,,Harry Potter - J. K. Rowling,same,0,0,0,0,0,0,160,17,1,1,Mature,"No Archive Warnings Apply, F/M, M/M",,English,30 Aug 2026,10.625,0.625,5.88235294117647
2026-09-08T21:34:43,cohort,89346356,,Harry Potter - J. K. Rowling,same,0,0,0,0,0,0,345,11,1,3,Explicit,Creator Chose Not To Use Archive Warnings,F/M,English,30 Aug 2026,3.1884057971014492,0.2898550724637681,9.090909090909092
2026-09-08T21:34:43,cohort,91653201,,Harry Potter - J. K. Rowling,same,0,0,0,0,0,0,1176,100,10,1,Explicit,No Archive Warnings Apply,F/M,English,30 Aug 2026,8.503401360544217,0.8503401360544218,10.0
2026-09-08T21:34:43,cohort,84099846,,Harry Potter - J. K. Rowling,same,0,0,0,0,0,0,3604,143,49,33,Teen And Up Audiences,No Archive Warnings Apply,F/M,English,30 Aug 2026,3.967813540510544,1.3596004439511655,34.26573426573427
2026-09-08T21:34:43,cohort,81838906,,Harry Potter - J. K. Rowling,same,0,0,0,0,0,0,7372,443,202,11,Not Rated,"Creator Chose Not To Use Archive Warnings, No category",,English,30 Aug 2026,6.009224091155724,2.740097666847531,45.598194130925506
2026-09-08T21:34:43,cohort,91652296,,Harry Potter - J. K. Rowling,same,0,0,0,0,0,0,54,6,1,1,Teen And Up Audiences,"Graphic Depictions Of Violence, Major Character Death",F/M,English,30 Aug 2026,11.11111111111111,1.8518518518518516,16.666666666666664
2026-09-08T21:34:43,cohort,91455611,,Harry Potter - J. K. Rowling,same,0,0,0,0,0,0,207,23,4,2,Not Rated,No Archive Warnings Apply,M/M,English,30 Aug 2026,11.11111111111111,1.932367149758454,17.391304347826086
2026-09-08T21:34:43,cohort,66461881,,Harry Potter - J. K. Rowling,same,0,0,0,0,0,0,656,28,3,4,Explicit,"Graphic Depictions Of Violence, Major Character Death",F/M,Українська,30 Aug 2026,4.2682926829268295,0.45731707317073167,10.714285714285714
2026-09-08T21:34:43,cohort,90538891,,Harry Potter - J. K. Rowling,same,0,0,0,0,0,0,345,27,18,2,Teen And Up Audiences,No Archive Warnings Apply,F/M,English,30 Aug 2026,7.82608695652174,5.217391304347826,66.66666666666666
2026-09-08T21:34:43,cohort,90041071,,Harry Potter - J. K. Rowling,same,0,0,0,0,0,0,1006,44,23,15,Mature,Creator Chose Not To Use Archive Warnings,F/M,English,30 Aug 2026,4.3737574552683895,2.286282306163022,52.27272727272727
2026-09-08T21:34:43,cohort,81075596,,Harry Potter - J. K. Rowling,same,0,0,0,0,0,0,3626,75,188,19,Explicit,"Graphic Depictions Of Violence, Major Character Death",F/M,English,30 Aug 2026,2.0683949255377825,5.184776613348042,250.66666666666669
2026-09-08T21:34:43,cohort,87292666,,Harry Potter - J. K. Rowling,same,0,0,0,0,0,0,1164,39,33,28,Mature,"Graphic Depictions Of Violence, Major Character Death",F/M,English,30 Aug 2026,3.350515463917526,2.8350515463917527,84.61538461538461
2026-09-08T21:34:43,cohort,91650311,,Harry Potter - J. K. Rowling,same,0,0,0,0,0,0,51,1,2,10,Teen And Up Audiences,"No Archive Warnings Apply, F/M, Multi, Other",,English,30 Aug 2026,1.9607843137254901,3.9215686274509802,200.0
2026-09-08T21:34:43,cohort,91568791,,Harry Potter - J. K. Rowling,same,0,0,0,0,0,0,293,20,9,4,Teen And Up Audiences,Creator Chose Not To Use Archive Warnings,Other,English,30 Aug 2026,6.825938566552901,3.0716723549488054,45.0
2026-09-08T21:34:43,cohort,88890556,,Harry Potter - J. K. Rowling,same,0,0,0,0,0,0,410,24,11,4,Mature,"Graphic Depictions Of Violence, Underage Sex",F/F,English,30 Aug 2026,5.853658536585367,2.682926829268293,45.83333333333333
2026-09-08T21:34:43,cohort,91650606,,Harry Potter - J. K. Rowling,same,0,0,0,0,0,0,687,73,34,1,Teen And Up Audiences,No Archive Warnings Apply,F/M,English,30 Aug 2026,10.625909752547306,4.9490538573508,46.57534246575342
2026-09-08T21:34:43,cohort,70987106,,Harry Potter - J. K. Rowling,same,0,0,0,0,0,0,21822,334,727,70,Explicit,"Creator Chose Not To Use Archive Warnings, F/M, M/M, Multi",,English,30 Aug 2026,1.530565484373568,3.331500320777198,217.6646706586826
2026-09-08T21:34:43,cohort,91051936,,Harry Potter - J. K. Rowling,same,0,0,0,0,0,0,595,58,17,1,Explicit,No Archive Warnings Apply,F/M,English,30 Aug 2026,9.747899159663866,2.857142857142857,29.310344827586203
2026-09-08T21:34:43,cohort,58350628,,Harry Potter - J. K. Rowling,same,0,0,0,0,0,0,171324,3235,1625,67,Mature,"Graphic Depictions Of Violence, Creator Chose Not To Use Archive Warnings, F/M, M/M",,English,30 Aug 2026,1.8882351567789686,0.9484952487684155,50.23183925811438
2026-09-08T21:34:43,cohort,89599161,,Harry Potter - J. K. Rowling,same,0,0,0,0,0,0,157,10,0,5,Mature,"No Archive Warnings Apply, F/F, F/M, M/M",,English,30 Aug 2026,6.369426751592357,0.0,0.0
2026-09-08T21:34:43,cohort,89110661,,Harry Potter - J. K. Rowling,same,0,0,0,0,0,0,919,32,36,12,Mature,"Underage Sex, No Archive Warnings Apply",F/M,English,30 Aug 2026,3.4820457018498367,3.917301414581066,112.5
2026-09-08T21:34:43,cohort,81180311,,Harry Potter - J. K. Rowling,same,0,0,0,0,0,0,7267,248,331,24,Explicit,No Archive Warnings Apply,M/M,English,30 Aug 2026,3.412687491399477,4.554836934085593,133.46774193548387
2026-09-08T21:34:43,cohort,89640301,,Harry Potter - J. K. Rowling,same,0,0,0,0,0,0,739,48,11,9,Mature,No Archive Warnings Apply,F/M,English,30 Aug 2026,6.495263870094722,1.4884979702300407,22.916666666666664
2026-09-08T21:34:43,cohort,91649451,,Harry Potter - J. K. Rowling,same,0,0,0,0,0,0,1358,102,9,1,Explicit,No Archive Warnings Apply,F/M,English,30 Aug 2026,7.511045655375552,0.6627393225331369,8.823529411764707
2026-09-08T21:34:43,cohort,90278321,,Harry Potter - J. K. Rowling,same,0,0,0,0,0,0,136,4,0,14,Teen And Up Audiences,"Major Character Death, No category",,English,30 Aug 2026,2.941176470588235,0.0,0.0
2026-09-08T21:34:43,cohort,71649516,,Harry Potter - J. K. Rowling,same,0,0,0,0,0,0,4850,145,233,15,Explicit,"Graphic Depictions Of Violence, Rape/Non-Con, Underage Sex",M/M,中文-普通话 國語,30 Aug 2026,2.9896907216494846,4.804123711340206,160.6896551724138
2026-09-08T21:34:43,cohort,81012091,,Harry Potter - J. K. Rowling,same,0,0,0,0,0,0,26414,1303,752,11,Explicit,No Archive Warnings Apply,M/M,English,30 Aug 2026,4.932990081017643,2.8469750889679712,57.71297006907138
2026-09-08T21:34:43,cohort,67159954,,Harry Potter - J. K. Rowling,same,0,0,0,0,0,0,188,26,20,2,Not Rated,"No Archive Warnings Apply, No category",,English,30 Aug 2026,13.829787234042554,10.638297872340425,76.92307692307693
2026-09-08T21:34:43,cohort,82006546,,Harry Potter - J. K. Rowling,same,0,0,0,0,0,0,5566,210,70,12,Explicit,Creator Chose Not To Use Archive Warnings,M/M,English,30 Aug 2026,3.772906934962271,1.2576356449874238,33.33333333333333
2026-09-08T21:34:43,cohort,84966031,,Harry Potter - J. K. Rowling,same,0,0,0,0,0,0,736,44,25,26,Explicit,Creator Chose Not To Use Archive Warnings,F/M,中文-普通话 國語,30 Aug 2026,5.978260869565218,3.3967391304347823,56.81818181818182
2026-09-08T21:34:43,cohort,57074296,,Harry Potter - J. K. Rowling,same,0,0,0,0,0,0,17158,763,180,14,Teen And Up Audiences,"Creator Chose Not To Use Archive Warnings, No category",,English,30 Aug 2026,4.446905233710222,1.0490733185685976,23.591087811271297
2026-09-08T21:34:43,cohort,75926826,,Harry Potter - J. K. Rowling,same,0,0,0,0,0,0,42315,799,1203,38,Not Rated,Rape/Non-Con,F/M,English,30 Aug 2026,1.8882193075741465,2.8429634881247785,150.56320400500627
2026-09-08T21:34:43,cohort,45696610,,Harry Potter - J. K. Rowling,same,0,0,0,0,0,0,74641,1757,876,33,Teen And Up Audiences,No Archive Warnings Apply,F/M,English,30 Aug 2026,2.3539341648691736,1.1736177168044373,49.85771200910643
2026-09-08T21:34:43,cohort,79741481,,Harry Potter - J. K. Rowling,same,0,0,0,0,0,0,13852,300,304,29,Explicit,No Archive Warnings Apply,F/M,English,30 Aug 2026,2.165752237943979,2.194628934449899,101.33333333333334
2026-09-08T21:34:43,cohort,90217686,,Harry Potter - J. K. Rowling,same,0,0,0,0,0,0,799,50,16,2,Explicit,"Creator Chose Not To Use Archive Warnings, Graphic Depictions Of Violence, Underage Sex",M/M,English,30 Aug 2026,6.25782227784731,2.002503128911139,32.0
2026-09-08T21:34:43,cohort,91647496,,Harry Potter - J. K. Rowling,same,0,0,0,0,0,0,467,81,33,1,General Audiences,Major Character Death,F/M,English,30 Aug 2026,17.34475374732334,7.066381156316917,40.74074074074074
2026-09-08T21:34:43,cohort,80903926,,Harry Potter - J. K. Rowling,same,0,0,0,0,0,0,276,7,5,59,Teen And Up Audiences,"Major Character Death, Underage Sex",F/M,English,30 Aug 2026,2.536231884057971,1.8115942028985508,71.42857142857143
2026-09-08T21:34:43,cohort,63724027,,Harry Potter - J. K. Rowling,same,0,0,0,0,0,0,286,10,8,5,Mature,No Archive Warnings Apply,F/M,English,30 Aug 2026,3.4965034965034967,2.797202797202797,80.0
2026-09-08T21:34:43,cohort,90330726,,Harry Potter - J. K. Rowling,same,0,0,0,0,0,0,2228,84,65,9,Explicit,Creator Chose Not To Use Archive Warnings,M/M,English,30 Aug 2026,3.7701974865350087,2.917414721723519,77.38095238095238
2026-09-08T21:34:43,cohort,91510691,,Harry Potter - J. K. Rowling,same,0,0,0,0,0,0,689,25,19,23,Teen And Up Audiences,Creator Chose Not To Use Archive Warnings,M/M,English,30 Aug 2026,3.6284470246734397,2.7576197387518144,76.0
2026-09-08T21:34:43,cohort,88756451,,Harry Potter - J. K. Rowling,same,0,0,0,0,0,0,255,15,3,9,Mature,Creator Chose Not To Use Archive Warnings,M/M,Español,30 Aug 2026,5.88235294117647,1.1764705882352942,20.0
2026-09-08T21:34:43,cohort,88756766,,Harry Potter - J. K. Rowling,same,0,0,0,0,0,0,1697,133,9,9,Mature,Creator Chose Not To Use Archive Warnings,M/M,English,30 Aug 2026,7.837360047142015,0.5303476723629935,6.7669172932330826
2026-09-08T21:34:43,cohort,91776906,,Harry Potter - J. K. Rowling,same,0,0,0,0,0,0,193,14,0,1,Not Rated,Creator Chose Not To Use Archive Warnings,Multi,English,30 Aug 2026,7.253886010362693,0.0,0.0
2026-09-08T21:34:43,cohort,91696816,,Harry Potter - J. K. Rowling,same,0,0,0,0,0,0,64,11,0,1,General Audiences,No Archive Warnings Apply,Gen,English,30 Aug 2026,17.1875,0.0,0.0
2026-09-08T21:34:43,cohort,91681731,,Harry Potter - J. K. Rowling,same,0,0,0,0,0,0,209,6,3,5,Teen And Up Audiences,"Graphic Depictions Of Violence, Rape/Non-Con, Underage Sex, F/M, M/M, Multi",,English,30 Aug 2026,2.8708133971291865,1.4354066985645932,50.0
2026-09-08T21:34:43,cohort,91648241,,Harry Potter - J. K. Rowling,same,0,0,0,0,0,0,553,20,3,3,Explicit,Creator Chose Not To Use Archive Warnings,F/M,English,30 Aug 2026,3.616636528028933,0.5424954792043399,15.0
2026-09-08T21:34:43,cohort,91643331,,Harry Potter - J. K. Rowling,same,0,0,0,0,0,0,94,3,0,1,Not Rated,"Creator Chose Not To Use Archive Warnings, No category",,English,30 Aug 2026,3.1914893617021276,0.0,0.0
2026-09-08T21:34:43,cohort,91442271,,Harry Potter - J. K. Rowling,same,0,0,0,0,0,0,66,2,0,22,Teen And Up Audiences,Graphic Depictions Of Violence,F/M,English,30 Aug 2026,3.0303030303030303,0.0,0.0
2026-09-08T21:34:43,cohort,90415021,,Harry Potter - J. K. Rowling,same,0,0,0,0,0,0,1291,80,86,14,Teen And Up Audiences,No Archive Warnings Apply,M/M,English,30 Aug 2026,6.196746707978312,6.661502711076685,107.5
2026-09-08T21:34:43,cohort,90168106,,Harry Potter - J. K. Rowling,same,0,0,0,0,0,0,322,31,31,5,Teen And Up Audiences,No Archive Warnings Apply,Gen,English,30 Aug 2026,9.627329192546584,9.627329192546584,100.0
2026-09-08T21:34:43,cohort,89681086,,Harry Potter - J. K. Rowling,same,0,0,0,0,0,0,100,8,2,8,Not Rated,"Creator Chose Not To Use Archive Warnings, No category",,English,30 Aug 2026,8.0,2.0,25.0
2026-09-08T21:34:43,cohort,89618976,,Harry Potter - J. K. Rowling,same,0,0,0,0,0,0,1499,92,5,11,Not Rated,"Creator Chose Not To Use Archive Warnings, No category",,English,30 Aug 2026,6.137424949966644,0.333555703802535,5.434782608695652
2026-09-08T21:34:43,cohort,87515916,,Harry Potter - J. K. Rowling,same,0,0,0,0,0,0,340,11,0,12,Teen And Up Audiences,No Archive Warnings Apply,Gen,English,30 Aug 2026,3.2352941176470593,0.0,0.0
2026-09-08T21:34:43,cohort,87277356,,Harry Potter - J. K. Rowling,same,0,0,0,0,0,0,1397,82,45,5,Explicit,Major Character Death,F/M,English,30 Aug 2026,5.869720830350752,3.2211882605583395,54.87804878048781
2026-09-08T21:34:43,cohort,86817371,,Harry Potter - J. K. Rowling,same,0,0,0,0,0,0,83,6,0,5,Teen And Up Audiences,"Graphic Depictions Of Violence, Underage Sex, F/F, F/M, M/M",,English,30 Aug 2026,7.228915662650602,0.0,0.0
2026-09-08T21:34:43,cohort,86503786,,Harry Potter - J. K. Rowling,same,0,0,0,0,0,0,64,1,4,6,Teen And Up Audiences,"Creator Chose Not To Use Archive Warnings, F/F, F/M, M/M",,English,30 Aug 2026,1.5625,6.25,400.0
2026-09-08T21:34:43,cohort,86481611,,Harry Potter - J. K. Rowling,same,0,0,0,0,0,0,4160,170,89,10,Explicit,Graphic Depictions Of Violence,F/M,English,30 Aug 2026,4.086538461538462,2.139423076923077,52.352941176470594
2026-09-08T21:34:43,cohort,85916691,,Harry Potter - J. K. Rowling,same,0,0,0,0,0,0,692,17,0,3,Explicit,No Archive Warnings Apply,Multi,English,30 Aug 2026,2.4566473988439306,0.0,0.0
2026-09-08T21:34:43,cohort,84980581,,Harry Potter - J. K. Rowling,same,0,0,0,0,0,0,300,18,7,9,Mature,Creator Chose Not To Use Archive Warnings,M/M,English,30 Aug 2026,6.0,2.3333333333333335,38.88888888888889
2026-09-08T21:34:43,cohort,84004191,,Harry Potter - J. K. Rowling,same,0,0,0,0,0,0,430,8,2,5,Explicit,Creator Chose Not To Use Archive Warnings,M/M,Español,30 Aug 2026,1.8604651162790697,0.46511627906976744,25.0
2026-09-08T21:34:43,cohort,83826341,,Harry Potter - J. K. Rowling,same,0,0,0,0,0,0,14733,414,875,19,Mature,Graphic Depictions Of Violence,F/M,English,30 Aug 2026,2.810018326206475,5.9390483947600625,211.35265700483092
2026-09-08T21:34:43,cohort,81099701,,Harry Potter - J. K. Rowling,same,0,0,0,0,0,0,58376,1940,2245,32,Explicit,Graphic Depictions Of Violence,M/M,English,30 Aug 2026,3.3232835411813073,3.845758530903111,115.72164948453609
2026-09-08T21:34:43,cohort,78675661,,Harry Potter - J. K. Rowling,same,0,0,0,0,0,0,1352,45,29,18,General Audiences,No Archive Warnings Apply,F/M,English,30 Aug 2026,3.3284023668639056,2.1449704142011834,64.44444444444444
2026-09-08T21:34:43,cohort,76451101,,Harry Potter - J. K. Rowling,same,0,0,0,0,0,0,5259,263,58,7,Teen And Up Audiences,Graphic Depictions Of Violence,F/M,English,30 Aug 2026,5.000950751093364,1.1028712683019586,22.0532319391635
2026-09-08T21:34:43,cohort,76293766,,Harry Potter - J. K. Rowling,same,0,0,0,0,0,0,4274,64,36,62,Explicit,Creator Chose Not To Use Archive Warnings,F/M,English,30 Aug 2026,1.4974262985493683,0.8423022929340197,56.25
2026-09-08T21:34:43,cohort,72585696,,Harry Potter - J. K. Rowling,same,0,0,0,0,0,0,6710,345,216,23,Explicit,Creator Chose Not To Use Archive Warnings,F/F,English,30 Aug 2026,5.141579731743666,3.219076005961252,62.60869565217392
2026-09-08T21:34:43,cohort,69253106,,Harry Potter - J. K. Rowling,same,0,0,0,0,0,0,268898,7976,3137,14,Mature,Creator Chose Not To Use Archive Warnings,M/M,English,30 Aug 2026,2.9661804847934907,1.1666133626877107,39.33049147442327
2026-09-08T21:34:43,cohort,65951797,,Harry Potter - J. K. Rowling,same,0,0,0,0,0,0,409,10,2,10,Explicit,"Creator Chose Not To Use Archive Warnings, No category",,English,30 Aug 2026,2.444987775061125,0.4889975550122249,20.0
2026-09-08T21:34:43,cohort,52844170,,Harry Potter - J. K. Rowling,same,0,0,0,0,0,0,39768,1244,574,49,Explicit,"Graphic Depictions Of Violence, Underage Sex, F/M, M/M, Multi",,English,30 Aug 2026,3.128143230738282,1.4433715550191109,46.141479099678456
2026-09-08T21:34:43,cohort,41783238,,Harry Potter - J. K. Rowling,same,0,0,0,0,0,0,1173206,26891,12306,70,Mature,Creator Chose Not To Use Archive Warnings,M/M,English,30 Aug 2026,2.292095335346052,1.0489206499114394,45.762522777137335
2026-09-08T21:34:43,cohort,23334802,,Harry Potter - J. K. Rowling,same,0,0,0,0,0,0,1331,56,6,6,Teen And Up Audiences,"Creator Chose Not To Use Archive Warnings, F/F, F/M, Multi",,English,30 Aug 2026,4.207362885048836,0.4507888805409466,10.714285714285714
2026-09-08T21:34:43,cohort,85076521,,Harry Potter - J. K. Rowling,same,0,0,0,0,0,0,7109,441,86,10,Mature,No Archive Warnings Apply,M/M,English,30 Aug 2026,6.203404135602757,1.20973413982276,19.501133786848072
2026-09-08T21:34:43,cohort,91645316,,Harry Potter - J. K. Rowling,same,0,0,0,0,0,0,103,10,0,1,Not Rated,Creator Chose Not To Use Archive Warnings,M/M,Deutsch,30 Aug 2026,9.70873786407767,0.0,0.0
2026-09-08T21:34:43,cohort,91609981,,Harry Potter - J. K. Rowling,same,0,0,0,0,0,0,114,3,1,2,General Audiences,Creator Chose Not To Use Archive Warnings,Multi,English,30 Aug 2026,2.631578947368421,0.8771929824561403,33.33333333333333
2026-09-08T21:34:43,cohort,91644706,,Harry Potter - J. K. Rowling,same,0,0,0,0,0,0,375,24,6,11,Mature,Creator Chose Not To Use Archive Warnings,F/M,English,30 Aug 2026,6.4,1.6,25.0
2026-09-08T21:34:43,cohort,88477766,,Harry Potter - J. K. Rowling,same,0,0,0,0,0,0,98,21,0,5,Teen And Up Audiences,No Archive Warnings Apply,Multi,English,30 Aug 2026,21.428571428571427,0.0,0.0
2026-09-08T21:34:43,cohort,91644571,,Harry Potter - J. K. Rowling,same,0,0,0,0,0,0,2300,237,36,1,Explicit,Creator Chose Not To Use Archive Warnings,F/M,English,30 Aug 2026,10.304347826086957,1.565217391304348,15.18987341772152
2026-09-08T21:34:43,cohort,83976326,,Harry Potter - J. K. Rowling,same,0,0,0,0,0,0,4967,344,135,5,Mature,No Archive Warnings Apply,M/M,English,30 Aug 2026,6.925709683913832,2.7179383933964165,39.24418604651162
2026-09-08T21:34:43,cohort,87489211,,Harry Potter - J. K. Rowling,same,0,0,0,0,0,0,807,15,1,2,Explicit,Creator Chose Not To Use Archive Warnings,M/M,Français,30 Aug 2026,1.858736059479554,0.12391573729863693,6.666666666666667
2026-09-08T21:34:43,cohort,88761956,,Harry Potter - J. K. Rowling,same,0,0,0,0,0,0,444,21,9,5,Teen And Up Audiences,"Creator Chose Not To Use Archive Warnings, M/M, F/M",,English,30 Aug 2026,4.72972972972973,2.027027027027027,42.857142857142854
2026-09-08T21:34:43,cohort,91198966,,Harry Potter - J. K. Rowling,same,0,0,0,0,0,0,7634,38,5,15,Explicit,"Graphic Depictions Of Violence, Rape/Non-Con, F/F, F/M, Gen",,English,30 Aug 2026,0.49777312025150644,0.06549646319098767,13.157894736842104
2026-09-08T21:34:43,cohort,90625631,,Harry Potter - J. K. Rowling,same,0,0,0,0,0,0,1020,80,31,2,Teen And Up Audiences,No Archive Warnings Apply,M/M,English,30 Aug 2026,7.8431372549019605,3.0392156862745097,38.75
2026-09-08T21:34:43,cohort,61417375,,Harry Potter - J. K. Rowling,same,0,0,0,0,0,0,4340,97,16,74,General Audiences,Creator Chose Not To Use Archive Warnings,F/M,English,30 Aug 2026,2.2350230414746544,0.3686635944700461,16.49484536082474
2026-09-08T21:34:43,cohort,91377286,,Harry Potter - J. K. Rowling,same,0,0,0,0,0,0,413,22,0,5,Mature,"Graphic Depictions Of Violence, Underage Sex",Other,American Sign Language,30 Aug 2026,5.326876513317192,0.0,0.0
2026-09-08T21:34:43,cohort,25354981,,Harry Potter - J. K. Rowling,same,0,0,0,0,0,0,8159,634,19,2,Mature,"Creator Chose Not To Use Archive Warnings, No category",,English,30 Aug 2026,7.770560117661478,0.23287167545042284,2.996845425867508
2026-09-08T21:34:43,cohort,38170675,,Harry Potter - J. K. Rowling,same,0,0,0,0,0,0,169216,6021,1848,17,Teen And Up Audiences,"No Archive Warnings Apply, F/F, F/M, M/M",,English,30 Aug 2026,3.5581741679273824,1.0920953101361572,30.692575984055804
2026-09-08T21:34:43,cohort,75498076,,Harry Potter - J. K. Rowling,same,0,0,0,0,0,0,469,27,5,6,Teen And Up Audiences,"Graphic Depictions Of Violence, Major Character Death, Underage Sex, F/F, M/M, Multi, Other",,English,30 Aug 2026,5.756929637526652,1.0660980810234542,18.51851851851852
2026-09-08T21:34:43,cohort,90215616,,Harry Potter - J. K. Rowling,same,0,0,0,0,0,0,3849,310,116,4,Explicit,No Archive Warnings Apply,F/M,English,30 Aug 2026,8.05404001039231,3.013769810340348,37.41935483870968
2026-09-08T21:34:43,cohort,91036286,,Harry Potter - J. K. Rowling,same,0,0,0,0,0,0,217,8,27,8,Mature,"Graphic Depictions Of Violence, F/F, M/M",,English,30 Aug 2026,3.686635944700461,12.442396313364055,337.5
2026-09-08T21:34:43,cohort,64414255,,Harry Potter - J. K. Rowling,same,0,0,0,0,0,0,2257,40,12,60,Mature,"No Archive Warnings Apply, Underage Sex, F/F, F/M, M/M",,Deutsch,30 Aug 2026,1.7722640673460344,0.5316792202038104,30.0
2026-09-08T21:34:43,cohort,91640946,,Harry Potter - J. K. Rowling,same,0,0,0,0,0,0,71,5,2,2,Teen And Up Audiences,"Creator Chose Not To Use Archive Warnings, F/F, F/M, M/M",,Eald Englisċ,30 Aug 2026,7.042253521126761,2.8169014084507045,40.0
2026-09-08T21:34:43,cohort,90402291,,Harry Potter - J. K. Rowling,same,0,0,0,0,0,0,4848,141,80,16,Explicit,No Archive Warnings Apply,F/M,English,30 Aug 2026,2.9084158415841586,1.65016501650165,56.73758865248227
2026-09-08T21:34:43,cohort,83136361,,Harry Potter - J. K. Rowling,same,0,0,0,0,0,0,28318,1281,473,23,Mature,No Archive Warnings Apply,M/M,English,30 Aug 2026,4.523624549756339,1.670315700261318,36.924277907884466
2026-09-08T21:34:43,cohort,67465366,,Harry Potter - J. K. Rowling,same,0,0,0,0,0,0,4255,11,0,31,Explicit,Creator Chose Not To Use Archive Warnings,F/M,Русский,30 Aug 2026,0.25851938895417154,0.0,0.0
2026-09-08T21:34:43,cohort,91607341,,Harry Potter - J. K. Rowling,same,0,0,0,0,0,0,240,20,10,3,Teen And Up Audiences,No Archive Warnings Apply,M/M,English,30 Aug 2026,8.333333333333332,4.166666666666666,50.0
2026-09-08T21:34:43,cohort,50427520,,Harry Potter - J. K. Rowling,same,0,0,0,0,0,0,69082,1535,405,37,Mature,Creator Chose Not To Use Archive Warnings,M/M,English,30 Aug 2026,2.221997046987638,0.5862598071856634,26.384364820846905
2026-09-08T21:34:43,cohort,91639796,,Harry Potter - J. K. Rowling,same,0,0,0,0,0,0,56,2,0,2,Mature,"Creator Chose Not To Use Archive Warnings, Graphic Depictions Of Violence, Major Character Death, F/M, M/M, Multi",,English,30 Aug 2026,3.571428571428571,0.0,0.0
2026-09-08T21:34:43,cohort,75331576,,Harry Potter - J. K. Rowling,same,0,0,0,0,0,0,7656,75,70,39,Explicit,"Graphic Depictions Of Violence, Rape/Non-Con",F/M,English,30 Aug 2026,0.9796238244514107,0.9143155694879832,93.33333333333333
2026-09-08T21:34:43,cohort,71629841,,Harry Potter - J. K. Rowling,same,0,0,0,0,0,0,2337,62,193,29,Teen And Up Audiences,"Graphic Depictions Of Violence, Underage Sex, Major Character Death, F/F, F/M, M/M, Multi",,English,30 Aug 2026,2.652973898160034,8.258451005562687,311.2903225806451
2026-09-08T21:34:43,cohort,64199125,,Harry Potter - J. K. Rowling,same,0,0,0,0,0,0,1327,32,76,18,Teen And Up Audiences,Creator Chose Not To Use Archive Warnings,Gen,English,30 Aug 2026,2.4114544084400906,5.727204220045215,237.5
2026-09-08T21:34:43,cohort,91197686,,Harry Potter - J. K. Rowling,same,0,0,0,0,0,0,117,0,0,1,Mature,Graphic Depictions Of Violence,M/M,Español,30 Aug 2026,0.0,0.0,0.0
2026-09-08T21:34:43,cohort,91637221,,Harry Potter - J. K. Rowling,same,0,0,0,0,0,0,96,3,0,2,Not Rated,Creator Chose Not To Use Archive Warnings,M/M,English,30 Aug 2026,3.125,0.0,0.0
2026-09-08T21:34:43,cohort,65496688,,Harry Potter - J. K. Rowling,same,0,0,0,0,0,0,179876,1872,600,57,Teen And Up Audiences,"Creator Chose Not To Use Archive Warnings, F/F, F/M, Multi",,English,30 Aug 2026,1.0407169383352977,0.3335631212613134,32.05128205128205
2026-09-08T21:34:43,cohort,91637276,,Harry Potter - J. K. Rowling,same,0,0,0,0,0,0,186,17,0,1,Mature,Underage Sex,M/M,Русский,30 Aug 2026,9.13978494623656,0.0,0.0
2026-09-08T21:34:43,cohort,91635971,,Harry Potter - J. K. Rowling,same,0,0,0,0,0,0,115,11,2,1,Teen And Up Audiences,No Archive Warnings Apply,F/M,English,30 Aug 2026,9.565217391304348,1.7391304347826086,18.181818181818183
2026-09-08T21:34:43,cohort,87364971,,Harry Potter - J. K. Rowling,same,0,0,0,0,0,0,217,6,0,14,Mature,Creator Chose Not To Use Archive Warnings,F/M,Polski,30 Aug 2026,2.7649769585253456,0.0,0.0
2026-09-08T21:34:43,cohort,53351926,,Harry Potter - J. K. Rowling,same,0,0,0,0,0,0,6264,132,16,36,Mature,"Graphic Depictions Of Violence, Rape/Non-Con, Underage Sex, F/F, M/M, F/M",,English,30 Aug 2026,2.10727969348659,0.2554278416347382,12.121212121212121
2026-09-08T21:34:43,cohort,91636641,,Harry Potter - J. K. Rowling,same,0,0,0,0,0,0,86,12,2,1,Mature,"No Archive Warnings Apply, F/M, M/M",,Русский,30 Aug 2026,13.953488372093023,2.3255813953488373,16.666666666666664
2026-09-08T21:34:43,cohort,58754818,,Harry Potter - J. K. Rowling,same,0,0,0,0,0,0,54380,1668,853,29,Mature,Graphic Depictions Of Violence,M/M,English,30 Aug 2026,3.0673041559396834,1.5685913938948144,51.13908872901679
2026-09-08T21:34:43,cohort,88386261,,Harry Potter - J. K. Rowling,same,0,0,0,0,0,0,1596,60,28,4,Explicit,"Graphic Depictions Of Violence, Rape/Non-Con",F/M,English,30 Aug 2026,3.7593984962406015,1.7543859649122806,46.666666666666664
2026-09-08T21:34:43,cohort,90906511,,Harry Potter - J. K. Rowling,same,0,0,0,0,0,0,179,11,4,2,Mature,Creator Chose Not To Use Archive Warnings,M/M,English,30 Aug 2026,6.145251396648044,2.2346368715083798,36.36363636363637
2026-09-08T21:34:43,cohort,82985606,,Harry Potter - J. K. Rowling,same,0,0,0,0,0,0,27502,597,188,18,Explicit,Rape/Non-Con,F/F,English,30 Aug 2026,2.1707512180932294,0.683586648243764,31.490787269681743
2026-09-08T21:34:43,cohort,57621397,,Harry Potter - J. K. Rowling,same,0,0,0,0,0,0,34049,342,17,12,Explicit,"Rape/Non-Con, Underage Sex",Gen,English,30 Aug 2026,1.00443478516256,0.049928044876501515,4.970760233918129
2026-09-08T21:34:43,cohort,67152913,,Harry Potter - J. K. Rowling,same,0,0,0,0,0,0,1388,35,51,23,Teen And Up Audiences,Creator Chose Not To Use Archive Warnings,F/F,中文-普通话 國語,30 Aug 2026,2.521613832853026,3.674351585014409,145.7142857142857
2026-09-08T21:34:43,cohort,82620431,,Harry Potter - J. K. Rowling,same,0,0,0,0,0,0,80,0,2,3,Teen And Up Audiences,Creator Chose Not To Use Archive Warnings,Gen,English,30 Aug 2026,0.0,2.5,0.0
2026-09-08T21:34:43,cohort,89705786,,Harry Potter - J. K. Rowling,same,0,0,0,0,0,0,1890,29,13,10,Mature,Creator Chose Not To Use Archive Warnings,F/M,English,30 Aug 2026,1.5343915343915344,0.6878306878306878,44.827586206896555
2026-09-08T21:34:43,cohort,90058466,,Harry Potter - J. K. Rowling,same,0,0,0,0,0,0,75,1,4,1,Not Rated,Creator Chose Not To Use Archive Warnings,F/M,English,30 Aug 2026,1.3333333333333335,5.333333333333334,400.0
2026-09-08T21:34:43,cohort,91634116,,Harry Potter - J. K. Rowling,same,0,0,0,0,0,0,109,15,4,1,Mature,No Archive Warnings Apply,M/M,English,30 Aug 2026,13.761467889908257,3.669724770642202,26.666666666666668
2026-09-08T21:34:43,cohort,59499169,,Harry Potter - J. K. Rowling,same,0,0,0,0,0,0,759,36,19,7,Not Rated,Creator Chose Not To Use Archive Warnings,Other,English,30 Aug 2026,4.743083003952568,2.503293807641634,52.77777777777778
2026-09-08T21:34:43,cohort,86678741,,Harry Potter - J. K. Rowling,same,0,0,0,0,0,0,373,197,1,11,General Audiences,"No Archive Warnings Apply, Creator Chose Not To Use Archive Warnings, No category",,English,30 Aug 2026,52.81501340482574,0.2680965147453083,0.5076142131979695
2026-09-08T21:34:43,cohort,85915186,,Harry Potter - J. K. Rowling,same,0,0,0,0,0,0,2958,166,92,7,General Audiences,No Archive Warnings Apply,M/M,English,30 Aug 2026,5.611899932386748,3.110209601081812,55.42168674698795
2026-09-08T21:34:43,cohort,87741066,,Harry Potter - J. K. Rowling,same,0,0,0,0,0,0,537,20,2,22,Not Rated,Major Character Death,Gen,English,30 Aug 2026,3.7243947858473,0.37243947858473,10.0
2026-09-08T21:34:43,cohort,71046006,,Harry Potter - J. K. Rowling,same,0,0,0,0,0,0,138,17,4,2,General Audiences,Creator Chose Not To Use Archive Warnings,Multi,English,30 Aug 2026,12.318840579710146,2.898550724637681,23.52941176470588
2026-09-08T21:34:43,cohort,91631406,,Harry Potter - J. K. Rowling,same,0,0,0,0,0,0,4142,201,18,1,Explicit,Underage Sex,M/M,English,30 Aug 2026,4.852728150651859,0.43457267020762913,8.955223880597014
2026-09-08T21:34:43,cohort,81660151,,Harry Potter - J. K. Rowling,same,0,0,0,0,0,0,250,14,24,24,Teen And Up Audiences,Creator Chose Not To Use Archive Warnings,Gen,English,30 Aug 2026,5.6000000000000005,9.6,171.42857142857142
2026-09-08T21:34:43,cohort,91631641,,Harry Potter - J. K. Rowling,same,0,0,0,0,0,0,57,5,3,1,General Audiences,No Archive Warnings Apply,F/M,English,30 Aug 2026,8.771929824561402,5.263157894736842,60.0
2026-09-08T21:34:43,cohort,90694316,,Harry Potter - J. K. Rowling,same,0,0,0,0,0,0,571,11,1,23,Mature,"Graphic Depictions Of Violence, Major Character Death, Underage Sex",M/M,English,30 Aug 2026,1.926444833625219,0.17513134851138354,9.090909090909092
2026-09-08T21:34:43,cohort,73730521,,Harry Potter - J. K. Rowling,same,0,0,0,0,0,0,380,5,3,4,Mature,"Graphic Depictions Of Violence, Major Character Death",F/M,English,30 Aug 2026,1.3157894736842104,0.7894736842105263,60.0
2026-09-08T21:34:43,cohort,91631441,,Harry Potter - J. K. Rowling,same,0,0,0,0,0,0,57,9,0,1,Mature,No Archive Warnings Apply,M/M,English,30 Aug 2026,15.789473684210526,0.0,0.0
2026-09-08T21:34:43,cohort,85318306,,Harry Potter - J. K. Rowling,same,0,0,0,0,0,0,103,6,2,4,Explicit,Creator Chose Not To Use Archive Warnings,M/M,English,30 Aug 2026,5.825242718446602,1.9417475728155338,33.33333333333333
2026-09-08T21:34:43,cohort,71330286,,Harry Potter - J. K. Rowling,same,0,0,0,0,0,0,54536,1247,893,65,Teen And Up Audiences,"Major Character Death, No Archive Warnings Apply, No category",,English,30 Aug 2026,2.286563004254071,1.6374504914185124,71.61186848436247
2026-09-08T21:34:43,cohort,90899321,,Harry Potter - J. K. Rowling,same,0,0,0,0,0,0,585,13,2,30,Mature,Creator Chose Not To Use Archive Warnings,M/M,中文-普通话 國語,30 Aug 2026,2.2222222222222223,0.3418803418803419,15.384615384615385
2026-09-08T21:34:43,cohort,85540346,,Harry Potter - J. K. Rowling,same,0,0,0,0,0,0,523,38,8,2,Mature,Creator Chose Not To Use Archive Warnings,M/M,English,30 Aug 2026,7.265774378585086,1.5296367112810707,21.052631578947366
2026-09-08T21:34:43,cohort,55781953,,Harry Potter - J. K. Rowling,same,0,0,0,0,0,0,1711,98,15,3,Mature,Graphic Depictions Of Violence,M/M,English,30 Aug 2026,5.727644652250146,0.8766803039158386,15.306122448979592
2026-09-08T21:34:43,cohort,88183936,,Harry Potter - J. K. Rowling,same,0,0,0,0,0,0,279,7,0,11,Mature,"No Archive Warnings Apply, F/M, M/M, Multi",,English,30 Aug 2026,2.5089605734767026,0.0,0.0
2026-09-08T21:34:43,cohort,66620566,,Harry Potter - J. K. Rowling,same,0,0,0,0,0,0,98899,1484,847,138,Mature,"Graphic Depictions Of Violence, F/M, M/M",,English,30 Aug 2026,1.5005207332733395,0.8564292864437457,57.07547169811321
2026-09-08T21:34:43,cohort,82889581,,Harry Potter - J. K. Rowling,same,0,0,0,0,0,0,5245,180,22,10,Not Rated,"Graphic Depictions Of Violence, No category",,English,30 Aug 2026,3.4318398474737846,0.41944709246901807,12.222222222222221
2026-09-08T21:34:43,cohort,86686026,,Harry Potter - J. K. Rowling,same,0,0,0,0,0,0,8485,305,313,8,Explicit,Creator Chose Not To Use Archive Warnings,F/M,English,30 Aug 2026,3.5945786682380674,3.688862698880377,102.62295081967213
2026-09-08T21:34:43,cohort,91629061,,Harry Potter - J. K. Rowling,same,0,0,0,0,0,0,1006,88,25,1,Explicit,No Archive Warnings Apply,M/M,English,30 Aug 2026,8.747514910536779,2.485089463220676,28.40909090909091
2026-09-08T21:34:43,cohort,91628896,,Harry Potter - J. K. Rowling,same,0,0,0,0,0,0,58,7,7,1,Explicit,No Archive Warnings Apply,F/M,English,30 Aug 2026,12.068965517241379,12.068965517241379,100.0
2026-09-08T21:34:43,cohort,58033201,,Harry Potter - J. K. Rowling,same,0,0,0,0,0,0,5480,220,54,13,Teen And Up Audiences,"Graphic Depictions Of Violence, Major Character Death, F/F, F/M, M/M",,English,30 Aug 2026,4.014598540145985,0.9854014598540146,24.545454545454547
2026-09-08T21:34:43,cohort,23366899,,Harry Potter - J. K. Rowling,same,0,0,0,0,0,0,4116,133,6,6,Teen And Up Audiences,"Underage Sex, F/M, Multi",,English,30 Aug 2026,3.231292517006803,0.1457725947521866,4.511278195488721
2026-09-08T21:34:43,cohort,72740016,,Harry Potter - J. K. Rowling,same,0,0,0,0,0,0,14349,294,159,12,Explicit,"Creator Chose Not To Use Archive Warnings, Graphic Depictions Of Violence",M/M,English,30 Aug 2026,2.04892326991428,1.108091156178131,54.08163265306123
2026-09-08T21:34:43,cohort,91628096,,Harry Potter - J. K. Rowling,same,0,0,0,0,0,0,71,14,8,1,Mature,Graphic Depictions Of Violence,F/M,English,30 Aug 2026,19.718309859154928,11.267605633802818,57.14285714285714
2026-09-08T21:34:43,cohort,90125431,,Harry Potter - J. K. Rowling,same,0,0,0,0,0,0,4560,337,151,4,Mature,Graphic Depictions Of Violence,M/M,English,30 Aug 2026,7.390350877192982,3.31140350877193,44.80712166172107
2026-09-08T21:34:43,cohort,88980531,,Harry Potter - J. K. Rowling,same,0,0,0,0,0,0,1226,54,38,2,Explicit,Creator Chose Not To Use Archive Warnings,F/M,English,30 Aug 2026,4.404567699836868,3.0995106035889073,70.37037037037037
2026-09-08T21:34:43,cohort,77299961,,Harry Potter - J. K. Rowling,same,0,0,0,0,0,0,1760,51,19,34,Not Rated,"Graphic Depictions Of Violence, Underage Sex",M/M,English,30 Aug 2026,2.8977272727272725,1.0795454545454546,37.254901960784316
2026-09-08T21:34:43,cohort,81910386,,Harry Potter - J. K. Rowling,same,0,0,0,0,0,0,669,79,0,40,Teen And Up Audiences,"Creator Chose Not To Use Archive Warnings, No Archive Warnings Apply, F/M, Gen",,English,30 Aug 2026,11.80866965620329,0.0,0.0
2026-09-08T21:34:43,cohort,91625951,,Harry Potter - J. K. Rowling,same,0,0,0,0,0,0,61,8,4,1,Mature,No Archive Warnings Apply,F/M,English,30 Aug 2026,13.114754098360656,6.557377049180328,50.0
2026-09-08T21:34:43,cohort,91626836,,Harry Potter - J. K. Rowling,same,0,0,0,0,0,0,144,4,3,1,General Audiences,Creator Chose Not To Use Archive Warnings,F/M,English,30 Aug 2026,2.7777777777777777,2.083333333333333,75.0
2026-09-08T21:34:43,cohort,62654920,,Harry Potter - J. K. Rowling,same,0,0,0,0,0,0,22582,438,307,26,Not Rated,"Creator Chose Not To Use Archive Warnings, F/M, M/M",,English,30 Aug 2026,1.9395979098396954,1.3594898591798779,70.09132420091323
2026-09-08T21:34:43,cohort,91626451,,Harry Potter - J. K. Rowling,same,0,0,0,0,0,0,238,27,7,1,Teen And Up Audiences,No Archive Warnings Apply,Gen,English,30 Aug 2026,11.344537815126051,2.941176470588235,25.925925925925924
2026-09-08T21:34:43,cohort,78778836,,Harry Potter - J. K. Rowling,same,0,0,0,0,0,0,7521,285,46,14,Mature,Creator Chose Not To Use Archive Warnings,M/M,English,30 Aug 2026,3.789389708815317,0.6116207951070336,16.140350877192983
2026-09-08T21:34:43,cohort,77708871,,Harry Potter - J. K. Rowling,same,0,0,0,0,0,0,6568,145,327,35,Mature,Underage Sex,F/M,English,30 Aug 2026,2.2076735688185143,4.978684531059684,225.51724137931032
2026-09-08T21:34:43,cohort,82927801,,Harry Potter - J. K. Rowling,same,0,0,0,0,0,0,4155,199,124,5,Explicit,"Graphic Depictions Of Violence, Rape/Non-Con",F/M,English,29 Aug 2026,4.789410348977136,2.984356197352587,62.311557788944725
2026-09-08T21:34:43,cohort,57894925,,Harry Potter - J. K. Rowling,same,0,0,0,0,0,0,205991,6522,2397,51,Mature,"Creator Chose Not To Use Archive Warnings, Graphic Depictions Of Violence, Underage Sex",Multi,English,30 Aug 2026,3.166157744755839,1.1636430717846897,36.75252989880405
2026-09-08T21:34:43,cohort,91625836,,Harry Potter - J. K. Rowling,same,0,0,0,0,0,0,84,6,0,1,Explicit,Graphic Depictions Of Violence,M/M,English,30 Aug 2026,7.142857142857142,0.0,0.0
2026-09-08T21:34:43,cohort,91625526,,Harry Potter - J. K. Rowling,same,0,0,0,0,0,0,91,10,2,1,General Audiences,"No Archive Warnings Apply, Gen, M/M",,English,30 Aug 2026,10.989010989010989,2.197802197802198,20.0
2026-09-08T21:34:43,cohort,89076081,,Harry Potter - J. K. Rowling,same,0,0,0,0,0,0,455,21,40,7,Not Rated,"Creator Chose Not To Use Archive Warnings, F/M, M/M",,English,30 Aug 2026,4.615384615384616,8.791208791208792,190.47619047619045
2026-09-08T21:34:43,cohort,91625131,,Harry Potter - J. K. Rowling,same,0,0,0,0,0,0,123,4,2,1,Explicit,"Graphic Depictions Of Violence, Rape/Non-Con",M/M,中文-普通话 國語,30 Aug 2026,3.2520325203252036,1.6260162601626018,50.0
2026-09-08T21:34:43,cohort,87383931,,Harry Potter - J. K. Rowling,same,0,0,0,0,0,0,20260,1077,147,15,Not Rated,"Creator Chose Not To Use Archive Warnings, No category",,English,30 Aug 2026,5.315893385982231,0.7255676209279368,13.649025069637883
2026-09-08T21:34:43,cohort,81021171,,Harry Potter - J. K. Rowling,same,0,0,0,0,0,0,18095,625,191,12,Mature,"Graphic Depictions Of Violence, Major Character Death, Rape/Non-Con",Gen,English,29 Aug 2026,3.453992815694943,1.0555402044763746,30.56
2026-09-08T21:34:43,cohort,91069666,,Harry Potter - J. K. Rowling,same,0,0,0,0,0,0,650,57,28,4,Mature,No Archive Warnings Apply,M/M,English,30 Aug 2026,8.76923076923077,4.3076923076923075,49.122807017543856
2026-09-08T21:34:43,cohort,87784521,,Harry Potter - J. K. Rowling,same,0,0,0,0,0,0,781,121,14,5,Mature,Creator Chose Not To Use Archive Warnings,F/M,English,30 Aug 2026,15.492957746478872,1.792573623559539,11.570247933884298
2026-09-08T21:34:43,cohort,87839781,,Harry Potter - J. K. Rowling,same,0,0,0,0,0,0,1374,56,0,29,Not Rated,"Major Character Death, Underage Sex, F/M, M/M",,English,30 Aug 2026,4.075691411935954,0.0,0.0
2026-09-08T21:34:43,cohort,89491981,,Harry Potter - J. K. Rowling,same,0,0,0,0,0,0,12641,697,448,7,Teen And Up Audiences,No Archive Warnings Apply,M/M,English,30 Aug 2026,5.513804287635471,3.544023415868998,64.2754662840746
2026-09-08T21:34:43,cohort,34424632,,Harry Potter - J. K. Rowling,same,0,0,0,0,0,0,125756,5380,1185,18,Teen And Up Audiences,"No Archive Warnings Apply, Gen, M/M, F/M",,English,30 Aug 2026,4.278125894589523,0.9423009637711123,22.02602230483271
2026-09-08T21:34:43,cohort,63708403,,Harry Potter - J. K. Rowling,same,0,0,0,0,0,0,3996,142,48,13,Mature,Underage Sex,M/M,中文-普通话 國語,30 Aug 2026,3.553553553553553,1.2012012012012012,33.80281690140845
2026-09-08T21:34:43,cohort,88245516,,Harry Potter - J. K. Rowling,same,0,0,0,0,0,0,934,71,51,5,Explicit,"Creator Chose Not To Use Archive Warnings, Graphic Depictions Of Violence, Major Character Death, F/M, M/M",,Español,30 Aug 2026,7.601713062098502,5.460385438972163,71.83098591549296
2026-09-08T21:34:43,cohort,81579791,,Harry Potter - J. K. Rowling,same,0,0,0,0,0,0,15340,611,34,8,Mature,"Rape/Non-Con, F/F, F/M, M/M",,English,30 Aug 2026,3.9830508474576267,0.2216427640156454,5.564648117839607
2026-09-08T21:34:43,cohort,91622451,,Harry Potter - J. K. Rowling,same,0,0,0,0,0,0,73,1,0,2,Not Rated,"Graphic Depictions Of Violence, F/F, M/M, Multi",,English,30 Aug 2026,1.36986301369863,0.0,0.0
2026-09-08T21:34:43,cohort,91622031,,Harry Potter - J. K. Rowling,same,0,0,0,0,0,0,2541,69,1,1,Explicit,"Creator Chose Not To Use Archive Warnings, M/M, Multi",,English,30 Aug 2026,2.715466351829988,0.03935458480913026,1.4492753623188406
2026-09-08T21:34:43,cohort,91621306,,Harry Potter - J. K. Rowling,same,0,0,0,0,0,0,413,22,8,11,Teen And Up Audiences,Creator Chose Not To Use Archive Warnings,F/M,English,30 Aug 2026,5.326876513317192,1.937046004842615,36.36363636363637
2026-09-08T21:34:43,cohort,91621301,,Harry Potter - J. K. Rowling,same,0,0,0,0,0,0,117,16,2,1,Mature,No Archive Warnings Apply,F/M,English,30 Aug 2026,13.675213675213676,1.7094017094017095,12.5
2026-09-08T21:34:43,cohort,91230006,,Harry Potter - J. K. Rowling,same,0,0,0,0,0,0,395,24,1,5,General Audiences,Creator Chose Not To Use Archive Warnings,M/M,English,30 Aug 2026,6.075949367088607,0.25316455696202533,4.166666666666666
2026-09-08T21:34:43,cohort,91620911,,Harry Potter - J. K. Rowling,same,0,0,0,0,0,0,119,1,0,31,Not Rated,"Creator Chose Not To Use Archive Warnings, F/F, F/M, M/M",,English,29 Aug 2026,0.8403361344537815,0.0,0.0
2026-09-08T21:34:43,cohort,91218911,,Harry Potter - J. K. Rowling,same,0,0,0,0,0,0,156,11,3,2,Mature,"Underage Sex, M/M, Multi",,English,30 Aug 2026,7.051282051282051,1.9230769230769231,27.27272727272727
2026-09-08T21:34:43,cohort,84272591,,Harry Potter - J. K. Rowling,same,0,0,0,0,0,0,362,28,2,3,Not Rated,"Creator Chose Not To Use Archive Warnings, No category",,English,30 Aug 2026,7.734806629834254,0.5524861878453038,7.142857142857142
2026-09-08T21:34:43,cohort,89315136,,Harry Potter - J. K. Rowling,same,0,0,0,0,0,0,823,24,11,5,Explicit,Graphic Depictions Of Violence,F/M,English,30 Aug 2026,2.916160388821385,1.336573511543135,45.83333333333333
2026-09-08T21:34:43,cohort,84062041,,Harry Potter - J. K. Rowling,same,0,0,0,0,0,0,43780,1330,948,34,Mature,"Creator Chose Not To Use Archive Warnings, Graphic Depictions Of Violence, Rape/Non-Con",Gen,English,29 Aug 2026,3.037916857012334,2.165372316126085,71.2781954887218
2026-09-08T21:34:43,cohort,84548376,,Harry Potter - J. K. Rowling,same,0,0,0,0,0,0,633,22,6,11,Teen And Up Audiences,No Archive Warnings Apply,M/M,English,30 Aug 2026,3.4755134281200633,0.9478672985781991,27.27272727272727
2026-09-08T21:34:43,cohort,86199171,,Harry Potter - J. K. Rowling,same,0,0,0,0,0,0,101,2,3,6,General Audiences,"No Archive Warnings Apply, No category",,English,29 Aug 2026,1.9801980198019802,2.9702970297029703,150.0
2026-09-08T21:34:43,cohort,67372063,,Harry Potter - J. K. Rowling,same,0,0,0,0,0,0,222,12,3,15,Teen And Up Audiences,"Graphic Depictions Of Violence, F/M, Gen",,English,30 Aug 2026,5.405405405405405,1.3513513513513513,25.0
2026-09-08T21:34:43,cohort,82502801,,Harry Potter - J. K. Rowling,same,0,0,0,0,0,0,3012,63,66,31,Explicit,Creator Chose Not To Use Archive Warnings,F/M,English,30 Aug 2026,2.091633466135458,2.1912350597609564,104.76190476190477
2026-09-08T21:34:43,cohort,67263862,,Harry Potter - J. K. Rowling,same,0,0,0,0,0,0,22682,476,619,32,Mature,Graphic Depictions Of Violence,F/M,English,30 Aug 2026,2.098580372101226,2.7290362401904593,130.0420168067227
2026-09-08T21:34:43,cohort,71178941,,Harry Potter - J. K. Rowling,same,0,0,0,0,0,0,36735,644,98,24,Explicit,"Rape/Non-Con, Graphic Depictions Of Violence, Major Character Death",M/M,English,30 Aug 2026,1.753096501973595,0.2667755546481557,15.217391304347828
2026-09-08T21:34:43,cohort,68142421,,Harry Potter - J. K. Rowling,same,0,0,0,0,0,0,21109,668,149,31,Explicit,"Graphic Depictions Of Violence, Major Character Death, No category",,English,30 Aug 2026,3.164526979013691,0.7058600596901795,22.305389221556887
2026-09-08T21:34:43,cohort,77835616,,Harry Potter - J. K. Rowling,same,0,0,0,0,0,0,2582,113,27,13,Teen And Up Audiences,"Graphic Depictions Of Violence, Rape/Non-Con",M/M,Español,30 Aug 2026,4.376452362509682,1.0457010069713402,23.893805309734514
2026-09-08T21:34:43,cohort,68208336,,Harry Potter - J. K. Rowling,same,0,0,0,0,0,0,25696,594,328,40,Explicit,Creator Chose Not To Use Archive Warnings,M/M,English,30 Aug 2026,2.3116438356164384,1.2764632627646326,55.218855218855225
2026-09-08T21:34:43,cohort,70352111,,Harry Potter - J. K. Rowling,same,0,0,0,0,0,0,371,14,19,12,Teen And Up Audiences,No Archive Warnings Apply,F/M,English,30 Aug 2026,3.7735849056603774,5.121293800539084,135.71428571428572
2026-09-08T21:34:43,cohort,91464406,,Harry Potter - J. K. Rowling,same,0,0,0,0,0,0,81,6,4,9,General Audiences,"No Archive Warnings Apply, No category",,English,30 Aug 2026,7.4074074074074066,4.938271604938271,66.66666666666666
2026-09-08T21:34:43,cohort,88554816,,Harry Potter - J. K. Rowling,same,0,0,0,0,0,0,710,45,10,9,Not Rated,Creator Chose Not To Use Archive Warnings,F/M,English,29 Aug 2026,6.338028169014084,1.4084507042253522,22.22222222222222
2026-09-08T21:34:43,cohort,83498411,,Harry Potter - J. K. Rowling,same,0,0,0,0,0,0,3929,108,45,18,General Audiences,No Archive Warnings Apply,F/M,English,30 Aug 2026,2.748791040977348,1.1453296004072282,41.66666666666667
2026-09-08T21:34:43,cohort,59117128,,Harry Potter - J. K. Rowling,same,0,0,0,0,0,0,4833,299,37,5,Teen And Up Audiences,Creator Chose Not To Use Archive Warnings,Gen,English,29 Aug 2026,6.1866335609352365,0.7655700393130561,12.37458193979933
2026-09-08T21:34:43,cohort,79526746,,Harry Potter - J. K. Rowling,same,0,0,0,0,0,0,902,12,2,51,Teen And Up Audiences,Creator Chose Not To Use Archive Warnings,F/M,English,30 Aug 2026,1.3303769401330376,0.22172949002217296,16.666666666666664
2026-09-08T21:34:43,cohort,87081541,,Harry Potter - J. K. Rowling,same,0,0,0,0,0,0,2623,131,142,10,Explicit,Creator Chose Not To Use Archive Warnings,M/M,English,29 Aug 2026,4.994281357224552,5.413648494090736,108.3969465648855
2026-09-08T21:34:43,cohort,91618066,,Harry Potter - J. K. Rowling,same,0,0,0,0,0,0,329,52,11,1,Teen And Up Audiences,"Creator Chose Not To Use Archive Warnings, F/M, M/M",,Español,30 Aug 2026,15.80547112462006,3.343465045592705,21.153846153846153
2026-09-08T21:34:43,cohort,66932443,,Harry Potter - J. K. Rowling,same,0,0,0,0,0,0,1500,52,46,27,General Audiences,"No Archive Warnings Apply, Gen, Multi",,Español,30 Aug 2026,3.4666666666666663,3.0666666666666664,88.46153846153845
2026-09-08T21:34:43,cohort,52528969,,Harry Potter - J. K. Rowling,same,0,0,0,0,0,0,1134,18,27,32,Mature,"Creator Chose Not To Use Archive Warnings, No Archive Warnings Apply",F/F,English,30 Aug 2026,1.5873015873015872,2.380952380952381,150.0
2026-09-08T21:34:43,cohort,82408386,,Harry Potter - J. K. Rowling,same,0,0,0,0,0,0,400,13,0,2,Mature,"Graphic Depictions Of Violence, Major Character Death, Rape/Non-Con",F/M,English,30 Aug 2026,3.25,0.0,0.0
2026-09-08T21:34:43,cohort,31156208,,Harry Potter - J. K. Rowling,same,0,0,0,0,0,0,3147,223,83,5,Teen And Up Audiences,"No Archive Warnings Apply, M/M, Multi, F/M",,English,29 Aug 2026,7.086113759135684,2.6374324753733713,37.219730941704036
2026-09-08T21:34:43,cohort,89062521,,Harry Potter - J. K. Rowling,same,0,0,0,0,0,0,2663,150,32,6,Mature,Creator Chose Not To Use Archive Warnings,M/M,English,30 Aug 2026,5.632745024408562,1.2016522718738265,21.333333333333336
2026-09-08T21:34:43,cohort,91615676,,Harry Potter - J. K. Rowling,same,0,0,0,0,0,0,676,81,1,1,Mature,No Archive Warnings Apply,M/M,English,30 Aug 2026,11.982248520710058,0.14792899408284024,1.2345679012345678
2026-09-08T21:34:43,cohort,79458271,,Harry Potter - J. K. Rowling,same,0,0,0,0,0,0,306,10,4,51,Teen And Up Audiences,Creator Chose Not To Use Archive Warnings,F/M,Español,30 Aug 2026,3.2679738562091507,1.3071895424836601,40.0
2026-09-08T21:34:43,cohort,83486621,,Harry Potter - J. K. Rowling,same,0,0,0,0,0,0,371,9,1,19,Explicit,Underage Sex,M/M,Français,30 Aug 2026,2.4258760107816713,0.2695417789757413,11.11111111111111
2026-09-08T21:34:43,cohort,91615566,,Harry Potter - J. K. Rowling,same,0,0,0,0,0,0,109,7,0,1,General Audiences,Creator Chose Not To Use Archive Warnings,M/M,English,30 Aug 2026,6.422018348623854,0.0,0.0
2026-09-08T21:34:43,cohort,70885931,,Harry Potter - J. K. Rowling,same,0,0,0,0,0,0,4869,84,9,35,Explicit,"Graphic Depictions Of Violence, F/F, F/M",,English,30 Aug 2026,1.7252002464571778,0.18484288354898337,10.714285714285714
2026-09-08T21:34:43,cohort,36798235,,Harry Potter - J. K. Rowling,same,0,0,0,0,0,0,93090,1301,1083,93,Mature,"Graphic Depictions Of Violence, Major Character Death, F/F, F/M, M/M",,English,30 Aug 2026,1.397572241916425,1.163390267483081,83.2436587240584
2026-09-08T21:34:43,cohort,91615186,,Harry Potter - J. K. Rowling,same,0,0,0,0,0,0,159,12,8,1,General Audiences,"Major Character Death, F/F, F/M, M/M, Multi",,English,30 Aug 2026,7.547169811320755,5.031446540880504,66.66666666666666
2026-09-08T21:34:43,cohort,90745121,,Harry Potter - J. K. Rowling,same,0,0,0,0,0,0,1888,80,18,2,Explicit,Graphic Depictions Of Violence,M/M,English,30 Aug 2026,4.23728813559322,0.9533898305084746,22.5
2026-09-08T21:34:43,cohort,39141969,,Harry Potter - J. K. Rowling,same,0,0,0,0,0,0,1190,37,3,10,Mature,Creator Chose Not To Use Archive Warnings,F/M,English,30 Aug 2026,3.1092436974789917,0.25210084033613445,8.108108108108109
2026-09-08T21:34:43,cohort,50051011,,Harry Potter - J. K. Rowling,same,0,0,0,0,0,0,8795,89,25,79,Mature,Creator Chose Not To Use Archive Warnings,F/M,English,30 Aug 2026,1.0119386014781124,0.28425241614553726,28.08988764044944
2026-09-08T21:34:43,cohort,79285056,,Harry Potter - J. K. Rowling,same,0,0,0,0,0,0,1241,36,9,13,Teen And Up Audiences,No Archive Warnings Apply,F/M,English,29 Aug 2026,2.9008863819500403,0.7252215954875101,25.0
2026-09-08T21:34:43,cohort,85908211,,Harry Potter - J. K. Rowling,same,0,0,0,0,0,0,3588,145,131,17,Explicit,No Archive Warnings Apply,F/M,English,30 Aug 2026,4.041248606465998,3.6510590858416943,90.3448275862069
2026-09-08T21:34:43,cohort,39159048,,Harry Potter - J. K. Rowling,same,0,0,0,0,0,0,18045,487,45,15,Teen And Up Audiences,"No Archive Warnings Apply, M/M, Multi",,English,30 Aug 2026,2.6988085342200057,0.24937655860349126,9.240246406570842
2026-09-08T21:34:43,cohort,90565031,,Harry Potter - J. K. Rowling,same,0,0,0,0,0,0,132,8,2,3,General Audiences,"Creator Chose Not To Use Archive Warnings, No Archive Warnings Apply",M/M,Español,29 Aug 2026,6.0606060606060606,1.5151515151515151,25.0
2026-09-08T21:34:43,cohort,84580371,,Harry Potter - J. K. Rowling,same,0,0,0,0,0,0,8154,174,157,17,Explicit,Rape/Non-Con,F/M,English,30 Aug 2026,2.1339220014716704,1.9254353691439785,90.22988505747126
2026-09-08T21:34:43,cohort,88178231,,Harry Potter - J. K. Rowling,same,0,0,0,0,0,0,2047,65,57,5,Explicit,"No Archive Warnings Apply, F/M, Multi",,English,30 Aug 2026,3.1753786028334146,2.784562774792379,87.6923076923077
2026-09-08T21:34:43,cohort,91604726,,Harry Potter - J. K. Rowling,same,0,0,0,0,0,0,96,4,0,2,Teen And Up Audiences,Graphic Depictions Of Violence,M/M,English,30 Aug 2026,4.166666666666666,0.0,0.0
2026-09-08T21:34:43,cohort,84580681,,Harry Potter - J. K. Rowling,same,0,0,0,0,0,0,8201,256,142,16,Explicit,No Archive Warnings Apply,F/M,English,30 Aug 2026,3.1215705401780274,1.7314961590049995,55.46875
2026-09-08T21:34:43,cohort,91613341,,Harry Potter - J. K. Rowling,same,0,0,0,0,0,0,518,11,0,1,Explicit,Creator Chose Not To Use Archive Warnings,M/M,English,29 Aug 2026,2.1235521235521233,0.0,0.0
2026-09-08T21:34:43,cohort,81167456,,Harry Potter - J. K. Rowling,same,0,0,0,0,0,0,1455,62,7,4,Teen And Up Audiences,Creator Chose Not To Use Archive Warnings,F/M,English,29 Aug 2026,4.261168384879725,0.48109965635738833,11.29032258064516
2026-09-08T21:34:43,cohort,88193126,,Harry Potter - J. K. Rowling,same,0,0,0,0,0,0,164,8,0,3,Explicit,"Graphic Depictions Of Violence, Underage Sex",Other,English,29 Aug 2026,4.878048780487805,0.0,0.0
2026-09-08T21:34:43,cohort,91075406,,Harry Potter - J. K. Rowling,same,0,0,0,0,0,0,619,9,3,16,Explicit,"Graphic Depictions Of Violence, Underage Sex",F/M,English,29 Aug 2026,1.4539579967689822,0.48465266558966075,33.33333333333333
2026-09-08T21:34:43,cohort,91607371,,Harry Potter - J. K. Rowling,same,0,0,0,0,0,0,50,2,0,10,General Audiences,Major Character Death,Gen,English,29 Aug 2026,4.0,0.0,0.0
2026-09-08T21:34:43,cohort,73301371,,Harry Potter - J. K. Rowling,same,0,0,0,0,0,0,1616,48,28,7,Not Rated,Creator Chose Not To Use Archive Warnings,F/M,English,29 Aug 2026,2.9702970297029703,1.7326732673267329,58.333333333333336
2026-09-08T21:34:43,cohort,44833609,,Harry Potter - J. K. Rowling,same,0,0,0,0,0,0,25302,424,45,86,Teen And Up Audiences,No Archive Warnings Apply,F/M,English,29 Aug 2026,1.6757568571654415,0.17785155323689827,10.61320754716981
2026-09-08T21:34:43,cohort,57506548,,Harry Potter - J. K. Rowling,same,0,0,0,0,0,0,2782,48,60,23,Teen And Up Audiences,"No Archive Warnings Apply, No category",,English,29 Aug 2026,1.7253774263120056,2.156721782890007,125.0
2026-09-08T21:34:43,cohort,91611956,,Harry Potter - J. K. Rowling,same,0,0,0,0,0,0,160,2,2,1,Explicit,Creator Chose Not To Use Archive Warnings,M/M,English,29 Aug 2026,1.25,1.25,100.0
2026-09-08T21:34:43,cohort,85723826,,Harry Potter - J. K. Rowling,same,0,0,0,0,0,0,8859,191,31,32,Mature,Rape/Non-Con,M/M,English,29 Aug 2026,2.15599954848177,0.3499266282876171,16.230366492146597
2026-09-08T21:34:43,cohort,80429381,,Harry Potter - J. K. Rowling,same,0,0,0,0,0,0,8824,72,29,6,General Audiences,"Creator Chose Not To Use Archive Warnings, No category",,English,29 Aug 2026,0.8159564823209429,0.328649138712602,40.27777777777778
2026-09-08T21:34:43,cohort,91598941,,Harry Potter - J. K. Rowling,same,0,0,0,0,0,0,60,3,1,4,Explicit,"Creator Chose Not To Use Archive Warnings, Graphic Depictions Of Violence, Major Character Death, No Archive Warnings Apply, Rape/Non-Con",F/M,English,29 Aug 2026,5.0,1.6666666666666667,33.33333333333333
2026-09-08T21:34:43,cohort,91611416,,Harry Potter - J. K. Rowling,same,0,0,0,0,0,0,3295,122,8,1,Explicit,"Creator Chose Not To Use Archive Warnings, F/M, Multi",,English,29 Aug 2026,3.7025796661608497,0.24279210925644917,6.557377049180328
2026-09-08T21:34:43,cohort,89598931,,Harry Potter - J. K. Rowling,same,0,0,0,0,0,0,224,13,1,5,Not Rated,"Creator Chose Not To Use Archive Warnings, F/F, M/M",,English,29 Aug 2026,5.803571428571429,0.4464285714285714,7.6923076923076925
2026-09-08T21:34:43,cohort,68470686,,Harry Potter - J. K. Rowling,same,0,0,0,0,0,0,189,3,3,20,Teen And Up Audiences,"Graphic Depictions Of Violence, Major Character Death, No Archive Warnings Apply, F/F, F/M, Gen, M/M",,English,29 Aug 2026,1.5873015873015872,1.5873015873015872,100.0
2026-09-08T21:34:43,cohort,91610811,,Harry Potter - J. K. Rowling,same,0,0,0,0,0,0,105,4,3,1,Not Rated,"Creator Chose Not To Use Archive Warnings, No category",,English,30 Aug 2026,3.8095238095238098,2.857142857142857,75.0
2026-09-08T21:34:43,cohort,60501337,,Harry Potter - J. K. Rowling,same,0,0,0,0,0,0,377046,4989,5230,78,Mature,"Creator Chose Not To Use Archive Warnings, F/F, F/M, Gen, M/M",,English,29 Aug 2026,1.3231807259591668,1.3870986563973626,104.83062738023652
2026-09-08T21:34:43,cohort,67163845,,Harry Potter - J. K. Rowling,same,0,0,0,0,0,0,46652,1933,831,22,Mature,No Archive Warnings Apply,M/M,English,29 Aug 2026,4.14344508274029,1.7812741147217697,42.9901707190895
2026-09-08T21:34:43,cohort,12518908,,Harry Potter - J. K. Rowling,same,0,0,0,0,0,0,5790,119,4,7,Mature,"Graphic Depictions Of Violence, Major Character Death, Rape/Non-Con, Underage Sex",M/M,English,29 Aug 2026,2.0552677029360966,0.0690846286701209,3.361344537815126
2026-09-08T21:34:43,cohort,71906696,,Harry Potter - J. K. Rowling,same,0,0,0,0,0,0,13158,310,180,27,Explicit,Graphic Depictions Of Violence,M/M,English,29 Aug 2026,2.3559811521507825,1.3679890560875512,58.06451612903226
2026-09-08T21:34:43,cohort,91609816,,Harry Potter - J. K. Rowling,same,0,0,0,0,0,0,158,17,0,1,Mature,Creator Chose Not To Use Archive Warnings,Multi,English,29 Aug 2026,10.759493670886076,0.0,0.0
2026-09-08T21:34:43,cohort,91609761,,Harry Potter - J. K. Rowling,same,0,0,0,0,0,0,78,5,0,1,Not Rated,Creator Chose Not To Use Archive Warnings,F/F,English,29 Aug 2026,6.41025641025641,0.0,0.0
2026-09-08T21:34:43,cohort,91609651,,Harry Potter - J. K. Rowling,same,0,0,0,0,0,0,64,5,0,1,Not Rated,Creator Chose Not To Use Archive Warnings,F/F,English,29 Aug 2026,7.8125,0.0,0.0
2026-09-08T21:34:43,cohort,58640110,,Harry Potter - J. K. Rowling,same,0,0,0,0,0,0,30022,271,159,34,Mature,"Graphic Depictions Of Violence, Major Character Death, F/M, Multi",,English,29 Aug 2026,0.9026713743254946,0.5296116181466924,58.671586715867164
2026-09-08T21:34:43,cohort,54813601,,Harry Potter - J. K. Rowling,same,0,0,0,0,0,0,44748,1837,665,29,General Audiences,Graphic Depictions Of Violence,Gen,English,29 Aug 2026,4.105211406096362,1.4860999374273711,36.2003266194883
2026-09-08T21:34:43,cohort,64745452,,Harry Potter - J. K. Rowling,same,0,0,0,0,0,0,25910,568,207,47,Mature,"No Archive Warnings Apply, F/M, M/M",,English,29 Aug 2026,2.192203782323427,0.7989193361636435,36.443661971830984
2026-09-08T21:34:43,cohort,20624564,,Harry Potter - J. K. Rowling,same,0,0,0,0,0,0,8586,107,7,11,Not Rated,Creator Chose Not To Use Archive Warnings,F/M,English,29 Aug 2026,1.2462147682273468,0.0815280689494526,6.5420560747663545
2026-09-08T21:34:43,cohort,91608166,,Harry Potter - J. K. Rowling,same,0,0,0,0,0,0,479,60,12,1,Not Rated,Creator Chose Not To Use Archive Warnings,F/M,English,29 Aug 2026,12.526096033402922,2.5052192066805845,20.0
2026-09-08T21:34:43,cohort,90265771,,Harry Potter - J. K. Rowling,same,0,0,0,0,0,0,1230,93,1,8,Teen And Up Audiences,Creator Chose Not To Use Archive Warnings,M/M,English,29 Aug 2026,7.560975609756097,0.08130081300813008,1.0752688172043012
2026-09-08T21:34:43,cohort,89998616,,Harry Potter - J. K. Rowling,same,0,0,0,0,0,0,2119,182,12,12,Teen And Up Audiences,No Archive Warnings Apply,Gen,English,29 Aug 2026,8.588957055214724,0.5663048607833885,6.593406593406594
2026-09-08T21:34:43,cohort,91607831,,Harry Potter - J. K. Rowling,same,0,0,0,0,0,0,785,103,14,1,Explicit,No Archive Warnings Apply,M/M,English,29 Aug 2026,13.121019108280255,1.78343949044586,13.592233009708737
2026-09-08T21:34:43,cohort,90383251,,Harry Potter - J. K. Rowling,same,0,0,0,0,0,0,91,5,0,4,Mature,No Archive Warnings Apply,M/M,English,29 Aug 2026,5.4945054945054945,0.0,0.0
2026-09-08T21:34:43,cohort,63080722,,Harry Potter - J. K. Rowling,same,0,0,0,0,0,0,2309,111,14,34,Teen And Up Audiences,Graphic Depictions Of Violence,M/M,Deutsch,29 Aug 2026,4.807275877003032,0.606323083585968,12.612612612612612
2026-09-08T21:34:43,cohort,91605621,,Harry Potter - J. K. Rowling,same,0,0,0,0,0,0,77,10,4,1,Mature,"Creator Chose Not To Use Archive Warnings, Major Character Death",F/M,English,29 Aug 2026,12.987012987012985,5.194805194805195,40.0
2026-09-08T21:34:43,cohort,69925421,,Harry Potter - J. K. Rowling,same,0,0,0,0,0,0,35736,1093,310,27,Mature,"Creator Chose Not To Use Archive Warnings, Graphic Depictions Of Violence, M/M, Multi",,English,29 Aug 2026,3.058540407432281,0.8674725766733825,28.36230558096981
2026-09-08T21:34:43,cohort,49949899,,Harry Potter - J. K. Rowling,same,0,0,0,0,0,0,3952,246,46,11,Explicit,"Graphic Depictions Of Violence, M/M, Multi",,English,29 Aug 2026,6.224696356275303,1.1639676113360324,18.69918699186992
2026-09-08T21:34:43,cohort,89885571,,Harry Potter - J. K. Rowling,same,0,0,0,0,0,0,584,3,0,13,General Audiences,No Archive Warnings Apply,F/M,English,29 Aug 2026,0.5136986301369862,0.0,0.0
2026-09-08T21:34:43,cohort,57944425,,Harry Potter - J. K. Rowling,same,0,0,0,0,0,0,394267,1432,1567,380,Explicit,"Rape/Non-Con, Underage Sex",F/M,English,29 Aug 2026,0.36320564490560964,0.39744640053567765,109.42737430167597
2026-09-08T21:34:43,cohort,91606721,,Harry Potter - J. K. Rowling,same,0,0,0,0,0,0,140,0,0,1,Explicit,Graphic Depictions Of Violence,F/M,English,29 Aug 2026,0.0,0.0,0.0
2026-09-08T21:34:43,cohort,90926971,,Harry Potter - J. K. Rowling,same,0,0,0,0,0,0,1307,43,9,12,Mature,"No Archive Warnings Apply, F/F, F/M, Gen, Multi",,English,29 Aug 2026,3.2899770466717673,0.6885998469778117,20.930232558139537
2026-09-08T21:34:43,cohort,73672891,,Harry Potter - J. K. Rowling,same,0,0,0,0,0,0,9629,155,87,35,Mature,"Creator Chose Not To Use Archive Warnings, F/M, Multi",,English,29 Aug 2026,1.6097206355800187,0.9035206148094298,56.12903225806451
2026-09-08T21:34:43,cohort,82626861,,Harry Potter - J. K. Rowling,same,0,0,0,0,0,0,59931,1285,742,17,Explicit,No Archive Warnings Apply,F/M,English,29 Aug 2026,2.1441324189484576,1.2380904707079807,57.74319066147859
2026-09-08T21:34:43,cohort,91284276,,Harry Potter - J. K. Rowling,same,0,0,0,0,0,0,272,17,1,2,Mature,"Creator Chose Not To Use Archive Warnings, M/M, F/F, F/M",,English,29 Aug 2026,6.25,0.3676470588235294,5.88235294117647
2026-09-08T21:34:43,cohort,62530114,,Harry Potter - J. K. Rowling,same,0,0,0,0,0,0,51077,1300,376,35,Mature,"Creator Chose Not To Use Archive Warnings, F/M, M/M",,English,29 Aug 2026,2.545176889793841,0.7361434696634493,28.923076923076923
2026-09-08T21:34:43,cohort,62632429,,Harry Potter - J. K. Rowling,same,0,0,0,0,0,0,3484,111,26,18,Mature,Graphic Depictions Of Violence,F/M,English,29 Aug 2026,3.1859931113662454,0.7462686567164178,23.423423423423422
2026-09-08T21:34:43,cohort,91606071,,Harry Potter - J. K. Rowling,same,0,0,0,0,0,0,77,5,2,1,Not Rated,Major Character Death,M/M,English,29 Aug 2026,6.493506493506493,2.5974025974025974,40.0
2026-09-08T21:34:43,cohort,59238145,,Harry Potter - J. K. Rowling,same,0,0,0,0,0,0,425,12,2,12,General Audiences,No Archive Warnings Apply,F/M,English,29 Aug 2026,2.823529411764706,0.4705882352941176,16.666666666666664
2026-09-08T21:34:43,cohort,91605896,,Harry Potter - J. K. Rowling,same,0,0,0,0,0,0,313,29,3,1,Mature,"Creator Chose Not To Use Archive Warnings, F/M, M/M, Multi",,English,29 Aug 2026,9.26517571884984,0.9584664536741214,10.344827586206897
2026-09-08T21:34:43,cohort,80933031,,Harry Potter - J. K. Rowling,same,0,0,0,0,0,0,605,35,4,16,Teen And Up Audiences,No Archive Warnings Apply,Multi,English,29 Aug 2026,5.785123966942149,0.6611570247933884,11.428571428571429
2026-09-08T21:34:43,cohort,50979355,,Harry Potter - J. K. Rowling,same,0,0,0,0,0,0,6952,240,85,34,Mature,Creator Chose Not To Use Archive Warnings,M/M,Español,29 Aug 2026,3.452243958573072,1.2226697353279632,35.41666666666667
2026-09-08T21:34:43,cohort,88817891,,Harry Potter - J. K. Rowling,same,0,0,0,0,0,0,670,38,37,3,Mature,Creator Chose Not To Use Archive Warnings,M/M,English,29 Aug 2026,5.6716417910447765,5.522388059701493,97.36842105263158
2026-09-08T21:34:43,cohort,78019561,,Harry Potter - J. K. Rowling,same,0,0,0,0,0,0,692,28,8,5,Mature,Graphic Depictions Of Violence,Gen,English,29 Aug 2026,4.046242774566474,1.1560693641618496,28.57142857142857
2026-09-08T21:34:43,cohort,91581596,,Harry Potter - J. K. Rowling,same,0,0,0,0,0,0,61,6,2,1,Mature,"Creator Chose Not To Use Archive Warnings, F/F, F/M, M/M",,English,29 Aug 2026,9.836065573770492,3.278688524590164,33.33333333333333
2026-09-08T21:34:43,cohort,91605361,,Harry Potter - J. K. Rowling,same,0,0,0,0,0,0,71,2,0,1,Mature,"Rape/Non-Con, Underage Sex",F/M,中文-普通话 國語,29 Aug 2026,2.8169014084507045,0.0,0.0
2026-09-08T21:34:43,cohort,91602141,,Harry Potter - J. K. Rowling,same,0,0,0,0,0,0,71,2,0,13,Explicit,Creator Chose Not To Use Archive Warnings,F/M,Deutsch,29 Aug 2026,2.8169014084507045,0.0,0.0
2026-09-08T21:34:43,cohort,91605211,,Harry Potter - J. K. Rowling,same,0,0,0,0,0,0,323,8,2,1,Explicit,No Archive Warnings Apply,M/M,Русский,29 Aug 2026,2.476780185758514,0.6191950464396285,25.0
2026-09-08T21:34:43,cohort,91595776,,Harry Potter - J. K. Rowling,same,0,0,0,0,0,0,51,1,1,3,General Audiences,No Archive Warnings Apply,M/M,Deutsch,29 Aug 2026,1.9607843137254901,1.9607843137254901,100.0
2026-09-08T21:34:43,cohort,89331266,,Harry Potter - J. K. Rowling,same,0,0,0,0,0,0,473,18,4,7,Mature,"Graphic Depictions Of Violence, Major Character Death",Gen,English,29 Aug 2026,3.8054968287526427,0.8456659619450317,22.22222222222222
2026-09-08T21:34:43,cohort,73734951,,Harry Potter - J. K. Rowling,same,0,0,0,0,0,0,3291,57,19,4,Explicit,Creator Chose Not To Use Archive Warnings,F/F,English,29 Aug 2026,1.7319963536918872,0.5773321178972957,33.33333333333333
2026-09-08T21:34:43,cohort,74875261,,Harry Potter - J. K. Rowling,same,0,0,0,0,0,0,2101,99,27,10,Not Rated,Creator Chose Not To Use Archive Warnings,F/M,English,29 Aug 2026,4.712041884816754,1.285102332222751,27.27272727272727
2026-09-08T21:34:43,cohort,91604521,,Harry Potter - J. K. Rowling,same,0,0,0,0,0,0,480,47,5,1,Mature,Creator Chose Not To Use Archive Warnings,M/M,English,29 Aug 2026,9.791666666666666,1.0416666666666665,10.638297872340425
2026-09-08T21:34:43,cohort,69550636,,Harry Potter - J. K. Rowling,same,0,0,0,0,0,0,2902,53,24,27,Mature,"Graphic Depictions Of Violence, Major Character Death, F/F, F/M, M/M, Other",,English,29 Aug 2026,1.826326671261199,0.8270158511371467,45.28301886792453
2026-09-08T21:34:43,cohort,91604051,,Harry Potter - J. K. Rowling,same,0,0,0,0,0,0,141,4,0,11,General Audiences,Creator Chose Not To Use Archive Warnings,M/M,Español,29 Aug 2026,2.8368794326241136,0.0,0.0
2026-09-08T21:34:43,cohort,73461071,,Harry Potter - J. K. Rowling,same,0,0,0,0,0,0,4795,88,33,19,General Audiences,"Creator Chose Not To Use Archive Warnings, Graphic Depictions Of Violence, F/M, Other",,English,29 Aug 2026,1.835245046923879,0.6882168925964547,37.5
2026-09-08T21:34:43,cohort,91202091,,Harry Potter - J. K. Rowling,same,0,0,0,0,0,0,3262,431,131,2,Explicit,No Archive Warnings Apply,F/M,English,29 Aug 2026,13.212752912323728,4.015941140404659,30.39443155452436
2026-09-08T21:34:43,cohort,91603921,,Harry Potter - J. K. Rowling,same,0,0,0,0,0,0,735,69,2,1,Teen And Up Audiences,No Archive Warnings Apply,M/M,English,29 Aug 2026,9.387755102040817,0.27210884353741494,2.898550724637681
2026-09-08T21:34:43,cohort,91603166,,Harry Potter - J. K. Rowling,same,0,0,0,0,0,0,441,10,2,1,Explicit,Creator Chose Not To Use Archive Warnings,F/M,English,29 Aug 2026,2.2675736961451247,0.45351473922902497,20.0
2026-09-08T21:34:43,cohort,66943846,,Harry Potter - J. K. Rowling,same,0,0,0,0,0,0,1570,23,11,44,Teen And Up Audiences,"Creator Chose Not To Use Archive Warnings, Graphic Depictions Of Violence, Major Character Death, F/M, M/M",,English,29 Aug 2026,1.4649681528662422,0.7006369426751593,47.82608695652174
2026-09-08T21:34:43,cohort,91603491,,Harry Potter - J. K. Rowling,same,0,0,0,0,0,0,662,23,0,1,Explicit,Creator Chose Not To Use Archive Warnings,F/M,English,29 Aug 2026,3.474320241691843,0.0,0.0
2026-09-08T21:34:43,cohort,66534703,,Harry Potter - J. K. Rowling,same,0,0,0,0,0,0,132,9,3,2,Teen And Up Audiences,Creator Chose Not To Use Archive Warnings,Gen,English,29 Aug 2026,6.8181818181818175,2.272727272727273,33.33333333333333
2026-09-08T21:34:43,cohort,58233019,,Harry Potter - J. K. Rowling,same,0,0,0,0,0,0,2748,10,4,113,Mature,"Graphic Depictions Of Violence, Rape/Non-Con, F/F, M/M, Other, Multi",,English,29 Aug 2026,0.363901018922853,0.1455604075691412,40.0
2026-09-08T21:34:43,cohort,22022296,,Harry Potter - J. K. Rowling,same,0,0,0,0,0,0,273617,3929,2468,82,Mature,"Graphic Depictions Of Violence, Major Character Death",Gen,English,29 Aug 2026,1.4359487897316323,0.9019907388795286,62.814965640111986
2026-09-08T21:34:43,cohort,90529276,,Harry Potter - J. K. Rowling,same,0,0,0,0,0,0,408,36,5,2,General Audiences,No Archive Warnings Apply,M/M,English,29 Aug 2026,8.823529411764707,1.2254901960784315,13.88888888888889
2026-09-08T21:34:43,cohort,91602221,,Harry Potter - J. K. Rowling,same,0,0,0,0,0,0,66,4,0,1,Teen And Up Audiences,No Archive Warnings Apply,M/M,English,29 Aug 2026,6.0606060606060606,0.0,0.0
2026-09-08T21:34:43,cohort,58943287,,Harry Potter - J. K. Rowling,same,0,0,0,0,0,0,2663,83,33,16,Explicit,Creator Chose Not To Use Archive Warnings,F/M,English,29 Aug 2026,3.1167855801727375,1.2392039053698836,39.75903614457831
2026-09-08T21:34:43,cohort,53811349,,Harry Potter - J. K. Rowling,same,0,0,0,0,0,0,25126,814,96,16,Explicit,Creator Chose Not To Use Archive Warnings,M/M,English,29 Aug 2026,3.2396720528536176,0.3820743452996896,11.793611793611793
2026-09-08T21:34:43,cohort,18454751,,Harry Potter - J. K. Rowling,same,0,0,0,0,0,0,76659,1841,948,21,Mature,"Graphic Depictions Of Violence, Major Character Death, Rape/Non-Con, F/M, Gen, M/M",,English,29 Aug 2026,2.4015445022763147,1.236645403670802,51.493753394894085
2026-09-08T21:34:43,cohort,66525487,,Harry Potter - J. K. Rowling,same,0,0,0,0,0,0,35774,1469,751,28,Teen And Up Audiences,Creator Chose Not To Use Archive Warnings,Gen,English,29 Aug 2026,4.106334209202213,2.0992899871414994,51.123213070115725
2026-09-08T21:34:43,cohort,43368142,,Harry Potter - J. K. Rowling,same,0,0,0,0,0,0,402399,13173,323,3,Explicit,No Archive Warnings Apply,M/M,English,29 Aug 2026,3.27361648513043,0.08026858913665293,2.451985121080999
2026-09-08T21:34:43,cohort,72489351,,Harry Potter - J. K. Rowling,same,0,0,0,0,0,0,2479,168,52,6,Not Rated,"Creator Chose Not To Use Archive Warnings, Other, F/M, M/M",,English,29 Aug 2026,6.776926179911255,2.0976200080677696,30.952380952380953
2026-09-08T21:34:43,cohort,91601466,,Harry Potter - J. K. Rowling,same,0,0,0,0,0,0,338,54,14,1,Explicit,No Archive Warnings Apply,M/M,Русский,29 Aug 2026,15.976331360946746,4.142011834319527,25.925925925925924
2026-09-08T21:34:43,cohort,89045621,,Harry Potter - J. K. Rowling,same,0,0,0,0,0,0,1454,26,13,17,Mature,Graphic Depictions Of Violence,Multi,English,29 Aug 2026,1.7881705639614855,0.8940852819807428,50.0
2026-09-08T21:34:43,cohort,91288976,,Harry Potter - J. K. Rowling,same,0,0,0,0,0,0,1668,95,10,2,Explicit,No Archive Warnings Apply,F/M,English,29 Aug 2026,5.695443645083933,0.5995203836930456,10.526315789473683
2026-09-08T21:34:43,cohort,91599406,,Harry Potter - J. K. Rowling,same,0,0,0,0,0,0,188,16,0,1,Explicit,Creator Chose Not To Use Archive Warnings,M/M,English,29 Aug 2026,8.51063829787234,0.0,0.0
2026-09-08T21:34:43,cohort,70193156,,Harry Potter - J. K. Rowling,same,0,0,0,0,0,0,185346,3010,3417,66,Explicit,"Graphic Depictions Of Violence, Major Character Death",F/M,English,29 Aug 2026,1.6239897273207946,1.8435790359651678,113.52159468438539
2026-09-08T21:34:43,cohort,91600581,,Harry Potter - J. K. Rowling,same,0,0,0,0,0,0,89,3,0,1,General Audiences,No Archive Warnings Apply,Gen,English,29 Aug 2026,3.3707865168539324,0.0,0.0
2026-09-08T21:34:43,cohort,91598796,,Harry Potter - J. K. Rowling,same,0,0,0,0,0,0,330,34,14,5,Mature,Creator Chose Not To Use Archive Warnings,Gen,English,29 Aug 2026,10.303030303030303,4.242424242424243,41.17647058823529
2026-09-08T21:34:43,cohort,91558591,,Harry Potter - J. K. Rowling,same,0,0,0,0,0,0,565,87,10,1,General Audiences,No Archive Warnings Apply,M/M,English,29 Aug 2026,15.398230088495577,1.7699115044247788,11.494252873563218
2026-09-08T21:34:43,cohort,66275386,,Harry Potter - J. K. Rowling,same,0,0,0,0,0,0,50577,897,1286,56,Explicit,No Archive Warnings Apply,F/M,English,29 Aug 2026,1.7735334242837655,2.5426577297981297,143.36677814938685
2026-09-08T21:34:43,cohort,87453676,,Harry Potter - J. K. Rowling,same,0,0,0,0,0,0,1507,216,66,6,Teen And Up Audiences,No Archive Warnings Apply,M/M,English,29 Aug 2026,14.333112143331123,4.37956204379562,30.555555555555557
2026-09-08T21:34:43,cohort,77120716,,Harry Potter - J. K. Rowling,same,0,0,0,0,0,0,3881,113,30,22,Explicit,"Creator Chose Not To Use Archive Warnings, F/F, F/M, M/M",,English,29 Aug 2026,2.9116207163102295,0.7729966503478485,26.548672566371685
2026-09-08T21:34:43,cohort,80559176,,Harry Potter - J. K. Rowling,same,0,0,0,0,0,0,36343,737,1188,146,Teen And Up Audiences,"No Archive Warnings Apply, Creator Chose Not To Use Archive Warnings, Gen, F/M",,English,29 Aug 2026,2.027900833723138,3.2688550752552072,161.19402985074626
2026-09-08T21:34:43,cohort,89703601,,Harry Potter - J. K. Rowling,same,0,0,0,0,0,0,10676,144,17,13,Explicit,"Creator Chose Not To Use Archive Warnings, Multi, F/F, F/M, M/M",,English,29 Aug 2026,1.348819782690146,0.15923566878980894,11.805555555555555
2026-09-08T21:34:43,cohort,88687026,,Harry Potter - J. K. Rowling,same,0,0,0,0,0,0,715,30,3,12,Not Rated,Major Character Death,Multi,English,29 Aug 2026,4.195804195804196,0.4195804195804196,10.0
2026-09-08T21:34:43,cohort,83534546,,Harry Potter - J. K. Rowling,same,0,0,0,0,0,0,9701,430,69,6,Explicit,Underage Sex,M/M,English,29 Aug 2026,4.4325327285846825,0.7112668797031233,16.046511627906977
2026-09-08T21:34:43,cohort,89346786,,Harry Potter - J. K. Rowling,same,0,0,0,0,0,0,2888,121,27,4,Explicit,No Archive Warnings Apply,F/M,English,29 Aug 2026,4.189750692520776,0.9349030470914127,22.31404958677686
2026-09-08T21:34:43,cohort,87429126,,Harry Potter - J. K. Rowling,same,0,0,0,0,0,0,1917,21,7,7,Mature,Creator Chose Not To Use Archive Warnings,Gen,English,29 Aug 2026,1.0954616588419406,0.3651538862806468,33.33333333333333
2026-09-08T21:34:43,cohort,68922831,,Harry Potter - J. K. Rowling,same,0,0,0,0,0,0,27876,587,104,25,Explicit,No Archive Warnings Apply,F/M,English,29 Aug 2026,2.1057540536662365,0.37308078633950353,17.717206132879046
2026-09-08T21:34:43,cohort,87564796,,Harry Potter - J. K. Rowling,same,0,0,0,0,0,0,225,8,1,20,Teen And Up Audiences,Creator Chose Not To Use Archive Warnings,F/M,English,29 Aug 2026,3.5555555555555554,0.4444444444444444,12.5
2026-09-08T21:34:43,cohort,80705391,,Harry Potter - J. K. Rowling,same,0,0,0,0,0,0,1008,24,68,14,Explicit,"Graphic Depictions Of Violence, Rape/Non-Con, Underage Sex, Major Character Death, M/M, F/F, F/M, Other",,English,29 Aug 2026,2.380952380952381,6.746031746031746,283.33333333333337
2026-09-08T21:34:43,cohort,89403311,,Harry Potter - J. K. Rowling,same,0,0,0,0,0,0,371,34,13,5,Not Rated,Graphic Depictions Of Violence,Gen,English,29 Aug 2026,9.164420485175203,3.5040431266846364,38.23529411764706
2026-09-08T21:34:43,cohort,86846776,,Harry Potter - J. K. Rowling,same,0,0,0,0,0,0,576,26,12,9,Explicit,"Creator Chose Not To Use Archive Warnings, Graphic Depictions Of Violence, F/M, Multi",,English,29 Aug 2026,4.513888888888888,2.083333333333333,46.15384615384615
2026-09-08T21:34:43,cohort,91598211,,Harry Potter - J. K. Rowling,same,0,0,0,0,0,0,84,2,2,1,Not Rated,Creator Chose Not To Use Archive Warnings,M/M,Deutsch,29 Aug 2026,2.380952380952381,2.380952380952381,100.0
2026-09-08T21:34:43,cohort,86577401,,Harry Potter - J. K. Rowling,same,0,0,0,0,0,0,179,6,0,9,General Audiences,"Graphic Depictions Of Violence, Major Character Death",F/M,English,29 Aug 2026,3.35195530726257,0.0,0.0
2026-09-08T21:34:43,cohort,85676601,,Harry Potter - J. K. Rowling,same,0,0,0,0,0,0,1718,54,11,14,Mature,"Graphic Depictions Of Violence, Major Character Death, Rape/Non-Con",F/M,English,29 Aug 2026,3.143189755529686,0.6402793946449359,20.37037037037037
2026-09-08T21:34:43,cohort,79812691,,Harry Potter - J. K. Rowling,same,0,0,0,0,0,0,17965,685,220,15,Not Rated,Graphic Depictions Of Violence,Gen,English,29 Aug 2026,3.812969663234066,1.224603395491233,32.11678832116788
2026-09-08T21:34:43,cohort,91597866,,Harry Potter - J. K. Rowling,same,0,0,0,0,0,0,132,9,0,1,General Audiences,Creator Chose Not To Use Archive Warnings,M/M,English,29 Aug 2026,6.8181818181818175,0.0,0.0
2026-09-08T21:34:43,cohort,91597501,,Harry Potter - J. K. Rowling,same,0,0,0,0,0,0,72,11,1,1,General Audiences,No Archive Warnings Apply,Gen,English,29 Aug 2026,15.277777777777779,1.3888888888888888,9.090909090909092
2026-09-08T21:34:43,cohort,91356011,,Harry Potter - J. K. Rowling,same,0,0,0,0,0,0,80,2,0,5,Mature,No Archive Warnings Apply,F/M,English,29 Aug 2026,2.5,0.0,0.0
2026-09-08T21:34:43,cohort,89553866,,Harry Potter - J. K. Rowling,same,0,0,0,0,0,0,1742,59,14,10,Mature,Graphic Depictions Of Violence,Gen,English,29 Aug 2026,3.38691159586682,0.8036739380022963,23.728813559322035
2026-09-08T21:34:43,cohort,82095286,,Harry Potter - J. K. Rowling,same,0,0,0,0,0,0,8235,191,250,16,Explicit,"Creator Chose Not To Use Archive Warnings, Major Character Death",F/M,English,29 Aug 2026,2.3193685488767457,3.0358227079538556,130.89005235602093
2026-09-08T21:34:43,cohort,91593171,,Harry Potter - J. K. Rowling,same,0,0,0,0,0,0,496,29,2,8,Not Rated,"Creator Chose Not To Use Archive Warnings, F/M, M/M",,English,29 Aug 2026,5.846774193548387,0.4032258064516129,6.896551724137931
2026-09-08T21:34:43,cohort,16375733,,Harry Potter - J. K. Rowling,same,0,0,0,0,0,0,84697,1349,1158,48,Teen And Up Audiences,"No Archive Warnings Apply, Gen, F/M, M/M",,English,29 Aug 2026,1.592736460559406,1.3672267022444715,85.84136397331356
2026-09-08T21:34:43,cohort,90208966,,Harry Potter - J. K. Rowling,same,0,0,0,0,0,0,85,6,2,3,Teen And Up Audiences,Creator Chose Not To Use Archive Warnings,M/M,English,29 Aug 2026,7.0588235294117645,2.3529411764705883,33.33333333333333
2026-09-08T21:34:43,cohort,68946551,,Harry Potter - J. K. Rowling,same,0,0,0,0,0,0,18544,268,857,30,Explicit,Creator Chose Not To Use Archive Warnings,F/M,English,29 Aug 2026,1.4452113891285592,4.6214408973252805,319.77611940298505
2026-09-08T21:34:43,cohort,90467996,,Harry Potter - J. K. Rowling,same,0,0,0,0,0,0,1618,15,2,4,Explicit,Creator Chose Not To Use Archive Warnings,F/M,English,29 Aug 2026,0.9270704573547589,0.12360939431396785,13.333333333333334
2026-09-08T21:34:43,cohort,88628216,,Harry Potter - J. K. Rowling,same,0,0,0,0,0,0,296,31,14,17,Not Rated,Creator Chose Not To Use Archive Warnings,F/M,English,29 Aug 2026,10.472972972972974,4.72972972972973,45.16129032258064
2026-09-08T21:34:43,cohort,88977631,,Harry Potter - J. K. Rowling,same,0,0,0,0,0,0,230,15,2,3,Teen And Up Audiences,Creator Chose Not To Use Archive Warnings,F/M,English,29 Aug 2026,6.521739130434782,0.8695652173913043,13.333333333333334
2026-09-08T21:34:43,cohort,87877621,,Harry Potter - J. K. Rowling,same,0,0,0,0,0,0,2088,56,4,10,General Audiences,"Creator Chose Not To Use Archive Warnings, No category",,English,29 Aug 2026,2.681992337164751,0.19157088122605362,7.142857142857142
2026-09-08T21:34:43,cohort,91578836,,Harry Potter - J. K. Rowling,same,0,0,0,0,0,0,78,4,3,6,Teen And Up Audiences,Creator Chose Not To Use Archive Warnings,Gen,English,29 Aug 2026,5.128205128205128,3.8461538461538463,75.0
2026-09-08T21:34:43,cohort,68430836,,Harry Potter - J. K. Rowling,same,0,0,0,0,0,0,8824,214,55,13,Explicit,Underage Sex,M/M,English,29 Aug 2026,2.4252039891205803,0.6233000906618315,25.70093457943925
2026-09-08T21:34:43,cohort,76464551,,Harry Potter - J. K. Rowling,same,0,0,0,0,0,0,3081,95,17,12,General Audiences,Creator Chose Not To Use Archive Warnings,F/M,English,29 Aug 2026,3.083414475819539,0.551768906199286,17.894736842105264
2026-09-08T21:34:43,cohort,91594956,,Harry Potter - J. K. Rowling,same,0,0,0,0,0,0,191,36,15,1,General Audiences,Major Character Death,M/M,English,29 Aug 2026,18.848167539267017,7.853403141361256,41.66666666666667
2026-09-08T21:34:43,cohort,78288406,,Harry Potter - J. K. Rowling,same,0,0,0,0,0,0,133873,4423,1010,23,Explicit,Creator Chose Not To Use Archive Warnings,M/M,English,29 Aug 2026,3.3038775555937345,0.7544463782838959,22.835179742256386
2026-09-08T21:34:43,cohort,86238936,,Harry Potter - J. K. Rowling,same,0,0,0,0,0,0,878,88,1,2,Teen And Up Audiences,Creator Chose Not To Use Archive Warnings,Gen,English,29 Aug 2026,10.022779043280181,0.11389521640091116,1.1363636363636365
2026-09-08T21:34:43,cohort,61701064,,Harry Potter - J. K. Rowling,same,0,0,0,0,0,0,5912,200,191,52,Mature,Creator Chose Not To Use Archive Warnings,F/M,English,29 Aug 2026,3.3829499323410013,3.2307171853856564,95.5
2026-09-08T21:34:43,cohort,86665076,,Harry Potter - J. K. Rowling,same,0,0,0,0,0,0,7103,288,94,19,Mature,Creator Chose Not To Use Archive Warnings,F/M,English,29 Aug 2026,4.054624806419822,1.323384485428692,32.63888888888889
2026-09-08T21:34:43,cohort,53242312,,Harry Potter - J. K. Rowling,same,0,0,0,0,0,0,399,18,2,4,Not Rated,Creator Chose Not To Use Archive Warnings,M/M,English,29 Aug 2026,4.511278195488721,0.5012531328320802,11.11111111111111
2026-09-08T21:34:43,cohort,90557631,,Harry Potter - J. K. Rowling,same,0,0,0,0,0,0,885,70,8,2,Mature,"Creator Chose Not To Use Archive Warnings, No category",,English,29 Aug 2026,7.909604519774012,0.903954802259887,11.428571428571429
2026-09-08T21:34:43,cohort,91589921,,Harry Potter - J. K. Rowling,same,0,0,0,0,0,0,158,24,6,1,Explicit,No Archive Warnings Apply,M/M,Русский,29 Aug 2026,15.18987341772152,3.79746835443038,25.0
2026-09-08T21:34:43,cohort,91590011,,Harry Potter - J. K. Rowling,same,0,0,0,0,0,0,188,26,8,1,Explicit,No Archive Warnings Apply,M/M,Русский,29 Aug 2026,13.829787234042554,4.25531914893617,30.76923076923077
2026-09-08T21:34:43,cohort,91590496,,Harry Potter - J. K. Rowling,same,0,0,0,0,0,0,282,31,8,1,Explicit,Creator Chose Not To Use Archive Warnings,M/M,Русский,29 Aug 2026,10.99290780141844,2.8368794326241136,25.806451612903224
2026-09-08T21:34:43,cohort,81918081,,Harry Potter - J. K. Rowling,same,0,0,0,0,0,0,510,8,3,13,Mature,Creator Chose Not To Use Archive Warnings,Gen,English,29 Aug 2026,1.5686274509803921,0.5882352941176471,37.5
2026-09-08T21:34:43,cohort,91591271,,Harry Potter - J. K. Rowling,same,0,0,0,0,0,0,222,29,6,1,Mature,No Archive Warnings Apply,M/M,Русский,29 Aug 2026,13.063063063063062,2.7027027027027026,20.689655172413794
2026-09-08T21:34:43,cohort,91590216,,Harry Potter - J. K. Rowling,same,0,0,0,0,0,0,257,31,8,1,Explicit,Creator Chose Not To Use Archive Warnings,M/M,Русский,29 Aug 2026,12.062256809338521,3.11284046692607,25.806451612903224
2026-09-08T21:34:43,cohort,91592661,,Harry Potter - J. K. Rowling,same,0,0,0,0,0,0,236,31,8,1,Explicit,No Archive Warnings Apply,M/M,Русский,29 Aug 2026,13.135593220338984,3.389830508474576,25.806451612903224
2026-09-08T21:34:43,cohort,91592791,,Harry Potter - J. K. Rowling,same,0,0,0,0,0,0,172,26,12,1,Explicit,Creator Chose Not To Use Archive Warnings,M/M,Русский,29 Aug 2026,15.11627906976744,6.976744186046512,46.15384615384615
2026-09-08T21:34:43,cohort,91590136,,Harry Potter - J. K. Rowling,same,0,0,0,0,0,0,239,25,4,1,Explicit,Rape/Non-Con,M/M,Русский,29 Aug 2026,10.460251046025103,1.6736401673640167,16.0
2026-09-08T21:34:43,cohort,91593026,,Harry Potter - J. K. Rowling,same,0,0,0,0,0,0,195,18,6,1,Explicit,"Creator Chose Not To Use Archive Warnings, F/M, M/M, Multi",,Русский,29 Aug 2026,9.230769230769232,3.076923076923077,33.33333333333333
2026-09-08T21:34:43,cohort,91590346,,Harry Potter - J. K. Rowling,same,0,0,0,0,0,0,203,23,2,1,Explicit,Underage Sex,M/M,Русский,29 Aug 2026,11.330049261083744,0.9852216748768473,8.695652173913043
2026-09-08T21:34:43,cohort,91593161,,Harry Potter - J. K. Rowling,same,0,0,0,0,0,0,170,27,8,1,Explicit,No Archive Warnings Apply,M/M,Русский,29 Aug 2026,15.88235294117647,4.705882352941177,29.629629629629626
2026-09-08T21:34:43,cohort,91593226,,Harry Potter - J. K. Rowling,same,0,0,0,0,0,0,181,31,8,1,Explicit,No Archive Warnings Apply,M/M,Русский,29 Aug 2026,17.12707182320442,4.41988950276243,25.806451612903224
2026-09-08T21:34:43,cohort,89784026,,Harry Potter - J. K. Rowling,same,0,0,0,0,0,0,634,25,2,1,General Audiences,"Graphic Depictions Of Violence, No Archive Warnings Apply, M/M, F/F, F/M, Other",,English,29 Aug 2026,3.943217665615142,0.31545741324921134,8.0
2026-09-08T21:34:43,cohort,88004296,,Harry Potter - J. K. Rowling,same,0,0,0,0,0,0,157,2,7,12,General Audiences,Creator Chose Not To Use Archive Warnings,Multi,English,29 Aug 2026,1.2738853503184715,4.45859872611465,350.0
2026-09-08T21:34:43,cohort,91592091,,Harry Potter - J. K. Rowling,same,0,0,0,0,0,0,239,19,7,1,Teen And Up Audiences,Creator Chose Not To Use Archive Warnings,M/M,English,29 Aug 2026,7.949790794979079,2.928870292887029,36.84210526315789
2026-09-08T21:34:43,cohort,78447266,,Harry Potter - J. K. Rowling,same,0,0,0,0,0,0,2059,44,43,18,Teen And Up Audiences,"No Archive Warnings Apply, F/M, Gen",,English,29 Aug 2026,2.1369596891694997,2.0883924235065567,97.72727272727273
2026-09-08T21:34:43,cohort,85538431,,Harry Potter - J. K. Rowling,same,0,0,0,0,0,0,764,23,2,14,Mature,Creator Chose Not To Use Archive Warnings,F/M,English,29 Aug 2026,3.0104712041884816,0.2617801047120419,8.695652173913043
2026-09-08T21:34:43,cohort,22221814,,Harry Potter - J. K. Rowling,same,0,0,0,0,0,0,1628169,4384,912,624,Explicit,"No Archive Warnings Apply, F/M, F/F, Multi",,English,29 Aug 2026,0.26925951790016883,0.056013841314998626,20.802919708029197
2026-09-08T21:34:43,cohort,71113021,,Harry Potter - J. K. Rowling,same,0,0,0,0,0,0,158,1,0,4,Teen And Up Audiences,"Creator Chose Not To Use Archive Warnings, F/F, F/M, Gen, M/M",,English,29 Aug 2026,0.6329113924050633,0.0,0.0
2026-09-08T21:34:43,cohort,26712403,,Harry Potter - J. K. Rowling,same,0,0,0,0,0,0,157288,2680,2982,94,Not Rated,Creator Chose Not To Use Archive Warnings,F/M,English,29 Aug 2026,1.7038807792075683,1.8958852550734955,111.26865671641791
2026-09-08T21:34:43,cohort,73454536,,Harry Potter - J. K. Rowling,same,0,0,0,0,0,0,4427,137,47,5,Mature,"No Archive Warnings Apply, F/M, Gen",,English,29 Aug 2026,3.0946464874632937,1.0616670431443416,34.306569343065696
2026-09-08T21:34:43,cohort,86299026,,Harry Potter - J. K. Rowling,same,0,0,0,0,0,0,82,1,0,11,General Audiences,Major Character Death,Multi,English,29 Aug 2026,1.2195121951219512,0.0,0.0
2026-09-08T21:34:43,cohort,91569581,,Harry Potter - J. K. Rowling,same,0,0,0,0,0,0,288,14,1,2,General Audiences,Creator Chose Not To Use Archive Warnings,F/M,English,29 Aug 2026,4.861111111111112,0.3472222222222222,7.142857142857142
2026-09-08T21:34:43,cohort,75948681,,Harry Potter - J. K. Rowling,same,0,0,0,0,0,0,175,10,4,2,Mature,Graphic Depictions Of Violence,M/M,English,29 Aug 2026,5.714285714285714,2.2857142857142856,40.0
2026-09-08T21:34:43,cohort,55806601,,Harry Potter - J. K. Rowling,same,0,0,0,0,0,0,16465,1093,149,19,Teen And Up Audiences,"Creator Chose Not To Use Archive Warnings, No Archive Warnings Apply, Gen, M/M",,English,29 Aug 2026,6.638323716975403,0.9049498937139386,13.632204940530649
2026-09-08T21:34:43,cohort,91590211,,Harry Potter - J. K. Rowling,same,0,0,0,0,0,0,2567,79,1,1,Explicit,Underage Sex,F/M,English,29 Aug 2026,3.0775223996883523,0.038955979742890535,1.2658227848101267
2026-09-08T21:34:43,cohort,90063296,,Harry Potter - J. K. Rowling,same,0,0,0,0,0,0,5670,358,37,4,Explicit,Creator Chose Not To Use Archive Warnings,M/M,English,29 Aug 2026,6.313932980599647,0.652557319223986,10.335195530726256
2026-09-08T21:34:43,cohort,89336856,,Harry Potter - J. K. Rowling,same,0,0,0,0,0,0,8293,165,123,6,Explicit,"Graphic Depictions Of Violence, Major Character Death, Rape/Non-Con, F/M, Gen, Other",,English,29 Aug 2026,1.9896298082720365,1.4831785843482457,74.54545454545455
2026-09-08T21:34:43,cohort,52992439,,Harry Potter - J. K. Rowling,same,0,0,0,0,0,0,10645,155,190,23,Teen And Up Audiences,No Archive Warnings Apply,F/M,English,29 Aug 2026,1.456082667919211,1.7848755284170972,122.58064516129032
2026-09-08T21:34:43,cohort,87355026,,Harry Potter - J. K. Rowling,same,0,0,0,0,0,0,813,44,12,7,Mature,"Creator Chose Not To Use Archive Warnings, F/M, M/M",,English,29 Aug 2026,5.412054120541206,1.4760147601476015,27.27272727272727
2026-09-08T21:34:43,cohort,68303326,,Harry Potter - J. K. Rowling,same,0,0,0,0,0,0,6748,219,56,24,Not Rated,Creator Chose Not To Use Archive Warnings,F/M,English,29 Aug 2026,3.245406046235922,0.8298755186721992,25.570776255707763
2026-09-08T21:34:43,cohort,71504316,,Harry Potter - J. K. Rowling,same,0,0,0,0,0,0,8498,241,360,40,Mature,"Creator Chose Not To Use Archive Warnings, F/M, Gen, M/M",,English,29 Aug 2026,2.835961402682984,4.2362908919745825,149.37759336099586
2026-09-08T21:34:43,cohort,72717156,,Harry Potter - J. K. Rowling,same,0,0,0,0,0,0,26782,650,315,25,Explicit,Rape/Non-Con,F/M,English,29 Aug 2026,2.427003211111941,1.1761630946157868,48.46153846153846
2026-09-08T21:34:43,cohort,91585961,,Harry Potter - J. K. Rowling,same,0,0,0,0,0,0,89,4,2,1,Explicit,Creator Chose Not To Use Archive Warnings,M/M,Русский,29 Aug 2026,4.49438202247191,2.247191011235955,50.0
2026-09-08T21:34:43,cohort,68701461,,Harry Potter - J. K. Rowling,same,0,0,0,0,0,0,1960,62,34,19,Teen And Up Audiences,No Archive Warnings Apply,Gen,English,29 Aug 2026,3.1632653061224487,1.7346938775510203,54.83870967741935
2026-09-08T21:34:43,cohort,51756403,,Harry Potter - J. K. Rowling,same,0,0,0,0,0,0,5064,157,48,5,Not Rated,"Creator Chose Not To Use Archive Warnings, Gen, F/M, M/M",,English,29 Aug 2026,3.1003159557661926,0.9478672985781991,30.573248407643312
2026-09-08T21:34:43,cohort,84568626,,Harry Potter - J. K. Rowling,same,0,0,0,0,0,0,1866,36,5,37,Mature,No Archive Warnings Apply,M/M,English,29 Aug 2026,1.929260450160772,0.2679528403001072,13.88888888888889
2026-09-08T21:34:43,cohort,82384276,,Harry Potter - J. K. Rowling,same,0,0,0,0,0,0,1552,74,15,6,General Audiences,"Graphic Depictions Of Violence, F/M, M/M",,English,29 Aug 2026,4.768041237113402,0.9664948453608248,20.27027027027027
2026-09-08T21:34:43,cohort,80313331,,Harry Potter - J. K. Rowling,same,0,0,0,0,0,0,825,30,15,4,Explicit,"Creator Chose Not To Use Archive Warnings, F/F, F/M, M/M",,English,29 Aug 2026,3.6363636363636362,1.8181818181818181,50.0
2026-09-08T21:34:43,cohort,64250389,,Harry Potter - J. K. Rowling,same,0,0,0,0,0,0,54,3,2,2,Not Rated,Creator Chose Not To Use Archive Warnings,F/M,English,29 Aug 2026,5.555555555555555,3.7037037037037033,66.66666666666666
2026-09-08T21:34:43,cohort,59567359,,Harry Potter - J. K. Rowling,same,0,0,0,0,0,0,33024,810,683,18,Explicit,Graphic Depictions Of Violence,F/M,English,30 Aug 2026,2.4527616279069764,2.0681928294573644,84.32098765432099
2026-09-08T21:34:43,cohort,85197466,,Harry Potter - J. K. Rowling,same,0,0,0,0,0,0,2411,120,37,5,Explicit,Creator Chose Not To Use Archive Warnings,F/M,中文-普通话 國語,29 Aug 2026,4.977187888842804,1.534632932393198,30.833333333333336
2026-09-08T21:34:43,cohort,91584626,,Harry Potter - J. K. Rowling,same,0,0,0,0,0,0,78,4,0,1,Explicit,Creator Chose Not To Use Archive Warnings,F/M,中文-普通话 國語,29 Aug 2026,5.128205128205128,0.0,0.0
2026-09-08T21:34:43,cohort,85771316,,Harry Potter - J. K. Rowling,same,0,0,0,0,0,0,1939,88,185,7,Explicit,Graphic Depictions Of Violence,M/M,English,29 Aug 2026,4.5384218669417224,9.541000515729756,210.22727272727272
2026-09-08T21:34:43,cohort,88436711,,Harry Potter - J. K. Rowling,same,0,0,0,0,0,0,1383,81,24,7,Teen And Up Audiences,Graphic Depictions Of Violence,Gen,English,29 Aug 2026,5.856832971800434,1.735357917570499,29.629629629629626
2026-09-08T21:34:43,cohort,90499531,,Harry Potter - J. K. Rowling,same,0,0,0,0,0,0,1944,49,8,14,Explicit,Creator Chose Not To Use Archive Warnings,F/M,中文-普通话 國語,29 Aug 2026,2.5205761316872426,0.411522633744856,16.3265306122449
2026-09-08T21:34:43,cohort,91584491,,Harry Potter - J. K. Rowling,same,0,0,0,0,0,0,95,7,0,1,General Audiences,Creator Chose Not To Use Archive Warnings,M/M,English,29 Aug 2026,7.368421052631578,0.0,0.0
2026-09-08T21:34:43,cohort,78287601,,Harry Potter - J. K. Rowling,same,0,0,0,0,0,0,19197,948,575,13,Not Rated,Creator Chose Not To Use Archive Warnings,Multi,English,29 Aug 2026,4.938271604938271,2.9952596759910404,60.654008438818565
2026-09-08T21:34:43,cohort,79185446,,Harry Potter - J. K. Rowling,same,0,0,0,0,0,0,311,10,0,3,Mature,Graphic Depictions Of Violence,M/M,中文-普通话 國語,29 Aug 2026,3.215434083601286,0.0,0.0
2026-09-08T21:34:43,cohort,88365956,,Harry Potter - J. K. Rowling,same,0,0,0,0,0,0,208,3,0,13,Explicit,Creator Chose Not To Use Archive Warnings,M/M,Українська,29 Aug 2026,1.4423076923076923,0.0,0.0
2026-09-08T21:34:43,cohort,91579541,,Harry Potter - J. K. Rowling,same,0,0,0,0,0,0,56,1,0,3,Mature,"Major Character Death, Underage Sex",F/M,English,29 Aug 2026,1.7857142857142856,0.0,0.0
2026-09-08T21:34:43,cohort,91579391,,Harry Potter - J. K. Rowling,same,0,0,0,0,0,0,358,46,16,1,Explicit,No Archive Warnings Apply,M/M,English,29 Aug 2026,12.849162011173185,4.4692737430167595,34.78260869565217
2026-09-08T21:34:43,cohort,91583101,,Harry Potter - J. K. Rowling,same,0,0,0,0,0,0,147,12,2,1,General Audiences,Creator Chose Not To Use Archive Warnings,M/M,English,29 Aug 2026,8.16326530612245,1.3605442176870748,16.666666666666664
2026-09-08T21:34:43,cohort,85893221,,Harry Potter - J. K. Rowling,same,0,0,0,0,0,0,27061,611,654,54,Explicit,Creator Chose Not To Use Archive Warnings,M/M,English,29 Aug 2026,2.257861867632386,2.4167621300025868,107.03764320785598
2026-09-08T21:34:43,cohort,85456291,,Harry Potter - J. K. Rowling,same,0,0,0,0,0,0,1097,46,27,22,Mature,"Major Character Death, Graphic Depictions Of Violence",Gen,English,29 Aug 2026,4.193254329990884,2.461257976298997,58.69565217391305
2026-09-08T21:34:43,cohort,90399336,,Harry Potter - J. K. Rowling,same,0,0,0,0,0,0,52,1,0,7,Teen And Up Audiences,Graphic Depictions Of Violence,F/M,English,29 Aug 2026,1.9230769230769231,0.0,0.0
2026-09-08T21:34:43,cohort,89078106,,Harry Potter - J. K. Rowling,same,0,0,0,0,0,0,127,7,2,8,Teen And Up Audiences,"Creator Chose Not To Use Archive Warnings, No category",,English,29 Aug 2026,5.511811023622047,1.574803149606299,28.57142857142857
2026-09-08T21:34:43,cohort,91579641,,Harry Potter - J. K. Rowling,same,0,0,0,0,0,0,67,2,0,1,General Audiences,Creator Chose Not To Use Archive Warnings,M/M,中文-普通话 國語,29 Aug 2026,2.9850746268656714,0.0,0.0
2026-09-08T21:34:43,cohort,91581766,,Harry Potter - J. K. Rowling,same,0,0,0,0,0,0,233,38,1,1,Not Rated,Creator Chose Not To Use Archive Warnings,F/F,Français,29 Aug 2026,16.30901287553648,0.4291845493562232,2.631578947368421
2026-09-08T21:34:43,cohort,91564436,,Harry Potter - J. K. Rowling,same,0,0,0,0,0,0,60,7,4,1,Teen And Up Audiences,"No Archive Warnings Apply, No category",,English,29 Aug 2026,11.666666666666666,6.666666666666667,57.14285714285714
2026-09-08T21:34:43,cohort,65249404,,Harry Potter - J. K. Rowling,same,0,0,0,0,0,0,10041,288,190,17,Mature,No Archive Warnings Apply,M/M,English,29 Aug 2026,2.868240215118016,1.8922418085848023,65.97222222222221
2026-09-08T21:34:43,cohort,88828996,,Harry Potter - J. K. Rowling,same,0,0,0,0,0,0,267,9,2,6,Not Rated,No Archive Warnings Apply,F/M,English,29 Aug 2026,3.3707865168539324,0.7490636704119851,22.22222222222222
2026-09-08T21:34:43,cohort,83409151,,Harry Potter - J. K. Rowling,same,0,0,0,0,0,0,12297,412,654,16,Explicit,Creator Chose Not To Use Archive Warnings,M/M,English,29 Aug 2026,3.3504106692689275,5.31837033422786,158.7378640776699
2026-09-08T21:34:43,cohort,91581026,,Harry Potter - J. K. Rowling,same,0,0,0,0,0,0,179,16,0,1,General Audiences,Creator Chose Not To Use Archive Warnings,M/M,English,29 Aug 2026,8.938547486033519,0.0,0.0
2026-09-08T21:34:43,cohort,91459091,,Harry Potter - J. K. Rowling,same,0,0,0,0,0,0,78,9,0,3,Mature,No Archive Warnings Apply,Multi,English,29 Aug 2026,11.538461538461538,0.0,0.0
2026-09-08T21:34:43,cohort,85446281,,Harry Potter - J. K. Rowling,same,0,0,0,0,0,0,605,28,22,5,Explicit,Creator Chose Not To Use Archive Warnings,F/M,English,29 Aug 2026,4.628099173553719,3.6363636363636362,78.57142857142857
2026-09-08T21:34:43,cohort,29129148,,Harry Potter - J. K. Rowling,same,0,0,0,0,0,0,4024,30,4,165,General Audiences,Creator Chose Not To Use Archive Warnings,Gen,Русский,29 Aug 2026,0.7455268389662028,0.09940357852882703,13.333333333333334
2026-09-08T21:34:43,cohort,91578546,,Harry Potter - J. K. Rowling,same,0,0,0,0,0,0,2175,359,71,1,Mature,No Archive Warnings Apply,M/M,English,29 Aug 2026,16.50574712643678,3.2643678160919536,19.77715877437326
2026-09-08T21:34:43,cohort,91580021,,Harry Potter - J. K. Rowling,same,0,0,0,0,0,0,218,39,12,1,Explicit,No Archive Warnings Apply,M/M,Русский,29 Aug 2026,17.889908256880734,5.5045871559633035,30.76923076923077
2026-09-08T21:34:43,cohort,91580006,,Harry Potter - J. K. Rowling,same,0,0,0,0,0,0,64,13,7,1,General Audiences,"Major Character Death, Gen, M/M",,English,29 Aug 2026,20.3125,10.9375,53.84615384615385
2026-09-08T21:34:43,cohort,80845341,,Harry Potter - J. K. Rowling,same,0,0,0,0,0,0,10270,10,5,15,Explicit,"Creator Chose Not To Use Archive Warnings, No Archive Warnings Apply, F/F, F/M, Multi",,English,29 Aug 2026,0.09737098344693282,0.04868549172346641,50.0
2026-09-08T21:34:43,cohort,86031651,,Harry Potter - J. K. Rowling,same,0,0,0,0,0,0,1010,35,32,5,Teen And Up Audiences,"No Archive Warnings Apply, Gen, Multi",,English,29 Aug 2026,3.4653465346534658,3.1683168316831685,91.42857142857143
2026-09-08T21:34:43,cohort,91579696,,Harry Potter - J. K. Rowling,same,0,0,0,0,0,0,162,7,2,1,Explicit,No Archive Warnings Apply,M/M,English,29 Aug 2026,4.320987654320987,1.2345679012345678,28.57142857142857
2026-09-08T21:34:43,cohort,43891150,,Harry Potter - J. K. Rowling,same,0,0,0,0,0,0,25976,410,577,29,Not Rated,Major Character Death,F/M,English,29 Aug 2026,1.5783800431167232,2.22128118263012,140.73170731707316
2026-09-08T21:34:43,cohort,75557736,,Harry Potter - J. K. Rowling,same,0,0,0,0,0,0,24027,183,8,8,Explicit,"No Archive Warnings Apply, F/F, F/M, Multi",,English,29 Aug 2026,0.7616431514546136,0.03329587547342573,4.371584699453552
2026-09-08T21:34:43,cohort,91384821,,Harry Potter - J. K. Rowling,same,0,0,0,0,0,0,100,2,0,3,Not Rated,"Creator Chose Not To Use Archive Warnings, No category",,English,29 Aug 2026,2.0,0.0,0.0
2026-09-08T21:34:43,cohort,89363496,,Harry Potter - J. K. Rowling,same,0,0,0,0,0,0,595,59,5,23,Mature,Creator Chose Not To Use Archive Warnings,F/M,Français,29 Aug 2026,9.915966386554622,0.8403361344537815,8.47457627118644
2026-09-08T21:34:43,cohort,86000456,,Harry Potter - J. K. Rowling,same,0,0,0,0,0,0,1165,66,4,3,Teen And Up Audiences,Major Character Death,F/M,English,29 Aug 2026,5.665236051502146,0.34334763948497854,6.0606060606060606
2026-09-08T21:34:43,cohort,64993795,,Harry Potter - J. K. Rowling,same,0,0,0,0,0,0,2174,79,8,36,Explicit,"Graphic Depictions Of Violence, Rape/Non-Con, Underage Sex, F/M, M/M",,English,29 Aug 2026,3.633854645814168,0.36798528058877644,10.126582278481013
2026-09-08T21:34:43,cohort,85320441,,Harry Potter - J. K. Rowling,same,0,0,0,0,0,0,790,27,2,14,Mature,"Graphic Depictions Of Violence, Underage Sex",M/M,Slovenčina,29 Aug 2026,3.4177215189873418,0.25316455696202533,7.4074074074074066
2026-09-08T21:34:43,cohort,33127600,,Harry Potter - J. K. Rowling,same,0,0,0,0,0,0,4379,49,4,7,Teen And Up Audiences,"Graphic Depictions Of Violence, F/F, F/M, Gen, M/M, Multi, Other",,Português brasileiro,29 Aug 2026,1.118976935373373,0.09134505594884677,8.16326530612245
2026-09-08T21:34:43,cohort,78583681,,Harry Potter - J. K. Rowling,same,0,0,0,0,0,0,277,6,2,15,Teen And Up Audiences,Creator Chose Not To Use Archive Warnings,Multi,English,29 Aug 2026,2.166064981949458,0.7220216606498195,33.33333333333333
2026-09-08T21:34:43,cohort,68586906,,Harry Potter - J. K. Rowling,same,0,0,0,0,0,0,223810,8085,2804,33,Teen And Up Audiences,"Graphic Depictions Of Violence, Major Character Death, F/F, F/M, Gen",,English,29 Aug 2026,3.612439122469952,1.2528483981948975,34.68150896722325
2026-09-08T21:34:43,cohort,87715911,,Harry Potter - J. K. Rowling,same,0,0,0,0,0,0,1452,107,56,8,General Audiences,No Archive Warnings Apply,M/M,English,29 Aug 2026,7.369146005509641,3.8567493112947657,52.336448598130836
2026-09-08T21:34:43,cohort,79806906,,Harry Potter - J. K. Rowling,same,0,0,0,0,0,0,1991,54,5,21,Mature,Creator Chose Not To Use Archive Warnings,F/M,English,29 Aug 2026,2.712204922149674,0.25113008538422904,9.25925925925926
2026-09-08T21:34:43,cohort,74532921,,Harry Potter - J. K. Rowling,same,0,0,0,0,0,0,18664,660,359,17,Explicit,No Archive Warnings Apply,M/M,English,29 Aug 2026,3.5362194599228456,1.923489069867124,54.39393939393939
2026-09-08T21:34:43,cohort,82352641,,Harry Potter - J. K. Rowling,same,0,0,0,0,0,0,376,26,20,4,Mature,"No Archive Warnings Apply, F/M, M/M",,English,29 Aug 2026,6.914893617021277,5.319148936170213,76.92307692307693
2026-09-08T21:34:43,cohort,87082296,,Harry Potter - J. K. Rowling,same,0,0,0,0,0,0,31380,1303,548,28,Mature,No Archive Warnings Apply,Gen,English,29 Aug 2026,4.152326322498406,1.7463352453792225,42.05679201841903
2026-09-08T21:34:43,cohort,91576926,,Harry Potter - J. K. Rowling,same,0,0,0,0,0,0,186,3,0,4,Explicit,Creator Chose Not To Use Archive Warnings,M/M,中文-普通话 國語,29 Aug 2026,1.6129032258064515,0.0,0.0
2026-09-08T21:34:43,cohort,88521646,,Harry Potter - J. K. Rowling,same,0,0,0,0,0,0,21935,750,552,16,Explicit,"Graphic Depictions Of Violence, F/M, M/M",,English,29 Aug 2026,3.419193070435377,2.5165260998404375,73.6
2026-09-08T21:34:43,cohort,91617376,,Harry Potter - J. K. Rowling,same,0,0,0,0,0,0,945,216,18,1,Teen And Up Audiences,No Archive Warnings Apply,Other,English,29 Aug 2026,22.857142857142858,1.9047619047619049,8.333333333333332
2026-09-08T21:34:43,cohort,91560291,,Harry Potter - J. K. Rowling,same,0,0,0,0,0,0,62,4,4,1,Teen And Up Audiences,"Major Character Death, F/F, F/M, M/M, Other",,English,29 Aug 2026,6.451612903225806,6.451612903225806,100.0
2026-09-08T21:34:43,cohort,91503771,,Harry Potter - J. K. Rowling,same,0,0,0,0,0,0,253,26,8,2,General Audiences,Creator Chose Not To Use Archive Warnings,F/M,English,29 Aug 2026,10.276679841897234,3.1620553359683794,30.76923076923077
2026-09-08T21:34:43,cohort,91495081,,Harry Potter - J. K. Rowling,same,0,0,0,0,0,0,299,7,7,40,Teen And Up Audiences,Creator Chose Not To Use Archive Warnings,F/M,English,29 Aug 2026,2.341137123745819,2.341137123745819,100.0
2026-09-08T21:34:43,cohort,91380531,,Harry Potter - J. K. Rowling,same,0,0,0,0,0,0,85,8,5,2,Mature,Creator Chose Not To Use Archive Warnings,M/M,English,29 Aug 2026,9.411764705882353,5.88235294117647,62.5
2026-09-08T21:34:43,cohort,91366486,,Harry Potter - J. K. Rowling,same,0,0,0,0,0,0,653,32,2,2,Explicit,Creator Chose Not To Use Archive Warnings,M/M,English,29 Aug 2026,4.900459418070445,0.3062787136294028,6.25
2026-09-08T21:34:43,cohort,91169816,,Harry Potter - J. K. Rowling,same,0,0,0,0,0,0,265,59,10,1,Mature,No Archive Warnings Apply,Multi,English,29 Aug 2026,22.264150943396228,3.7735849056603774,16.94915254237288
2026-09-08T21:34:43,cohort,91143971,,Harry Potter - J. K. Rowling,same,0,0,0,0,0,0,149,12,1,3,Teen And Up Audiences,No Archive Warnings Apply,F/M,English,29 Aug 2026,8.053691275167784,0.6711409395973155,8.333333333333332
2026-09-08T21:34:43,cohort,91012651,,Harry Potter - J. K. Rowling,same,0,0,0,0,0,0,189,12,2,5,Teen And Up Audiences,No Archive Warnings Apply,M/M,English,29 Aug 2026,6.349206349206349,1.0582010582010581,16.666666666666664
2026-09-08T21:34:43,cohort,90948206,,Harry Potter - J. K. Rowling,same,0,0,0,0,0,0,398,19,2,5,Explicit,"Graphic Depictions Of Violence, Major Character Death, Underage Sex, F/F, F/M, M/M, Multi",,English,29 Aug 2026,4.773869346733668,0.5025125628140703,10.526315789473683
2026-09-08T21:34:43,cohort,90735661,,Harry Potter - J. K. Rowling,same,0,0,0,0,0,0,458,33,11,12,Teen And Up Audiences,Creator Chose Not To Use Archive Warnings,M/M,English,29 Aug 2026,7.20524017467249,2.4017467248908297,33.33333333333333
2026-09-08T21:34:43,cohort,90582276,,Harry Potter - J. K. Rowling,same,0,0,0,0,0,0,755,61,15,4,Mature,Graphic Depictions Of Violence,Gen,English,29 Aug 2026,8.079470198675496,1.9867549668874174,24.59016393442623
2026-09-08T21:34:43,cohort,90346141,,Harry Potter - J. K. Rowling,same,0,0,0,0,0,0,1392,38,8,14,Teen And Up Audiences,Creator Chose Not To Use Archive Warnings,F/M,English,29 Aug 2026,2.7298850574712645,0.5747126436781609,21.052631578947366
2026-09-08T21:34:43,cohort,90227156,,Harry Potter - J. K. Rowling,same,0,0,0,0,0,0,66,5,5,1,Explicit,Underage Sex,M/M,English,29 Aug 2026,7.575757575757576,7.575757575757576,100.0
2026-09-08T21:34:43,cohort,89645846,,Harry Potter - J. K. Rowling,same,0,0,0,0,0,0,1299,56,36,7,Not Rated,No Archive Warnings Apply,F/M,English,29 Aug 2026,4.311008468052348,2.771362586605081,64.28571428571429
2026-09-08T21:34:43,cohort,89373581,,Harry Potter - J. K. Rowling,same,0,0,0,0,0,0,2672,43,3,36,Mature,"Graphic Depictions Of Violence, F/F, F/M, M/M",,English,29 Aug 2026,1.6092814371257484,0.1122754491017964,6.976744186046512
2026-09-08T21:34:43,cohort,88720451,,Harry Potter - J. K. Rowling,same,0,0,0,0,0,0,5797,251,139,13,Explicit,Creator Chose Not To Use Archive Warnings,F/M,English,29 Aug 2026,4.329825771951009,2.397791961359324,55.37848605577689
2026-09-08T21:34:43,cohort,87764541,,Harry Potter - J. K. Rowling,same,0,0,0,0,0,0,518,14,2,11,Not Rated,Major Character Death,M/M,English,29 Aug 2026,2.7027027027027026,0.3861003861003861,14.285714285714285
2026-09-08T21:34:43,cohort,87585296,,Harry Potter - J. K. Rowling,same,0,0,0,0,0,0,153,15,10,3,Not Rated,"Creator Chose Not To Use Archive Warnings, No category",,English,29 Aug 2026,9.803921568627452,6.535947712418301,66.66666666666666
2026-09-08T21:34:43,cohort,85603011,,Harry Potter - J. K. Rowling,same,0,0,0,0,0,0,95,6,1,3,Not Rated,No Archive Warnings Apply,Multi,English,29 Aug 2026,6.315789473684211,1.0526315789473684,16.666666666666664
2026-09-08T21:34:43,cohort,84517286,,Harry Potter - J. K. Rowling,same,0,0,0,0,0,0,403,17,4,6,General Audiences,No Archive Warnings Apply,M/M,English,29 Aug 2026,4.218362282878412,0.9925558312655087,23.52941176470588
2026-09-08T21:34:43,cohort,84150036,,Harry Potter - J. K. Rowling,same,0,0,0,0,0,0,1462,35,43,27,Mature,No Archive Warnings Apply,F/M,English,29 Aug 2026,2.3939808481532148,2.941176470588235,122.85714285714286
2026-09-08T21:34:43,cohort,81447121,,Harry Potter - J. K. Rowling,same,0,0,0,0,0,0,8702,211,53,51,Teen And Up Audiences,"Graphic Depictions Of Violence, F/M, M/M, Multi",,English,29 Aug 2026,2.424729947138589,0.6090553895656171,25.118483412322274
2026-09-08T21:34:43,cohort,80158246,,Harry Potter - J. K. Rowling,same,0,0,0,0,0,0,1344,32,5,12,Explicit,"Creator Chose Not To Use Archive Warnings, F/M, M/M, Multi",,English,29 Aug 2026,2.380952380952381,0.3720238095238095,15.625
2026-09-08T21:34:43,cohort,79222726,,Harry Potter - J. K. Rowling,same,0,0,0,0,0,0,79,7,2,13,Mature,"Graphic Depictions Of Violence, Creator Chose Not To Use Archive Warnings, F/F, F/M, M/M",,Español,29 Aug 2026,8.860759493670885,2.5316455696202533,28.57142857142857
2026-09-08T21:34:43,cohort,77572881,,Harry Potter - J. K. Rowling,same,0,0,0,0,0,0,333,25,36,5,Teen And Up Audiences,"No Archive Warnings Apply, F/F, F/M",,English,29 Aug 2026,7.5075075075075075,10.81081081081081,144.0
2026-09-08T21:34:43,cohort,74138396,,Harry Potter - J. K. Rowling,same,0,0,0,0,0,0,1281,46,31,8,Mature,"Creator Chose Not To Use Archive Warnings, F/F, M/M",,English,29 Aug 2026,3.590944574551132,2.419984387197502,67.3913043478261
2026-09-08T21:34:43,cohort,61939153,,Harry Potter - J. K. Rowling,same,0,0,0,0,0,0,169,8,2,2,Teen And Up Audiences,"Creator Chose Not To Use Archive Warnings, F/F, F/M, M/M",,English,29 Aug 2026,4.733727810650888,1.183431952662722,25.0
2026-09-08T21:34:43,cohort,54127647,,Harry Potter - J. K. Rowling,same,0,0,0,0,0,0,66064,1309,431,33,Mature,"No Archive Warnings Apply, F/M, Gen",,English,29 Aug 2026,1.98141196415597,0.6523976749818359,32.92589763177998
2026-09-08T21:34:43,cohort,36140275,,Harry Potter - J. K. Rowling,same,0,0,0,0,0,0,2289,74,6,10,Teen And Up Audiences,Creator Chose Not To Use Archive Warnings,M/M,English,29 Aug 2026,3.2328527741371778,0.2621231979030144,8.108108108108109
2026-09-08T21:34:43,cohort,27123604,,Harry Potter - J. K. Rowling,same,0,0,0,0,0,0,2669,106,38,17,General Audiences,No Archive Warnings Apply,Gen,English,29 Aug 2026,3.971524915698764,1.423754215061821,35.84905660377358
2026-09-08T21:34:43,cohort,91479761,,Harry Potter - J. K. Rowling,same,0,0,0,0,0,0,50,2,3,2,Teen And Up Audiences,"No Archive Warnings Apply, F/F, F/M, M/M",,English,29 Aug 2026,4.0,6.0,150.0
2026-09-08T21:34:43,cohort,87898556,,Harry Potter - J. K. Rowling,same,0,0,0,0,0,0,5333,319,97,7,Explicit,Underage Sex,M/M,English,29 Aug 2026,5.981623851490718,1.8188636789799362,30.407523510971785
2026-09-08T21:34:43,cohort,59964193,,Harry Potter - J. K. Rowling,same,0,0,0,0,0,0,50290,1254,682,29,Explicit,Creator Chose Not To Use Archive Warnings,F/M,English,29 Aug 2026,2.4935374826009147,1.356134420361901,54.385964912280706
2026-09-08T21:34:43,cohort,91576256,,Harry Potter - J. K. Rowling,same,0,0,0,0,0,0,74,4,0,1,Explicit,Creator Chose Not To Use Archive Warnings,M/M,中文-普通话 國語,29 Aug 2026,5.405405405405405,0.0,0.0
2026-09-08T21:34:43,cohort,35849047,,Harry Potter - J. K. Rowling,same,0,0,0,0,0,0,179755,3523,1444,19,Explicit,Graphic Depictions Of Violence,F/M,English,29 Aug 2026,1.9598898500737114,0.8033156240438374,40.98779449332955
2026-09-08T21:34:43,cohort,88797176,,Harry Potter - J. K. Rowling,same,0,0,0,0,0,0,50,2,0,1,General Audiences,Creator Chose Not To Use Archive Warnings,F/M,English,29 Aug 2026,4.0,0.0,0.0
2026-09-08T21:34:43,cohort,66184969,,Harry Potter - J. K. Rowling,same,0,0,0,0,0,0,904,38,48,13,Explicit,"Creator Chose Not To Use Archive Warnings, F/M, M/M, Multi, F/F",,English,29 Aug 2026,4.20353982300885,5.3097345132743365,126.3157894736842
2026-09-08T21:34:43,cohort,71539361,,Harry Potter - J. K. Rowling,same,0,0,0,0,0,0,52492,517,74,8,Explicit,"Creator Chose Not To Use Archive Warnings, F/F, F/M, M/M, Multi, Other",,English,29 Aug 2026,0.9849119865884326,0.14097386268383752,14.313346228239846
2026-09-08T21:34:43,cohort,86011781,,Harry Potter - J. K. Rowling,same,0,0,0,0,0,0,248,14,14,4,General Audiences,"Creator Chose Not To Use Archive Warnings, Graphic Depictions Of Violence",Gen,English,29 Aug 2026,5.64516129032258,5.64516129032258,100.0
2026-09-08T21:34:43,cohort,90940736,,Harry Potter - J. K. Rowling,same,0,0,0,0,0,0,88,4,0,3,Teen And Up Audiences,Creator Chose Not To Use Archive Warnings,M/M,中文-普通话 國語,29 Aug 2026,4.545454545454546,0.0,0.0
2026-09-08T21:34:43,cohort,91575501,,Harry Potter - J. K. Rowling,same,0,0,0,0,0,0,113,7,2,1,Explicit,Creator Chose Not To Use Archive Warnings,F/M,English,29 Aug 2026,6.1946902654867255,1.7699115044247788,28.57142857142857
2026-09-08T21:34:43,cohort,91130061,,Harry Potter - J. K. Rowling,same,0,0,0,0,0,0,2897,164,40,20,Mature,No Archive Warnings Apply,F/M,English,29 Aug 2026,5.661028650327926,1.3807386952019332,24.390243902439025
2026-09-08T21:34:43,cohort,79762576,,Harry Potter - J. K. Rowling,same,0,0,0,0,0,0,329,12,8,6,General Audiences,"Major Character Death, No Archive Warnings Apply, Graphic Depictions Of Violence, F/M, Multi",,English,29 Aug 2026,3.64741641337386,2.43161094224924,66.66666666666666
2026-09-08T21:34:43,cohort,90132386,,Harry Potter - J. K. Rowling,same,0,0,0,0,0,0,587,29,23,2,Explicit,Graphic Depictions Of Violence,F/M,English,29 Aug 2026,4.940374787052811,3.9182282793867125,79.3103448275862
2026-09-08T21:34:43,cohort,91574801,,Harry Potter - J. K. Rowling,same,0,0,0,0,0,0,1029,89,6,1,Explicit,No Archive Warnings Apply,F/M,English,29 Aug 2026,8.649173955296405,0.5830903790087464,6.741573033707865
2026-09-08T21:34:43,cohort,80842001,,Harry Potter - J. K. Rowling,same,0,0,0,0,0,0,2064,69,18,21,Teen And Up Audiences,Creator Chose Not To Use Archive Warnings,M/M,English,29 Aug 2026,3.343023255813953,0.872093023255814,26.08695652173913
2026-09-08T21:34:43,cohort,91574606,,Harry Potter - J. K. Rowling,same,0,0,0,0,0,0,71,9,10,8,Not Rated,Creator Chose Not To Use Archive Warnings,F/M,English,29 Aug 2026,12.676056338028168,14.084507042253522,111.11111111111111
2026-09-08T21:34:43,cohort,88511136,,Harry Potter - J. K. Rowling,same,0,0,0,0,0,0,492,15,6,19,Teen And Up Audiences,"Creator Chose Not To Use Archive Warnings, Graphic Depictions Of Violence, F/F, F/M, M/M",,English,29 Aug 2026,3.048780487804878,1.2195121951219512,40.0
2026-09-08T21:34:43,cohort,57583978,,Harry Potter - J. K. Rowling,same,0,0,0,0,0,0,4305,88,29,34,Mature,"Graphic Depictions Of Violence, Major Character Death, Rape/Non-Con, F/M, M/M",,中文-普通话 國語,29 Aug 2026,2.0441347270615564,0.6736353077816493,32.95454545454545
2026-09-08T21:34:43,cohort,78845001,,Harry Potter - J. K. Rowling,same,0,0,0,0,0,0,1298,46,33,13,Teen And Up Audiences,Creator Chose Not To Use Archive Warnings,Multi,English,29 Aug 2026,3.5439137134052388,2.5423728813559325,71.73913043478261
2026-09-08T21:34:43,cohort,90119186,,Harry Potter - J. K. Rowling,same,0,0,0,0,0,0,1071,69,54,9,Explicit,"Graphic Depictions Of Violence, Major Character Death, Gen, Multi",,English,29 Aug 2026,6.442577030812324,5.042016806722689,78.26086956521739
2026-09-08T21:34:43,cohort,91574251,,Harry Potter - J. K. Rowling,same,0,0,0,0,0,0,83,4,0,1,Mature,Creator Chose Not To Use Archive Warnings,M/M,English,29 Aug 2026,4.819277108433735,0.0,0.0
2026-09-08T21:34:43,cohort,88512246,,Harry Potter - J. K. Rowling,same,0,0,0,0,0,0,183,7,6,19,Teen And Up Audiences,"Creator Chose Not To Use Archive Warnings, Graphic Depictions Of Violence, F/F, F/M, M/M",,Français,29 Aug 2026,3.825136612021858,3.278688524590164,85.71428571428571
2026-09-08T21:34:43,cohort,91573786,,Harry Potter - J. K. Rowling,same,0,0,0,0,0,0,1407,118,15,1,Explicit,No Archive Warnings Apply,M/M,English,29 Aug 2026,8.386638237384506,1.0660980810234542,12.711864406779661
2026-09-08T21:34:43,cohort,90052526,,Harry Potter - J. K. Rowling,same,0,0,0,0,0,0,1501,62,24,3,Explicit,No Archive Warnings Apply,F/M,English,29 Aug 2026,4.130579613590939,1.5989340439706863,38.70967741935484
2026-09-08T21:34:43,cohort,87411091,,Harry Potter - J. K. Rowling,same,0,0,0,0,0,0,143,5,6,4,Teen And Up Audiences,No Archive Warnings Apply,Gen,English,29 Aug 2026,3.4965034965034967,4.195804195804196,120.0
2026-09-08T21:34:43,cohort,90199336,,Harry Potter - J. K. Rowling,same,0,0,0,0,0,0,279,12,5,2,Teen And Up Audiences,"No Archive Warnings Apply, F/M, Gen, M/M",,English,29 Aug 2026,4.301075268817205,1.7921146953405016,41.66666666666667
2026-09-08T21:34:43,cohort,88366596,,Harry Potter - J. K. Rowling,same,0,0,0,0,0,0,432,18,7,7,Mature,Underage Sex,F/M,English,29 Aug 2026,4.166666666666666,1.6203703703703702,38.88888888888889
2026-09-08T21:34:43,cohort,69430046,,Harry Potter - J. K. Rowling,same,0,0,0,0,0,0,125240,3195,1182,22,Mature,"Graphic Depictions Of Violence, F/F, F/M, M/M",,English,29 Aug 2026,2.5511018843819864,0.9437879271798147,36.99530516431925
2026-09-08T21:34:43,cohort,66973294,,Harry Potter - J. K. Rowling,same,0,0,0,0,0,0,272,22,18,5,Not Rated,"Creator Chose Not To Use Archive Warnings, No category",,English,29 Aug 2026,8.088235294117647,6.61764705882353,81.81818181818183
2026-09-08T21:34:43,cohort,77162066,,Harry Potter - J. K. Rowling,same,0,0,0,0,0,0,313,12,4,8,General Audiences,Creator Chose Not To Use Archive Warnings,M/M,English,29 Aug 2026,3.8338658146964857,1.2779552715654952,33.33333333333333
2026-09-08T21:34:43,cohort,80458831,,Harry Potter - J. K. Rowling,same,0,0,0,0,0,0,694,42,97,31,Teen And Up Audiences,"Graphic Depictions Of Violence, F/M, M/M",,Français,29 Aug 2026,6.051873198847262,13.976945244956774,230.95238095238093
2026-09-08T21:34:43,cohort,83265646,,Harry Potter - J. K. Rowling,same,0,0,0,0,0,0,2363,30,5,34,Explicit,"Graphic Depictions Of Violence, Rape/Non-Con, Underage Sex",F/M,English,29 Aug 2026,1.2695725772323319,0.21159542953872196,16.666666666666664
2026-09-08T21:34:43,cohort,62559967,,Harry Potter - J. K. Rowling,same,0,0,0,0,0,0,70108,1878,1047,25,Mature,No Archive Warnings Apply,M/M,English,29 Aug 2026,2.6787242540081015,1.493410167170651,55.75079872204473
2026-09-08T21:34:43,cohort,91570561,,Harry Potter - J. K. Rowling,same,0,0,0,0,0,0,69,5,0,1,General Audiences,"Graphic Depictions Of Violence, Gen, Other",,English,29 Aug 2026,7.246376811594203,0.0,0.0
2026-09-08T21:34:43,cohort,91571921,,Harry Potter - J. K. Rowling,same,0,0,0,0,0,0,444,0,0,1,Explicit,"Rape/Non-Con, Underage Sex, F/M, Other",,English,29 Aug 2026,0.0,0.0,0.0
2026-09-08T21:34:43,cohort,91571656,,Harry Potter - J. K. Rowling,same,0,0,0,0,0,0,611,18,0,1,Explicit,"Creator Chose Not To Use Archive Warnings, No Archive Warnings Apply",F/F,English,29 Aug 2026,2.9459901800327333,0.0,0.0
2026-09-08T21:34:43,cohort,85692086,,Harry Potter - J. K. Rowling,same,0,0,0,0,0,0,241,7,3,52,Explicit,Underage Sex,F/M,中文-普通话 國語,29 Aug 2026,2.904564315352697,1.2448132780082988,42.857142857142854
2026-09-08T21:34:43,cohort,91571591,,Harry Potter - J. K. Rowling,same,0,0,0,0,0,0,57,7,1,1,Explicit,Creator Chose Not To Use Archive Warnings,F/M,中文-普通话 國語,29 Aug 2026,12.280701754385964,1.7543859649122806,14.285714285714285
2026-09-08T21:34:43,cohort,88467841,,Harry Potter - J. K. Rowling,same,0,0,0,0,0,0,11913,277,55,19,Explicit,Creator Chose Not To Use Archive Warnings,M/M,English,29 Aug 2026,2.3251909678502476,0.46168051708217916,19.855595667870034
2026-09-08T21:34:43,cohort,83196876,,Harry Potter - J. K. Rowling,same,0,0,0,0,0,0,1659,51,12,25,Mature,Creator Chose Not To Use Archive Warnings,F/M,English,29 Aug 2026,3.074141048824593,0.7233273056057866,23.52941176470588
2026-09-08T21:34:43,cohort,91570371,,Harry Potter - J. K. Rowling,same,0,0,0,0,0,0,220,19,2,1,Explicit,Graphic Depictions Of Violence,M/M,English,29 Aug 2026,8.636363636363637,0.9090909090909091,10.526315789473683
2026-09-08T21:34:43,cohort,63311752,,Harry Potter - J. K. Rowling,same,0,0,0,0,0,0,6923,173,88,54,Mature,Graphic Depictions Of Violence,M/M,English,29 Aug 2026,2.498916654629496,1.2711252347248303,50.86705202312138
2026-09-08T21:34:43,cohort,75919221,,Harry Potter - J. K. Rowling,same,0,0,0,0,0,0,369,12,3,2,General Audiences,No Archive Warnings Apply,Gen,English,29 Aug 2026,3.2520325203252036,0.8130081300813009,25.0
2026-09-08T21:34:43,cohort,88650921,,Harry Potter - J. K. Rowling,same,0,0,0,0,0,0,2514,99,37,9,Explicit,Creator Chose Not To Use Archive Warnings,F/M,English,29 Aug 2026,3.9379474940334127,1.47175815433572,37.37373737373738
2026-09-08T21:34:43,cohort,90451936,,Harry Potter - J. K. Rowling,same,0,0,0,0,0,0,133,4,0,1,Teen And Up Audiences,No Archive Warnings Apply,M/M,中文-普通话 國語,29 Aug 2026,3.007518796992481,0.0,0.0
2026-09-08T21:34:43,cohort,86272341,,Harry Potter - J. K. Rowling,same,0,0,0,0,0,0,834,30,13,36,Explicit,"Creator Chose Not To Use Archive Warnings, Underage Sex, F/M, Gen, Multi, F/F, Other",,English,29 Aug 2026,3.597122302158273,1.5587529976019185,43.333333333333336
2026-09-08T21:34:43,cohort,89806481,,Harry Potter - J. K. Rowling,same,0,0,0,0,0,0,1266,45,12,4,Not Rated,"Major Character Death, F/F, F/M",,English,29 Aug 2026,3.5545023696682465,0.9478672985781991,26.666666666666668
2026-09-08T21:34:43,cohort,76300631,,Harry Potter - J. K. Rowling,same,0,0,0,0,0,0,157,5,6,18,Teen And Up Audiences,"Graphic Depictions Of Violence, Major Character Death, F/F, F/M, M/M",,English,29 Aug 2026,3.1847133757961785,3.821656050955414,120.0
2026-09-08T21:34:43,cohort,80392171,,Harry Potter - J. K. Rowling,same,0,0,0,0,0,0,1671,79,24,4,Teen And Up Audiences,No Archive Warnings Apply,F/M,English,29 Aug 2026,4.727707959305805,1.436265709156194,30.37974683544304
2026-09-08T21:34:43,cohort,81891806,,Harry Potter - J. K. Rowling,same,0,0,0,0,0,0,6966,198,47,16,Mature,Creator Chose Not To Use Archive Warnings,Gen,English,29 Aug 2026,2.842377260981912,0.6747057134654033,23.737373737373737
2026-09-08T21:34:43,cohort,88959866,,Harry Potter - J. K. Rowling,same,0,0,0,0,0,0,1805,60,10,5,Not Rated,Major Character Death,Multi,English,29 Aug 2026,3.32409972299169,0.554016620498615,16.666666666666664
2026-09-08T21:34:43,cohort,91565166,,Harry Potter - J. K. Rowling,same,0,0,0,0,0,0,1035,50,2,3,Teen And Up Audiences,Underage Sex,M/M,English,29 Aug 2026,4.830917874396135,0.1932367149758454,4.0
2026-09-08T21:34:43,cohort,91567651,,Harry Potter - J. K. Rowling,same,0,0,0,0,0,0,1270,12,0,1,Explicit,"Creator Chose Not To Use Archive Warnings, Graphic Depictions Of Violence, Rape/Non-Con, Underage Sex, F/F, F/M",,English,29 Aug 2026,0.9448818897637795,0.0,0.0
2026-09-08T21:34:43,cohort,91567296,,Harry Potter - J. K. Rowling,same,0,0,0,0,0,0,383,5,23,1,Explicit,Creator Chose Not To Use Archive Warnings,F/M,English,29 Aug 2026,1.3054830287206265,6.005221932114883,459.99999999999994
2026-09-08T21:34:43,cohort,91565871,,Harry Potter - J. K. Rowling,same,0,0,0,0,0,0,64,1,0,5,Explicit,Creator Chose Not To Use Archive Warnings,F/M,English,29 Aug 2026,1.5625,0.0,0.0
2026-09-08T21:34:43,cohort,47569915,,Harry Potter - J. K. Rowling,same,0,0,0,0,0,0,40820,290,64,11,Explicit,"Creator Chose Not To Use Archive Warnings, F/F, F/M",,English,29 Aug 2026,0.7104360607545321,0.1567858892699657,22.06896551724138
2026-09-08T21:34:43,cohort,82786021,,Harry Potter - J. K. Rowling,same,0,0,0,0,0,0,27632,615,354,52,Teen And Up Audiences,No Archive Warnings Apply,F/M,English,29 Aug 2026,2.225680370584829,1.2811233352634626,57.56097560975609
2026-09-08T21:34:43,cohort,91566896,,Harry Potter - J. K. Rowling,same,0,0,0,0,0,0,288,42,18,1,Teen And Up Audiences,No Archive Warnings Apply,M/M,English,29 Aug 2026,14.583333333333334,6.25,42.857142857142854
2026-09-08T21:34:43,cohort,91548406,,Harry Potter - J. K. Rowling,same,0,0,0,0,0,0,3148,17,5,3,Explicit,"Underage Sex, Graphic Depictions Of Violence, F/M, Other, F/F",,English,29 Aug 2026,0.5400254129606099,0.1588310038119441,29.411764705882355
2026-09-08T21:34:43,cohort,91522666,,Harry Potter - J. K. Rowling,same,0,0,0,0,0,0,478,45,0,1,Teen And Up Audiences,No Archive Warnings Apply,M/M,English,29 Aug 2026,9.414225941422593,0.0,0.0
2026-09-08T21:34:43,cohort,91565556,,Harry Potter - J. K. Rowling,same,0,0,0,0,0,0,730,22,5,1,Explicit,Creator Chose Not To Use Archive Warnings,F/M,English,29 Aug 2026,3.0136986301369864,0.684931506849315,22.727272727272727
2026-09-08T21:34:43,cohort,82248946,,Harry Potter - J. K. Rowling,same,0,0,0,0,0,0,409,11,13,13,Teen And Up Audiences,No Archive Warnings Apply,F/M,English,29 Aug 2026,2.689486552567237,3.1784841075794623,118.18181818181819
2026-09-08T21:34:43,cohort,86105331,,Harry Potter - J. K. Rowling,same,0,0,0,0,0,0,1019,30,14,11,General Audiences,"Creator Chose Not To Use Archive Warnings, Major Character Death, No Archive Warnings Apply",F/M,English,29 Aug 2026,2.9440628066732093,1.3738959764474974,46.666666666666664
2026-09-08T21:34:43,cohort,89957531,,Harry Potter - J. K. Rowling,same,0,0,0,0,0,0,11923,716,140,9,Not Rated,Creator Chose Not To Use Archive Warnings,M/M,English,29 Aug 2026,6.005200033548603,1.1742011238782184,19.553072625698324
2026-09-08T21:34:43,cohort,89681966,,Harry Potter - J. K. Rowling,same,0,0,0,0,0,0,68,2,0,10,Explicit,"Graphic Depictions Of Violence, Major Character Death",F/M,Русский,29 Aug 2026,2.941176470588235,0.0,0.0
2026-09-08T21:34:43,cohort,78301446,,Harry Potter - J. K. Rowling,same,0,0,0,0,0,0,2365,72,87,37,Explicit,Graphic Depictions Of Violence,F/M,English,29 Aug 2026,3.044397463002114,3.678646934460888,120.83333333333333
2026-09-08T21:34:43,cohort,58766203,,Harry Potter - J. K. Rowling,same,0,0,0,0,0,0,69061,854,746,112,Teen And Up Audiences,"Creator Chose Not To Use Archive Warnings, F/M, M/M",,English,29 Aug 2026,1.2365879439915437,1.0802044569293812,87.35362997658079
2026-09-08T21:34:43,cohort,16117853,,Harry Potter - J. K. Rowling,same,0,0,0,0,0,0,29243,546,286,18,Not Rated,Creator Chose Not To Use Archive Warnings,F/M,English,29 Aug 2026,1.8671134972472045,0.9780118318913927,52.38095238095239
2026-09-08T21:34:43,cohort,91562216,,Harry Potter - J. K. Rowling,same,0,0,0,0,0,0,1489,45,0,1,Mature,Creator Chose Not To Use Archive Warnings,M/M,English,29 Aug 2026,3.022162525184688,0.0,0.0
2026-09-08T21:34:43,cohort,91326346,,Harry Potter - J. K. Rowling,same,0,0,0,0,0,0,157,1,0,24,Teen And Up Audiences,Creator Chose Not To Use Archive Warnings,M/M,Русский,29 Aug 2026,0.6369426751592357,0.0,0.0
2026-09-08T21:34:43,cohort,39302103,,Harry Potter - J. K. Rowling,same,0,0,0,0,0,0,1903,88,47,7,General Audiences,No Archive Warnings Apply,F/M,English,29 Aug 2026,4.624277456647398,2.4697845507094063,53.40909090909091
2026-09-08T21:34:43,cohort,74043976,,Harry Potter - J. K. Rowling,same,0,0,0,0,0,0,17599,793,172,9,Teen And Up Audiences,"Creator Chose Not To Use Archive Warnings, Graphic Depictions Of Violence, F/F, F/M, M/M",,English,28 Aug 2026,4.505937837377124,0.9773282572873458,21.689785624211854
2026-09-08T21:34:43,cohort,55068688,,Harry Potter - J. K. Rowling,same,0,0,0,0,0,0,761,26,2,18,Explicit,Creator Chose Not To Use Archive Warnings,M/M,Español,29 Aug 2026,3.416557161629435,0.2628120893561104,7.6923076923076925
2026-09-08T21:34:43,cohort,51930604,,Harry Potter - J. K. Rowling,same,0,0,0,0,0,0,117706,2552,266,106,Explicit,Creator Chose Not To Use Archive Warnings,M/M,English,29 Aug 2026,2.1681137749987256,0.22598678062290792,10.423197492163009
2026-09-08T21:34:43,cohort,67056214,,Harry Potter - J. K. Rowling,same,0,0,0,0,0,0,26619,849,1185,28,Teen And Up Audiences,No Archive Warnings Apply,F/M,English,29 Aug 2026,3.1894511439197566,4.451707427025808,139.57597173144876
2026-09-08T21:34:43,cohort,91560691,,Harry Potter - J. K. Rowling,same,0,0,0,0,0,0,130,19,9,1,Explicit,No Archive Warnings Apply,F/M,English,29 Aug 2026,14.615384615384617,6.923076923076923,47.368421052631575
2026-09-08T21:34:43,cohort,88364426,,Harry Potter - J. K. Rowling,same,0,0,0,0,0,0,1773,53,20,10,Explicit,"Creator Chose Not To Use Archive Warnings, No Archive Warnings Apply",F/M,English,29 Aug 2026,2.9892836999435985,1.1280315848843767,37.735849056603776
2026-09-08T21:34:43,cohort,43624344,,Harry Potter - J. K. Rowling,same,0,0,0,0,0,0,1648,45,18,50,Mature,"Graphic Depictions Of Violence, Major Character Death, F/F, F/M, M/M, Multi",,English,29 Aug 2026,2.7305825242718447,1.0922330097087378,40.0
2026-09-08T21:34:43,cohort,84390871,,Harry Potter - J. K. Rowling,same,0,0,0,0,0,0,117,5,19,9,General Audiences,Creator Chose Not To Use Archive Warnings,F/M,中文-普通话 國語,29 Aug 2026,4.273504273504273,16.23931623931624,380.0
2026-09-08T21:34:43,cohort,91113711,,Harry Potter - J. K. Rowling,same,0,0,0,0,0,0,163,21,7,3,Teen And Up Audiences,Creator Chose Not To Use Archive Warnings,M/M,中文-普通话 國語,29 Aug 2026,12.883435582822086,4.294478527607362,33.33333333333333
2026-09-08T21:34:43,cohort,71404256,,Harry Potter - J. K. Rowling,same,0,0,0,0,0,0,19015,176,122,23,Explicit,Underage Sex,F/M,English,29 Aug 2026,0.9255850644228242,0.6415987378385485,69.31818181818183
2026-09-08T21:34:43,cohort,65594998,,Harry Potter - J. K. Rowling,same,0,0,0,0,0,0,433,14,3,12,Mature,"Underage Sex, F/F, F/M, M/M, Multi, Other",,English,29 Aug 2026,3.233256351039261,0.6928406466512702,21.428571428571427
2026-09-08T21:34:43,cohort,88488826,,Harry Potter - J. K. Rowling,same,0,0,0,0,0,0,7399,265,100,20,Not Rated,Creator Chose Not To Use Archive Warnings,F/F,English,29 Aug 2026,3.58156507636167,1.3515339910798758,37.735849056603776
2026-09-08T21:34:43,cohort,40575294,,Harry Potter - J. K. Rowling,same,0,0,0,0,0,0,24783,1089,813,21,Mature,Graphic Depictions Of Violence,F/M,English,28 Aug 2026,4.394141145139813,3.280474518823387,74.65564738292011
2026-09-08T21:34:43,cohort,91559016,,Harry Potter - J. K. Rowling,same,0,0,0,0,0,0,555,1,0,1,Explicit,"Rape/Non-Con, No category",,English,29 Aug 2026,0.18018018018018017,0.0,0.0
2026-09-08T21:34:43,cohort,91047736,,Harry Potter - J. K. Rowling,same,0,0,0,0,0,0,72,4,5,3,Mature,"Graphic Depictions Of Violence, Major Character Death",F/M,English,29 Aug 2026,5.555555555555555,6.944444444444445,125.0
2026-09-08T21:34:43,cohort,91128691,,Harry Potter - J. K. Rowling,same,0,0,0,0,0,0,668,48,18,2,Explicit,Creator Chose Not To Use Archive Warnings,F/M,English,29 Aug 2026,7.18562874251497,2.694610778443114,37.5
2026-09-08T21:34:43,cohort,91557641,,Harry Potter - J. K. Rowling,same,0,0,0,0,0,0,86,5,5,1,General Audiences,"Creator Chose Not To Use Archive Warnings, No Archive Warnings Apply",Gen,English,29 Aug 2026,5.813953488372093,5.813953488372093,100.0
2026-09-08T21:34:43,cohort,89321996,,Harry Potter - J. K. Rowling,same,0,0,0,0,0,0,1347,87,16,6,Not Rated,"No Archive Warnings Apply, F/F, M/M",,English,29 Aug 2026,6.45879732739421,1.1878247958426131,18.39080459770115
2026-09-08T21:34:43,cohort,91557841,,Harry Potter - J. K. Rowling,same,0,0,0,0,0,0,903,69,16,1,Explicit,"Creator Chose Not To Use Archive Warnings, F/F, F/M",,English,29 Aug 2026,7.641196013289036,1.7718715393133997,23.18840579710145
2026-09-08T21:34:43,cohort,91369596,,Harry Potter - J. K. Rowling,same,0,0,0,0,0,0,2353,20,7,22,Mature,"Rape/Non-Con, Underage Sex, F/F, F/M",,English,29 Aug 2026,0.8499787505312366,0.2974925626859329,35.0
2026-09-08T21:34:43,cohort,89634156,,Harry Potter - J. K. Rowling,same,0,0,0,0,0,0,222,9,5,4,General Audiences,"Creator Chose Not To Use Archive Warnings, No Archive Warnings Apply, F/M, Gen",,English,29 Aug 2026,4.054054054054054,2.2522522522522523,55.55555555555556
2026-09-08T21:34:43,cohort,87244726,,Harry Potter - J. K. Rowling,same,0,0,0,0,0,0,85,2,0,4,Mature,Creator Chose Not To Use Archive Warnings,F/M,Русский,29 Aug 2026,2.3529411764705883,0.0,0.0
2026-09-08T21:34:43,cohort,88071176,,Harry Potter - J. K. Rowling,same,0,0,0,0,0,0,214,1,0,8,Teen And Up Audiences,No Archive Warnings Apply,F/M,English,28 Aug 2026,0.46728971962616817,0.0,0.0
2026-09-08T21:34:43,cohort,91292921,,Harry Potter - J. K. Rowling,same,0,0,0,0,0,0,90,7,2,6,Not Rated,Creator Chose Not To Use Archive Warnings,M/M,中文-普通话 國語,28 Aug 2026,7.777777777777778,2.2222222222222223,28.57142857142857
2026-09-08T21:34:43,cohort,90965661,,Harry Potter - J. K. Rowling,same,0,0,0,0,0,0,6367,61,3,2,Explicit,"No Archive Warnings Apply, F/F, F/M, Multi",,English,29 Aug 2026,0.9580650227736768,0.04711795193968902,4.918032786885246
2026-09-08T21:34:43,cohort,91556596,,Harry Potter - J. K. Rowling,same,0,0,0,0,0,0,54,6,0,1,General Audiences,No Archive Warnings Apply,F/M,English,29 Aug 2026,11.11111111111111,0.0,0.0
2026-09-08T21:34:43,cohort,91556336,,Harry Potter - J. K. Rowling,same,0,0,0,0,0,0,67,7,0,1,Teen And Up Audiences,Creator Chose Not To Use Archive Warnings,M/M,English,29 Aug 2026,10.44776119402985,0.0,0.0
2026-09-08T21:34:43,cohort,83590366,,Harry Potter - J. K. Rowling,same,0,0,0,0,0,0,719,31,23,7,Teen And Up Audiences,Creator Chose Not To Use Archive Warnings,M/M,English,29 Aug 2026,4.3115438108484,3.1988873435326846,74.19354838709677
2026-09-08T21:34:43,cohort,83527126,,Harry Potter - J. K. Rowling,same,0,0,0,0,0,0,133,4,7,15,Mature,No Archive Warnings Apply,F/M,English,29 Aug 2026,3.007518796992481,5.263157894736842,175.0
2026-09-08T21:34:43,cohort,89604576,,Harry Potter - J. K. Rowling,same,0,0,0,0,0,0,220,31,0,1,General Audiences,Creator Chose Not To Use Archive Warnings,M/M,Español,29 Aug 2026,14.09090909090909,0.0,0.0
2026-09-08T21:34:43,cohort,78503811,,Harry Potter - J. K. Rowling,same,0,0,0,0,0,0,479,30,13,32,Not Rated,No Archive Warnings Apply,M/M,English,29 Aug 2026,6.263048016701461,2.7139874739039667,43.333333333333336
2026-09-08T21:34:43,cohort,29421072,,Harry Potter - J. K. Rowling,same,0,0,0,0,0,0,14559,272,82,14,Mature,"Creator Chose Not To Use Archive Warnings, Rape/Non-Con, F/F, F/M, Multi",,English,29 Aug 2026,1.8682601827048562,0.563225496256611,30.14705882352941
2026-09-08T21:34:43,cohort,86621701,,Harry Potter - J. K. Rowling,same,0,0,0,0,0,0,1719,54,16,6,Mature,Graphic Depictions Of Violence,F/M,English,29 Aug 2026,3.1413612565445024,0.9307737056428156,29.629629629629626
2026-09-08T21:34:43,cohort,91552616,,Harry Potter - J. K. Rowling,same,0,0,0,0,0,0,345,14,0,7,Mature,"Creator Chose Not To Use Archive Warnings, Underage Sex",M/M,Español,29 Aug 2026,4.057971014492753,0.0,0.0
2026-09-08T21:34:43,cohort,90292671,,Harry Potter - J. K. Rowling,same,0,0,0,0,0,0,1509,133,12,3,Teen And Up Audiences,"Creator Chose Not To Use Archive Warnings, M/M, Multi",,English,29 Aug 2026,8.81378396288933,0.7952286282306162,9.022556390977442
2026-09-08T21:34:43,cohort,91553306,,Harry Potter - J. K. Rowling,same,0,0,0,0,0,0,122,7,12,2,Mature,Underage Sex,M/M,中文-普通话 國語,29 Aug 2026,5.737704918032787,9.836065573770492,171.42857142857142
2026-09-08T21:34:43,cohort,90258756,,Harry Potter - J. K. Rowling,same,0,0,0,0,0,0,394,34,41,3,Explicit,No Archive Warnings Apply,M/M,English,29 Aug 2026,8.629441624365482,10.406091370558377,120.58823529411764
2026-09-08T21:34:43,cohort,53517790,,Harry Potter - J. K. Rowling,same,0,0,0,0,0,0,1443,40,9,9,Explicit,Creator Chose Not To Use Archive Warnings,F/M,English,29 Aug 2026,2.772002772002772,0.6237006237006237,22.5
2026-09-08T21:34:43,cohort,91553886,,Harry Potter - J. K. Rowling,same,0,0,0,0,0,0,240,9,2,1,Explicit,Creator Chose Not To Use Archive Warnings,M/M,English,29 Aug 2026,3.75,0.8333333333333334,22.22222222222222
2026-09-08T21:34:43,cohort,91553706,,Harry Potter - J. K. Rowling,same,0,0,0,0,0,0,192,30,1,1,General Audiences,Creator Chose Not To Use Archive Warnings,M/M,English,28 Aug 2026,15.625,0.5208333333333333,3.3333333333333335
2026-09-08T21:34:43,cohort,74870721,,Harry Potter - J. K. Rowling,same,0,0,0,0,0,0,344,15,3,10,Mature,Major Character Death,F/M,English,29 Aug 2026,4.3604651162790695,0.872093023255814,20.0
2026-09-08T21:34:43,cohort,88160741,,Harry Potter - J. K. Rowling,same,0,0,0,0,0,0,19687,129,24,5,Explicit,"Underage Sex, F/F, F/M, Multi",,English,29 Aug 2026,0.6552547366282319,0.12190785797734545,18.6046511627907
2026-09-08T21:34:43,cohort,18392045,,Harry Potter - J. K. Rowling,same,0,0,0,0,0,0,455074,3161,254,18,Explicit,"Creator Chose Not To Use Archive Warnings, F/F, F/M, M/M, Multi",,English,29 Aug 2026,0.6946123048119647,0.055815098203808616,8.035431825371719
2026-09-08T21:34:43,cohort,91553276,,Harry Potter - J. K. Rowling,same,0,0,0,0,0,0,320,45,5,1,General Audiences,"Creator Chose Not To Use Archive Warnings, F/M, M/M, Multi",,Português brasileiro,28 Aug 2026,14.0625,1.5625,11.11111111111111
2026-09-08T21:34:43,cohort,81893031,,Harry Potter - J. K. Rowling,same,0,0,0,0,0,0,871,27,18,13,Mature,No Archive Warnings Apply,F/M,English,29 Aug 2026,3.0998851894374284,2.066590126291619,66.66666666666666
2026-09-08T21:34:43,cohort,91553231,,Harry Potter - J. K. Rowling,same,0,0,0,0,0,0,237,8,0,1,Mature,No Archive Warnings Apply,F/M,English,29 Aug 2026,3.375527426160337,0.0,0.0
2026-09-08T21:34:43,cohort,91551766,,Harry Potter - J. K. Rowling,same,0,0,0,0,0,0,644,58,4,1,Mature,Creator Chose Not To Use Archive Warnings,F/M,English,28 Aug 2026,9.006211180124224,0.6211180124223602,6.896551724137931
2026-09-08T21:34:43,cohort,70900586,,Harry Potter - J. K. Rowling,same,0,0,0,0,0,0,8217,119,149,32,Teen And Up Audiences,"No Archive Warnings Apply, No category",,English,29 Aug 2026,1.4482171108677133,1.8133138615066324,125.21008403361344
2026-09-08T21:34:43,cohort,72616381,,Harry Potter - J. K. Rowling,same,0,0,0,0,0,0,472,32,17,7,Teen And Up Audiences,No Archive Warnings Apply,M/M,English,29 Aug 2026,6.779661016949152,3.6016949152542375,53.125
2026-09-08T21:34:43,cohort,83374721,,Harry Potter - J. K. Rowling,same,0,0,0,0,0,0,216,10,0,5,Mature,Creator Chose Not To Use Archive Warnings,M/M,English,29 Aug 2026,4.62962962962963,0.0,0.0
2026-09-08T21:34:43,cohort,90090221,,Harry Potter - J. K. Rowling,same,0,0,0,0,0,0,196,10,4,3,Explicit,Creator Chose Not To Use Archive Warnings,F/M,English,29 Aug 2026,5.1020408163265305,2.0408163265306123,40.0
2026-09-08T21:34:43,cohort,90467806,,Harry Potter - J. K. Rowling,same,0,0,0,0,0,0,155,1,1,7,Mature,Creator Chose Not To Use Archive Warnings,F/M,English,29 Aug 2026,0.6451612903225806,0.6451612903225806,100.0
2026-09-08T21:34:43,cohort,77667451,,Harry Potter - J. K. Rowling,same,0,0,0,0,0,0,12341,498,177,74,Teen And Up Audiences,Major Character Death,F/M,English,29 Aug 2026,4.035329389838749,1.434243578316182,35.54216867469879
2026-09-08T21:34:43,cohort,91552111,,Harry Potter - J. K. Rowling,same,0,0,0,0,0,0,1220,77,8,1,General Audiences,"Creator Chose Not To Use Archive Warnings, No Archive Warnings Apply",M/M,English,29 Aug 2026,6.311475409836066,0.6557377049180327,10.38961038961039
2026-09-08T21:34:43,cohort,80391011,,Harry Potter - J. K. Rowling,same,0,0,0,0,0,0,1895,52,22,14,Mature,"Creator Chose Not To Use Archive Warnings, No category",,English,28 Aug 2026,2.7440633245382586,1.1609498680738786,42.30769230769231
2026-09-08T21:34:43,cohort,80756191,,Harry Potter - J. K. Rowling,same,0,0,0,0,0,0,7081,121,44,12,Mature,Creator Chose Not To Use Archive Warnings,F/M,English,29 Aug 2026,1.7087981923457138,0.6213811608529869,36.36363636363637
2026-09-08T21:34:43,cohort,89064501,,Harry Potter - J. K. Rowling,same,0,0,0,0,0,0,89,2,0,10,Teen And Up Audiences,Creator Chose Not To Use Archive Warnings,F/M,English,29 Aug 2026,2.247191011235955,0.0,0.0
2026-09-08T21:34:43,cohort,90123376,,Harry Potter - J. K. Rowling,same,0,0,0,0,0,0,87,5,0,3,Mature,No Archive Warnings Apply,M/M,English,29 Aug 2026,5.747126436781609,0.0,0.0
2026-09-08T21:34:43,cohort,76436166,,Harry Potter - J. K. Rowling,same,0,0,0,0,0,0,9646,398,153,10,Teen And Up Audiences,No Archive Warnings Apply,Gen,English,29 Aug 2026,4.126062616628654,1.5861496993572466,38.44221105527638
2026-09-08T21:34:43,cohort,91550321,,Harry Potter - J. K. Rowling,same,0,0,0,0,0,0,143,13,4,1,Mature,No Archive Warnings Apply,M/M,Русский,29 Aug 2026,9.090909090909092,2.797202797202797,30.76923076923077
2026-09-08T21:34:43,cohort,83309946,,Harry Potter - J. K. Rowling,same,0,0,0,0,0,0,383,28,0,8,Teen And Up Audiences,Creator Chose Not To Use Archive Warnings,Gen,English,29 Aug 2026,7.310704960835509,0.0,0.0
2026-09-08T21:34:43,cohort,90676216,,Harry Potter - J. K. Rowling,same,0,0,0,0,0,0,434,24,0,2,Teen And Up Audiences,"No Archive Warnings Apply, F/F, F/M, M/M",,English,29 Aug 2026,5.529953917050691,0.0,0.0
2026-09-08T21:34:43,cohort,91549096,,Harry Potter - J. K. Rowling,same,0,0,0,0,0,0,84,7,10,9,Teen And Up Audiences,No Archive Warnings Apply,Gen,English,29 Aug 2026,8.333333333333332,11.904761904761903,142.85714285714286
2026-09-08T21:34:43,cohort,31355579,,Harry Potter - J. K. Rowling,same,0,0,0,0,0,0,3846,146,20,3,Mature,Creator Chose Not To Use Archive Warnings,F/M,English,29 Aug 2026,3.7961518460738426,0.5200208008320333,13.698630136986301
2026-09-08T21:34:43,cohort,84520371,,Harry Potter - J. K. Rowling,same,0,0,0,0,0,0,4406,212,69,12,Teen And Up Audiences,"Creator Chose Not To Use Archive Warnings, F/F, F/M, Gen, M/M",,English,28 Aug 2026,4.811620517476169,1.5660463004993193,32.54716981132076
2026-09-08T21:34:43,cohort,58638415,,Harry Potter - J. K. Rowling,same,0,0,0,0,0,0,1599,77,2,11,General Audiences,No Archive Warnings Apply,Gen,English,29 Aug 2026,4.815509693558474,0.12507817385866166,2.5974025974025974
2026-09-08T21:34:43,cohort,91140936,,Harry Potter - J. K. Rowling,same,0,0,0,0,0,0,64,3,0,2,Not Rated,No Archive Warnings Apply,M/M,English,29 Aug 2026,4.6875,0.0,0.0
2026-09-08T21:34:43,cohort,86231391,,Harry Potter - J. K. Rowling,same,0,0,0,0,0,0,218,10,0,3,Not Rated,"Creator Chose Not To Use Archive Warnings, F/F, Multi",,English,29 Aug 2026,4.587155963302752,0.0,0.0
2026-09-08T21:34:43,cohort,88011951,,Harry Potter - J. K. Rowling,same,0,0,0,0,0,0,1292,50,9,2,Teen And Up Audiences,"No Archive Warnings Apply, No category",,English,28 Aug 2026,3.8699690402476783,0.696594427244582,18.0
2026-09-08T21:34:43,cohort,80256906,,Harry Potter - J. K. Rowling,same,0,0,0,0,0,0,7892,162,206,18,Not Rated,Creator Chose Not To Use Archive Warnings,F/M,English,28 Aug 2026,2.0527116066903193,2.6102382159148503,127.16049382716051
2026-09-08T21:34:43,cohort,91296981,,Harry Potter - J. K. Rowling,same,0,0,0,0,0,0,86,4,0,2,Mature,Creator Chose Not To Use Archive Warnings,M/M,Español,28 Aug 2026,4.651162790697675,0.0,0.0
2026-09-08T21:34:43,cohort,90665416,,Harry Potter - J. K. Rowling,same,0,0,0,0,0,0,3182,147,106,10,Mature,No Archive Warnings Apply,F/M,English,28 Aug 2026,4.619736015084852,3.331238214959145,72.10884353741497
2026-09-08T21:34:43,cohort,91547671,,Harry Potter - J. K. Rowling,same,0,0,0,0,0,0,302,48,9,1,Teen And Up Audiences,No Archive Warnings Apply,F/M,English,28 Aug 2026,15.894039735099339,2.980132450331126,18.75
2026-09-08T21:34:43,cohort,82475181,,Harry Potter - J. K. Rowling,same,0,0,0,0,0,0,7383,321,155,18,Teen And Up Audiences,"Graphic Depictions Of Violence, Rape/Non-Con",M/M,English,28 Aug 2026,4.3478260869565215,2.0994175809291615,48.28660436137071
2026-09-08T21:34:43,cohort,56579050,,Harry Potter - J. K. Rowling,same,0,0,0,0,0,0,722,49,6,8,Teen And Up Audiences,"Creator Chose Not To Use Archive Warnings, No category",,English,28 Aug 2026,6.786703601108034,0.8310249307479225,12.244897959183673
2026-09-08T21:34:43,cohort,75888331,,Harry Potter - J. K. Rowling,same,0,0,0,0,0,0,46879,516,185,24,Explicit,No Archive Warnings Apply,F/M,English,28 Aug 2026,1.1007060730817637,0.3946329913180742,35.85271317829458
2026-09-08T21:34:43,cohort,76084381,,Harry Potter - J. K. Rowling,same,0,0,0,0,0,0,298,16,0,3,Not Rated,Creator Chose Not To Use Archive Warnings,M/M,中文-普通话 國語,28 Aug 2026,5.369127516778524,0.0,0.0
2026-09-08T21:34:43,cohort,91446376,,Harry Potter - J. K. Rowling,same,0,0,0,0,0,0,152,27,0,2,Teen And Up Audiences,Creator Chose Not To Use Archive Warnings,F/M,English,28 Aug 2026,17.763157894736842,0.0,0.0
2026-09-08T21:34:43,cohort,72146231,,Harry Potter - J. K. Rowling,same,0,0,0,0,0,0,812,59,19,7,Teen And Up Audiences,"Creator Chose Not To Use Archive Warnings, Gen, M/M",,English,28 Aug 2026,7.266009852216748,2.3399014778325125,32.20338983050847
2026-09-08T21:34:43,cohort,91546651,,Harry Potter - J. K. Rowling,same,0,0,0,0,0,0,210,5,0,1,Explicit,Creator Chose Not To Use Archive Warnings,F/M,English,28 Aug 2026,2.380952380952381,0.0,0.0
2026-09-08T21:34:43,cohort,84579441,,Harry Potter - J. K. Rowling,same,0,0,0,0,0,0,13863,450,331,31,Teen And Up Audiences,"No Archive Warnings Apply, Gen, M/M",,English,28 Aug 2026,3.2460506383899586,2.3876505806823918,73.55555555555556
2026-09-08T21:34:43,cohort,91546061,,Harry Potter - J. K. Rowling,same,0,0,0,0,0,0,67,0,0,2,Mature,"Graphic Depictions Of Violence, Major Character Death, Rape/Non-Con, Underage Sex, F/F, F/M, M/M, Multi",,English,28 Aug 2026,0.0,0.0,0.0
2026-09-08T21:34:43,cohort,88450186,,Harry Potter - J. K. Rowling,same,0,0,0,0,0,0,472,24,18,3,Teen And Up Audiences,"No Archive Warnings Apply, No category",,English,28 Aug 2026,5.084745762711865,3.8135593220338984,75.0
2026-09-08T21:34:43,cohort,87875501,,Harry Potter - J. K. Rowling,same,0,0,0,0,0,0,1704,30,51,50,Mature,"Graphic Depictions Of Violence, Creator Chose Not To Use Archive Warnings, Major Character Death",Gen,English,28 Aug 2026,1.7605633802816902,2.992957746478873,170.0
2026-09-08T21:34:43,cohort,91545476,,Harry Potter - J. K. Rowling,same,0,0,0,0,0,0,79,5,0,1,Mature,No Archive Warnings Apply,M/M,English,28 Aug 2026,6.329113924050633,0.0,0.0
2026-09-08T21:34:43,cohort,87562286,,Harry Potter - J. K. Rowling,same,0,0,0,0,0,0,284,14,2,3,Not Rated,"Creator Chose Not To Use Archive Warnings, Graphic Depictions Of Violence, Major Character Death, M/M, Multi",,English,28 Aug 2026,4.929577464788732,0.7042253521126761,14.285714285714285
2026-09-08T21:34:43,cohort,83692016,,Harry Potter - J. K. Rowling,same,0,0,0,0,0,0,34152,1410,334,14,Explicit,"Creator Chose Not To Use Archive Warnings, F/M, M/M, Other",,English,28 Aug 2026,4.128601546029516,0.9779807917545091,23.68794326241135
2026-09-08T21:34:43,cohort,90535006,,Harry Potter - J. K. Rowling,same,0,0,0,0,0,0,1905,102,18,2,Mature,"Graphic Depictions Of Violence, Underage Sex",F/M,English,28 Aug 2026,5.354330708661418,0.9448818897637795,17.647058823529413
2026-09-08T21:34:43,cohort,91545151,,Harry Potter - J. K. Rowling,same,0,0,0,0,0,0,56,3,4,1,Teen And Up Audiences,No Archive Warnings Apply,F/F,English,28 Aug 2026,5.357142857142857,7.142857142857142,133.33333333333331
2026-09-08T21:34:43,cohort,67389321,,Harry Potter - J. K. Rowling,same,0,0,0,0,0,0,5388,184,172,22,Mature,"Creator Chose Not To Use Archive Warnings, Graphic Depictions Of Violence",Other,English,28 Aug 2026,3.414996288047513,3.192279138827023,93.47826086956522
2026-09-08T21:34:43,cohort,67765601,,Harry Potter - J. K. Rowling,same,0,0,0,0,0,0,10394,207,41,6,Explicit,"Graphic Depictions Of Violence, Major Character Death, F/F, F/M, Multi",,English,28 Aug 2026,1.9915335770636904,0.3944583413507793,19.806763285024154
2026-09-08T21:34:43,cohort,91544671,,Harry Potter - J. K. Rowling,same,0,0,0,0,0,0,87,4,0,1,General Audiences,No Archive Warnings Apply,F/M,English,28 Aug 2026,4.597701149425287,0.0,0.0
2026-09-08T21:34:43,cohort,91544616,,Harry Potter - J. K. Rowling,same,0,0,0,0,0,0,658,93,4,1,Mature,Graphic Depictions Of Violence,M/M,English,29 Aug 2026,14.133738601823708,0.60790273556231,4.301075268817205
2026-09-08T21:34:43,cohort,90238501,,Harry Potter - J. K. Rowling,same,0,0,0,0,0,0,1292,5,4,25,Explicit,"No Archive Warnings Apply, F/M, M/M, Multi",,English,28 Aug 2026,0.38699690402476783,0.30959752321981426,80.0
2026-09-08T21:34:43,cohort,80456081,,Harry Potter - J. K. Rowling,same,0,0,0,0,0,0,323,11,2,2,Teen And Up Audiences,Creator Chose Not To Use Archive Warnings,F/M,English,28 Aug 2026,3.4055727554179565,0.6191950464396285,18.181818181818183
2026-09-08T21:34:43,cohort,89972186,,Harry Potter - J. K. Rowling,same,0,0,0,0,0,0,10619,84,7,17,Explicit,"No Archive Warnings Apply, F/F, F/M, Multi",,English,28 Aug 2026,0.7910349373764008,0.06591957811470006,8.333333333333332
2026-09-08T21:34:43,cohort,62004226,,Harry Potter - J. K. Rowling,same,0,0,0,0,0,0,1520,52,8,4,Mature,"Creator Chose Not To Use Archive Warnings, Rape/Non-Con, F/F, M/M",,English,28 Aug 2026,3.421052631578948,0.5263157894736842,15.384615384615385
2026-09-08T21:34:43,cohort,69588086,,Harry Potter - J. K. Rowling,same,0,0,0,0,0,0,90,4,4,7,Mature,Creator Chose Not To Use Archive Warnings,M/M,Русский,28 Aug 2026,4.444444444444445,4.444444444444445,100.0
2026-09-08T21:34:43,cohort,82864096,,Harry Potter - J. K. Rowling,same,0,0,0,0,0,0,7528,271,165,18,Explicit,Graphic Depictions Of Violence,M/M,English,28 Aug 2026,3.599893730074389,2.191817215727949,60.88560885608856
2026-09-08T21:34:43,cohort,53727559,,Harry Potter - J. K. Rowling,same,0,0,0,0,0,0,9936,305,126,22,Teen And Up Audiences,"No Archive Warnings Apply, F/F, F/M, M/M",,English,28 Aug 2026,3.069645732689211,1.2681159420289856,41.31147540983607
2026-09-08T21:34:43,cohort,85769206,,Harry Potter - J. K. Rowling,same,0,0,0,0,0,0,1757,40,31,10,Explicit,Graphic Depictions Of Violence,F/M,English,28 Aug 2026,2.2766078542970973,1.7643710870802503,77.5
2026-09-08T21:34:43,cohort,91407426,,Harry Potter - J. K. Rowling,same,0,0,0,0,0,0,115,5,8,7,General Audiences,"No Archive Warnings Apply, No category",,Čeština,29 Aug 2026,4.3478260869565215,6.956521739130435,160.0
2026-09-08T21:34:43,cohort,74318786,,Harry Potter - J. K. Rowling,same,0,0,0,0,0,0,3020,160,37,20,Explicit,Creator Chose Not To Use Archive Warnings,F/M,English,28 Aug 2026,5.298013245033113,1.2251655629139073,23.125
2026-09-08T21:34:43,cohort,91471086,,Harry Potter - J. K. Rowling,same,0,0,0,0,0,0,91,16,0,2,Not Rated,"Creator Chose Not To Use Archive Warnings, M/M, F/M",,English,28 Aug 2026,17.582417582417584,0.0,0.0
2026-09-08T21:34:43,cohort,91542946,,Harry Potter - J. K. Rowling,same,0,0,0,0,0,0,317,27,1,1,General Audiences,Creator Chose Not To Use Archive Warnings,M/M,English,28 Aug 2026,8.517350157728707,0.31545741324921134,3.7037037037037033
2026-09-08T21:34:43,cohort,64791343,,Harry Potter - J. K. Rowling,same,0,0,0,0,0,0,1257,25,17,16,Explicit,"Graphic Depictions Of Violence, Major Character Death",F/M,English,28 Aug 2026,1.988862370723946,1.352426412092283,68.0
2026-09-08T21:34:43,cohort,84106451,,Harry Potter - J. K. Rowling,same,0,0,0,0,0,0,906,25,6,18,General Audiences,"No Archive Warnings Apply, No category",,English,28 Aug 2026,2.759381898454746,0.6622516556291391,24.0
2026-09-08T21:34:43,cohort,91542221,,Harry Potter - J. K. Rowling,same,0,0,0,0,0,0,3455,69,9,1,Explicit,"Underage Sex, F/M, Multi",,English,28 Aug 2026,1.9971056439942112,0.26049204052098407,13.043478260869565
2026-09-08T21:34:43,cohort,88437101,,Harry Potter - J. K. Rowling,same,0,0,0,0,0,0,51,3,0,3,Mature,"Creator Chose Not To Use Archive Warnings, No Archive Warnings Apply, Gen, M/M",,English,28 Aug 2026,5.88235294117647,0.0,0.0
2026-09-08T21:34:43,cohort,71772856,,Harry Potter - J. K. Rowling,same,0,0,0,0,0,0,386,8,11,8,Explicit,Creator Chose Not To Use Archive Warnings,M/M,English,28 Aug 2026,2.072538860103627,2.849740932642487,137.5
2026-09-08T21:34:43,cohort,91541846,,Harry Potter - J. K. Rowling,same,0,0,0,0,0,0,88,9,15,1,Mature,Creator Chose Not To Use Archive Warnings,M/M,English,28 Aug 2026,10.227272727272728,17.045454545454543,166.66666666666669
2026-09-08T21:34:43,cohort,56822257,,Harry Potter - J. K. Rowling,same,0,0,0,0,0,0,51112,1501,355,14,Teen And Up Audiences,Creator Chose Not To Use Archive Warnings,Gen,English,28 Aug 2026,2.936688057598998,0.694553138206292,23.650899400399734
2026-09-08T21:34:43,cohort,66565300,,Harry Potter - J. K. Rowling,same,0,0,0,0,0,0,14925,515,713,66,Explicit,Creator Chose Not To Use Archive Warnings,M/M,English,29 Aug 2026,3.4505862646566166,4.777219430485762,138.4466019417476
2026-09-08T21:34:43,cohort,91540916,,Harry Potter - J. K. Rowling,same,0,0,0,0,0,0,365,26,0,2,General Audiences,No Archive Warnings Apply,F/M,English,28 Aug 2026,7.123287671232877,0.0,0.0
2026-09-08T21:34:43,cohort,68435516,,Harry Potter - J. K. Rowling,same,0,0,0,0,0,0,177,5,2,10,Not Rated,"Creator Chose Not To Use Archive Warnings, F/F, F/M, M/M",,English,28 Aug 2026,2.824858757062147,1.1299435028248588,40.0
2026-09-08T21:34:43,cohort,91540856,,Harry Potter - J. K. Rowling,same,0,0,0,0,0,0,275,13,2,5,Explicit,Creator Chose Not To Use Archive Warnings,M/M,English,28 Aug 2026,4.7272727272727275,0.7272727272727273,15.384615384615385
2026-09-08T21:34:43,cohort,89493796,,Harry Potter - J. K. Rowling,same,0,0,0,0,0,0,97,3,1,1,Not Rated,Creator Chose Not To Use Archive Warnings,F/F,English,28 Aug 2026,3.0927835051546393,1.0309278350515463,33.33333333333333
2026-09-08T21:34:43,cohort,90339566,,Harry Potter - J. K. Rowling,same,0,0,0,0,0,0,205,30,3,1,Not Rated,Creator Chose Not To Use Archive Warnings,F/F,English,28 Aug 2026,14.634146341463413,1.4634146341463417,10.0
2026-09-08T21:34:43,cohort,90773631,,Harry Potter - J. K. Rowling,same,0,0,0,0,0,0,132,27,7,1,Teen And Up Audiences,Graphic Depictions Of Violence,M/M,English,28 Aug 2026,20.454545454545457,5.303030303030303,25.925925925925924
2026-09-08T21:34:43,cohort,91530101,,Harry Potter - J. K. Rowling,same,0,0,0,0,0,0,115,5,0,6,Mature,Creator Chose Not To Use Archive Warnings,F/M,English,28 Aug 2026,4.3478260869565215,0.0,0.0
2026-09-08T21:34:43,cohort,91540911,,Harry Potter - J. K. Rowling,same,0,0,0,0,0,0,250,22,18,1,Explicit,Creator Chose Not To Use Archive Warnings,M/M,English,28 Aug 2026,8.799999999999999,7.199999999999999,81.81818181818183
2026-09-08T21:34:43,cohort,80742436,,Harry Potter - J. K. Rowling,same,0,0,0,0,0,0,328,23,6,4,Mature,Creator Chose Not To Use Archive Warnings,M/M,English,28 Aug 2026,7.01219512195122,1.8292682926829267,26.08695652173913
2026-09-08T21:34:43,cohort,63163276,,Harry Potter - J. K. Rowling,same,0,0,0,0,0,0,2947,170,56,7,Not Rated,"Creator Chose Not To Use Archive Warnings, Graphic Depictions Of Violence, No Archive Warnings Apply, F/F, Gen, M/M",,English,28 Aug 2026,5.768578215134035,1.9002375296912115,32.94117647058823
2026-09-08T21:34:43,cohort,91540411,,Harry Potter - J. K. Rowling,same,0,0,0,0,0,0,201,31,5,1,Teen And Up Audiences,"Graphic Depictions Of Violence, Major Character Death, No category",,English,28 Aug 2026,15.422885572139302,2.4875621890547266,16.129032258064516
2026-09-08T21:34:43,cohort,91540341,,Harry Potter - J. K. Rowling,same,0,0,0,0,0,0,233,8,4,1,Explicit,No Archive Warnings Apply,F/F,English,28 Aug 2026,3.4334763948497855,1.7167381974248928,50.0
2026-09-08T21:34:43,cohort,91532376,,Harry Potter - J. K. Rowling,same,0,0,0,0,0,0,2037,118,5,1,Explicit,Graphic Depictions Of Violence,M/M,English,28 Aug 2026,5.792832596956308,0.24545900834560627,4.23728813559322
2026-09-08T21:34:43,cohort,57623161,,Harry Potter - J. K. Rowling,same,0,0,0,0,0,0,7652,194,78,23,Mature,"Graphic Depictions Of Violence, Creator Chose Not To Use Archive Warnings",F/M,English,28 Aug 2026,2.5352848928384732,1.0193413486670153,40.20618556701031
2026-09-08T21:34:43,cohort,89916316,,Harry Potter - J. K. Rowling,same,0,0,0,0,0,0,60,4,0,1,Mature,No Archive Warnings Apply,F/F,English,28 Aug 2026,6.666666666666667,0.0,0.0
2026-09-08T21:34:43,cohort,89915481,,Harry Potter - J. K. Rowling,same,0,0,0,0,0,0,62,4,0,1,Explicit,Rape/Non-Con,F/F,English,28 Aug 2026,6.451612903225806,0.0,0.0
2026-09-08T21:34:43,cohort,85911836,,Harry Potter - J. K. Rowling,same,0,0,0,0,0,0,183,8,0,7,Mature,"Underage Sex, Graphic Depictions Of Violence, Major Character Death",F/M,English,28 Aug 2026,4.371584699453552,0.0,0.0
2026-09-08T21:34:43,cohort,89914041,,Harry Potter - J. K. Rowling,same,0,0,0,0,0,0,62,2,2,1,Explicit,"No Archive Warnings Apply, F/F, Multi",,English,28 Aug 2026,3.225806451612903,3.225806451612903,100.0
2026-09-08T21:34:43,cohort,89786421,,Harry Potter - J. K. Rowling,same,0,0,0,0,0,0,115,19,0,1,General Audiences,No Archive Warnings Apply,F/F,English,28 Aug 2026,16.52173913043478,0.0,0.0
2026-09-08T21:34:43,cohort,40703556,,Harry Potter - J. K. Rowling,same,0,0,0,0,0,0,91710,3143,424,50,Explicit,"Creator Chose Not To Use Archive Warnings, M/M, Other",,English,28 Aug 2026,3.427107185694035,0.462326900010904,13.490295895641108
2026-09-08T21:34:43,cohort,91173016,,Harry Potter - J. K. Rowling,same,0,0,0,0,0,0,1490,61,159,28,Teen And Up Audiences,"No Archive Warnings Apply, F/M, M/M",,English,28 Aug 2026,4.093959731543624,10.671140939597315,260.655737704918
2026-09-08T21:34:43,cohort,83903151,,Harry Potter - J. K. Rowling,same,0,0,0,0,0,0,9183,538,136,6,Not Rated,Creator Chose Not To Use Archive Warnings,F/M,English,28 Aug 2026,5.858651856691713,1.4809974953718827,25.27881040892193
2026-09-08T21:34:43,cohort,68096376,,Harry Potter - J. K. Rowling,same,0,0,0,0,0,0,12738,192,81,25,General Audiences,Creator Chose Not To Use Archive Warnings,Gen,English,28 Aug 2026,1.507300989166274,0.6358926048045219,42.1875
2026-09-08T21:34:43,cohort,88294866,,Harry Potter - J. K. Rowling,same,0,0,0,0,0,0,846,26,6,9,General Audiences,Graphic Depictions Of Violence,Gen,English,28 Aug 2026,3.0732860520094563,0.7092198581560284,23.076923076923077
2026-09-08T21:34:43,cohort,91537641,,Harry Potter - J. K. Rowling,same,0,0,0,0,0,0,355,49,7,1,Not Rated,No Archive Warnings Apply,Gen,English,28 Aug 2026,13.802816901408452,1.971830985915493,14.285714285714285
2026-09-08T21:34:43,cohort,91537381,,Harry Potter - J. K. Rowling,same,0,0,0,0,0,0,1076,114,2,1,Explicit,No Archive Warnings Apply,M/M,English,28 Aug 2026,10.594795539033457,0.18587360594795538,1.7543859649122806
2026-09-08T21:34:43,cohort,89042326,,Harry Potter - J. K. Rowling,same,0,0,0,0,0,0,2383,213,43,4,Teen And Up Audiences,No Archive Warnings Apply,M/M,English,29 Aug 2026,8.938313050776332,1.80444817456987,20.187793427230048
2026-09-08T21:34:43,cohort,62576467,,Harry Potter - J. K. Rowling,same,0,0,0,0,0,0,6475,196,10,33,Mature,Creator Chose Not To Use Archive Warnings,F/M,English,28 Aug 2026,3.027027027027027,0.15444015444015444,5.1020408163265305
2026-09-08T21:34:43,cohort,89815916,,Harry Potter - J. K. Rowling,same,0,0,0,0,0,0,567,68,4,1,General Audiences,No Archive Warnings Apply,F/F,English,28 Aug 2026,11.992945326278658,0.7054673721340388,5.88235294117647
2026-09-08T21:34:43,cohort,90717446,,Harry Potter - J. K. Rowling,same,0,0,0,0,0,0,148,14,5,1,Mature,"No Archive Warnings Apply, F/F, Multi",,English,28 Aug 2026,9.45945945945946,3.3783783783783785,35.714285714285715
2026-09-08T21:34:43,cohort,89641111,,Harry Potter - J. K. Rowling,same,0,0,0,0,0,0,74,3,1,1,Mature,No Archive Warnings Apply,F/F,English,28 Aug 2026,4.054054054054054,1.3513513513513513,33.33333333333333
2026-09-08T21:34:43,cohort,90594921,,Harry Potter - J. K. Rowling,same,0,0,0,0,0,0,66,4,1,1,Teen And Up Audiences,No Archive Warnings Apply,F/F,English,28 Aug 2026,6.0606060606060606,1.5151515151515151,25.0
2026-09-08T21:34:43,cohort,66097870,,Harry Potter - J. K. Rowling,same,0,0,0,0,0,0,46092,1244,909,52,Explicit,"Graphic Depictions Of Violence, Major Character Death",F/M,English,28 Aug 2026,2.6989499262344876,1.9721426711793804,73.07073954983923
2026-09-08T21:34:43,cohort,91406226,,Harry Potter - J. K. Rowling,same,0,0,0,0,0,0,1060,33,8,40,Mature,"Graphic Depictions Of Violence, Major Character Death, Gen, M/M",,English,28 Aug 2026,3.1132075471698113,0.7547169811320755,24.242424242424242
2026-09-08T21:34:43,cohort,91536156,,Harry Potter - J. K. Rowling,same,0,0,0,0,0,0,55,10,9,1,Not Rated,"Creator Chose Not To Use Archive Warnings, Major Character Death, F/F, F/M, M/M",,English,28 Aug 2026,18.181818181818183,16.363636363636363,90.0
2026-09-08T21:34:43,cohort,33835045,,Harry Potter - J. K. Rowling,same,0,0,0,0,0,0,10261,721,27,4,Teen And Up Audiences,Major Character Death,Multi,English,28 Aug 2026,7.0266055939966865,0.2631322483188773,3.744798890429958
2026-09-08T21:34:43,cohort,29632275,,Harry Potter - J. K. Rowling,same,0,0,0,0,0,0,1379,46,13,16,Mature,Graphic Depictions Of Violence,F/M,English,28 Aug 2026,3.335750543872371,0.9427121102248005,28.26086956521739
2026-09-08T21:34:43,cohort,67147792,,Harry Potter - J. K. Rowling,same,0,0,0,0,0,0,43916,1503,494,31,Mature,Creator Chose Not To Use Archive Warnings,M/M,English,28 Aug 2026,3.4224428454321885,1.1248747609071863,32.86759813705922
2026-09-08T21:34:43,cohort,89664841,,Harry Potter - J. K. Rowling,same,0,0,0,0,0,0,131,8,2,2,Not Rated,"Creator Chose Not To Use Archive Warnings, F/F, F/M, M/M",,English,28 Aug 2026,6.106870229007633,1.5267175572519083,25.0
2026-09-08T21:34:43,cohort,90279671,,Harry Potter - J. K. Rowling,same,0,0,0,0,0,0,594,42,6,17,Not Rated,"Graphic Depictions Of Violence, Underage Sex",F/M,English,28 Aug 2026,7.07070707070707,1.0101010101010102,14.285714285714285
2026-09-08T21:34:43,cohort,84687306,,Harry Potter - J. K. Rowling,same,0,0,0,0,0,0,523,13,3,14,Teen And Up Audiences,Graphic Depictions Of Violence,M/M,English,28 Aug 2026,2.48565965583174,0.5736137667304015,23.076923076923077
2026-09-08T21:34:43,cohort,86603581,,Harry Potter - J. K. Rowling,same,0,0,0,0,0,0,1012,89,30,5,Mature,Graphic Depictions Of Violence,M/M,English,28 Aug 2026,8.794466403162057,2.9644268774703555,33.70786516853933
2026-09-08T21:34:43,cohort,91534746,,Harry Potter - J. K. Rowling,same,0,0,0,0,0,0,606,46,7,1,Explicit,"Graphic Depictions Of Violence, Rape/Non-Con, Underage Sex",F/M,English,28 Aug 2026,7.590759075907591,1.155115511551155,15.217391304347828
2026-09-08T21:34:43,cohort,77151156,,Harry Potter - J. K. Rowling,same,0,0,0,0,0,0,155,2,0,3,Not Rated,Creator Chose Not To Use Archive Warnings,M/M,English,28 Aug 2026,1.2903225806451613,0.0,0.0
2026-09-08T21:34:43,cohort,71321041,,Harry Potter - J. K. Rowling,same,0,0,0,0,0,0,54845,1097,1282,27,Not Rated,"Graphic Depictions Of Violence, Major Character Death, No category",,English,28 Aug 2026,2.0001823320266205,2.3374965812745008,116.86417502278942
2026-09-08T21:34:43,cohort,64638949,,Harry Potter - J. K. Rowling,same,0,0,0,0,0,0,5429,235,77,37,Explicit,"Graphic Depictions Of Violence, Major Character Death, Rape/Non-Con, Underage Sex",F/M,English,28 Aug 2026,4.328605636397127,1.4183090808620373,32.76595744680851
2026-09-08T21:34:43,cohort,91533706,,Harry Potter - J. K. Rowling,same,0,0,0,0,0,0,183,14,0,2,Teen And Up Audiences,"No Archive Warnings Apply, Underage Sex, M/M, Multi",,English,28 Aug 2026,7.650273224043716,0.0,0.0
2026-09-08T21:34:43,cohort,88247076,,Harry Potter - J. K. Rowling,same,0,0,0,0,0,0,2966,116,121,4,General Audiences,No Archive Warnings Apply,F/M,English,28 Aug 2026,3.910991233985165,4.079568442346595,104.3103448275862
2026-09-08T21:34:43,cohort,86185221,,Harry Potter - J. K. Rowling,same,0,0,0,0,0,0,58,0,5,5,Not Rated,"Creator Chose Not To Use Archive Warnings, F/F, F/M, M/M",,English,28 Aug 2026,0.0,8.620689655172415,0.0
2026-09-08T21:34:43,cohort,56364169,,Harry Potter - J. K. Rowling,same,0,0,0,0,0,0,74422,1714,661,40,Mature,Graphic Depictions Of Violence,Gen,English,28 Aug 2026,2.3030824218645023,0.8881782268683991,38.56476079346558
2026-09-08T21:34:43,cohort,91532946,,Harry Potter - J. K. Rowling,same,0,0,0,0,0,0,578,35,2,1,Not Rated,Creator Chose Not To Use Archive Warnings,M/M,English,28 Aug 2026,6.055363321799308,0.34602076124567477,5.714285714285714
2026-09-08T21:34:43,cohort,91532826,,Harry Potter - J. K. Rowling,same,0,0,0,0,0,0,222,19,1,1,Not Rated,"Creator Chose Not To Use Archive Warnings, F/F, F/M, M/M, Other",,English,28 Aug 2026,8.558558558558559,0.45045045045045046,5.263157894736842
2026-09-08T21:34:43,cohort,88003781,,Harry Potter - J. K. Rowling,same,0,0,0,0,0,0,905,17,2,4,Teen And Up Audiences,Creator Chose Not To Use Archive Warnings,Gen,English,28 Aug 2026,1.8784530386740332,0.22099447513812157,11.76470588235294
2026-09-08T21:34:43,cohort,74713236,,Harry Potter - J. K. Rowling,same,0,0,0,0,0,0,200,6,3,8,Teen And Up Audiences,"Creator Chose Not To Use Archive Warnings, Graphic Depictions Of Violence, Major Character Death, F/M, Multi",,English,28 Aug 2026,3.0,1.5,50.0
2026-09-08T21:34:43,cohort,91532356,,Harry Potter - J. K. Rowling,same,0,0,0,0,0,0,178,6,0,1,Mature,Creator Chose Not To Use Archive Warnings,F/M,English,28 Aug 2026,3.3707865168539324,0.0,0.0
2026-09-08T21:34:43,cohort,91532286,,Harry Potter - J. K. Rowling,same,0,0,0,0,0,0,866,60,8,1,Mature,No Archive Warnings Apply,F/M,English,28 Aug 2026,6.928406466512701,0.9237875288683602,13.333333333333334
2026-09-08T21:34:43,cohort,91532171,,Harry Potter - J. K. Rowling,same,0,0,0,0,0,0,154,10,4,1,Explicit,Creator Chose Not To Use Archive Warnings,Other,English,28 Aug 2026,6.493506493506493,2.5974025974025974,40.0
2026-09-08T21:34:43,cohort,77728016,,Harry Potter - J. K. Rowling,same,0,0,0,0,0,0,8553,238,68,6,Mature,Graphic Depictions Of Violence,F/M,English,28 Aug 2026,2.7826493627966795,0.7950426750847657,28.57142857142857
2026-09-08T21:34:43,cohort,82543316,,Harry Potter - J. K. Rowling,same,0,0,0,0,0,0,1035,50,28,6,Mature,No Archive Warnings Apply,F/M,English,28 Aug 2026,4.830917874396135,2.7053140096618358,56.00000000000001
2026-09-08T21:34:43,cohort,49973971,,Harry Potter - J. K. Rowling,same,0,0,0,0,0,0,933,41,32,22,Not Rated,"No Archive Warnings Apply, No category",,Čeština,28 Aug 2026,4.394426580921758,3.429796355841372,78.04878048780488
2026-09-08T21:34:43,cohort,86894976,,Harry Potter - J. K. Rowling,same,0,0,0,0,0,0,115,2,0,4,Not Rated,"Creator Chose Not To Use Archive Warnings, F/F, F/M, M/M",,English,28 Aug 2026,1.7391304347826086,0.0,0.0
2026-09-08T21:34:43,cohort,91531106,,Harry Potter - J. K. Rowling,same,0,0,0,0,0,0,1621,91,7,1,Explicit,No Archive Warnings Apply,M/M,English,28 Aug 2026,5.6138186304750155,0.431832202344232,7.6923076923076925
2026-09-08T21:34:43,cohort,91531076,,Harry Potter - J. K. Rowling,same,0,0,0,0,0,0,278,31,3,1,Explicit,No Archive Warnings Apply,M/M,Русский,28 Aug 2026,11.151079136690647,1.079136690647482,9.67741935483871
2026-09-08T21:34:43,cohort,90732806,,Harry Potter - J. K. Rowling,same,0,0,0,0,0,0,61,0,0,3,Mature,"Creator Chose Not To Use Archive Warnings, F/M, Gen, M/M, Multi",,English,28 Aug 2026,0.0,0.0,0.0
2026-09-08T21:34:43,cohort,85336001,,Harry Potter - J. K. Rowling,same,0,0,0,0,0,0,24513,511,1134,31,Explicit,No Archive Warnings Apply,F/M,English,28 Aug 2026,2.0846081670950105,4.6261167543752295,221.91780821917808
2026-09-08T21:34:43,cohort,78785941,,Harry Potter - J. K. Rowling,same,0,0,0,0,0,0,4992,613,97,23,Mature,Creator Chose Not To Use Archive Warnings,F/M,English,28 Aug 2026,12.279647435897436,1.9431089743589745,15.823817292006526
2026-09-08T21:34:43,cohort,83979786,,Harry Potter - J. K. Rowling,same,0,0,0,0,0,0,226,16,1,4,Explicit,"Creator Chose Not To Use Archive Warnings, F/F, M/M",,English,28 Aug 2026,7.079646017699115,0.4424778761061947,6.25
2026-09-08T21:34:43,cohort,91530401,,Harry Potter - J. K. Rowling,same,0,0,0,0,0,0,6622,384,14,1,Explicit,No Archive Warnings Apply,F/M,English,28 Aug 2026,5.798852310480218,0.21141649048625794,3.6458333333333335
2026-09-08T21:34:43,cohort,83242441,,Harry Potter - J. K. Rowling,same,0,0,0,0,0,0,4415,97,82,11,Mature,"Graphic Depictions Of Violence, Major Character Death, Rape/Non-Con",F/M,English,28 Aug 2026,2.197055492638732,1.857304643261608,84.5360824742268
2026-09-08T21:34:43,cohort,90521221,,Harry Potter - J. K. Rowling,same,0,0,0,0,0,0,3397,205,70,13,Mature,No Archive Warnings Apply,F/M,English,28 Aug 2026,6.034736532234324,2.0606417427141595,34.146341463414636
2026-09-08T21:34:43,cohort,72609666,,Harry Potter - J. K. Rowling,same,0,0,0,0,0,0,6993,168,319,27,Explicit,No Archive Warnings Apply,F/M,English,28 Aug 2026,2.4024024024024024,4.561704561704562,189.88095238095238
2026-09-08T21:34:43,cohort,91489221,,Harry Potter - J. K. Rowling,same,0,0,0,0,0,0,179,8,0,5,Explicit,"Graphic Depictions Of Violence, Major Character Death, Rape/Non-Con",M/M,English,28 Aug 2026,4.4692737430167595,0.0,0.0
2026-09-08T21:34:43,cohort,85281391,,Harry Potter - J. K. Rowling,same,0,0,0,0,0,0,20555,956,796,10,Explicit,No Archive Warnings Apply,F/M,English,28 Aug 2026,4.6509365117976165,3.8725370955971785,83.26359832635984
2026-09-08T21:34:43,cohort,70955116,,Harry Potter - J. K. Rowling,same,0,0,0,0,0,0,15873,577,205,14,Teen And Up Audiences,Graphic Depictions Of Violence,Gen,English,28 Aug 2026,3.635103635103635,1.2915012915012913,35.52859618717504
2026-09-08T21:34:43,cohort,83714056,,Harry Potter - J. K. Rowling,same,0,0,0,0,0,0,4045,179,27,12,Teen And Up Audiences,No Archive Warnings Apply,Gen,English,28 Aug 2026,4.42521631644005,0.6674907292954265,15.083798882681565
2026-09-08T21:34:43,cohort,64808710,,Harry Potter - J. K. Rowling,same,0,0,0,0,0,0,3559,67,6,52,Explicit,Graphic Depictions Of Violence,F/M,English,28 Aug 2026,1.8825512784490024,0.1685866816521495,8.955223880597014
2026-09-08T21:34:43,cohort,91528451,,Harry Potter - J. K. Rowling,same,0,0,0,0,0,0,204,20,3,1,Explicit,Rape/Non-Con,F/M,Русский,28 Aug 2026,9.803921568627452,1.4705882352941175,15.0
2026-09-08T21:34:43,cohort,91527726,,Harry Potter - J. K. Rowling,same,0,0,0,0,0,0,200,33,11,1,Explicit,No Archive Warnings Apply,M/M,Русский,28 Aug 2026,16.5,5.5,33.33333333333333
2026-09-08T21:34:43,cohort,90198626,,Harry Potter - J. K. Rowling,same,0,0,0,0,0,0,449,11,7,10,General Audiences,No Archive Warnings Apply,M/M,English,28 Aug 2026,2.4498886414253898,1.55902004454343,63.63636363636363
2026-09-08T21:34:43,cohort,77577551,,Harry Potter - J. K. Rowling,same,0,0,0,0,0,0,282,18,2,3,Not Rated,"Creator Chose Not To Use Archive Warnings, No category",,English,28 Aug 2026,6.382978723404255,0.7092198581560284,11.11111111111111
2026-09-08T21:34:43,cohort,87665571,,Harry Potter - J. K. Rowling,same,0,0,0,0,0,0,195,4,5,17,General Audiences,"Creator Chose Not To Use Archive Warnings, M/M, Multi",,中文-普通话 國語,28 Aug 2026,2.051282051282051,2.564102564102564,125.0
2026-09-08T21:34:43,cohort,46028560,,Harry Potter - J. K. Rowling,same,0,0,0,0,0,0,11591,488,370,31,Explicit,"Rape/Non-Con, Underage Sex",M/M,English,28 Aug 2026,4.210163057544647,3.1921318264170475,75.81967213114754
2026-09-08T21:34:43,cohort,83500786,,Harry Potter - J. K. Rowling,same,0,0,0,0,0,0,46415,958,448,36,Explicit,Creator Chose Not To Use Archive Warnings,F/M,English,28 Aug 2026,2.0639879349348274,0.9652052138317354,46.764091858037574
2026-09-08T21:34:43,cohort,91526411,,Harry Potter - J. K. Rowling,same,0,0,0,0,0,0,51,8,0,1,Teen And Up Audiences,No Archive Warnings Apply,F/M,English,28 Aug 2026,15.686274509803921,0.0,0.0
2026-09-08T21:34:43,cohort,62430004,,Harry Potter - J. K. Rowling,same,0,0,0,0,0,0,14829,878,136,11,Teen And Up Audiences,Creator Chose Not To Use Archive Warnings,F/M,English,28 Aug 2026,5.920830804504687,0.9171218558230495,15.489749430523919
2026-09-08T21:34:43,cohort,91527416,,Harry Potter - J. K. Rowling,same,0,0,0,0,0,0,89,14,1,1,Explicit,No Archive Warnings Apply,F/M,Русский,28 Aug 2026,15.730337078651685,1.1235955056179776,7.142857142857142
2026-09-08T21:34:43,cohort,91526166,,Harry Potter - J. K. Rowling,same,0,0,0,0,0,0,109,6,0,7,Not Rated,"Creator Chose Not To Use Archive Warnings, F/M, M/M",,中文-普通话 國語,28 Aug 2026,5.5045871559633035,0.0,0.0
2026-09-08T21:34:43,cohort,90275016,,Harry Potter - J. K. Rowling,same,0,0,0,0,0,0,395,27,40,3,Explicit,"Graphic Depictions Of Violence, M/M, Other",,English,28 Aug 2026,6.8354430379746836,10.126582278481013,148.14814814814815
2026-09-08T21:34:43,cohort,52226011,,Harry Potter - J. K. Rowling,same,0,0,0,0,0,0,3450,234,18,5,Teen And Up Audiences,"Graphic Depictions Of Violence, Underage Sex",M/M,English,28 Aug 2026,6.782608695652175,0.5217391304347827,7.6923076923076925
2026-09-08T21:34:43,cohort,83168751,,Harry Potter - J. K. Rowling,same,0,0,0,0,0,0,6164,426,101,4,Explicit,"Graphic Depictions Of Violence, Underage Sex, Creator Chose Not To Use Archive Warnings",M/M,English,28 Aug 2026,6.91109669046074,1.6385463984425697,23.708920187793428
2026-09-08T21:34:43,cohort,91521526,,Harry Potter - J. K. Rowling,same,0,0,0,0,0,0,108,8,2,1,Explicit,Creator Chose Not To Use Archive Warnings,M/M,English,28 Aug 2026,7.4074074074074066,1.8518518518518516,25.0
2026-09-08T21:34:43,cohort,69049471,,Harry Potter - J. K. Rowling,same,0,0,0,0,0,0,4810,78,30,43,Explicit,Creator Chose Not To Use Archive Warnings,F/M,English,28 Aug 2026,1.6216216216216217,0.6237006237006237,38.46153846153847
2026-09-08T21:34:43,cohort,91522181,,Harry Potter - J. K. Rowling,same,0,0,0,0,0,0,194,15,0,3,Teen And Up Audiences,No Archive Warnings Apply,Gen,English,28 Aug 2026,7.731958762886598,0.0,0.0
2026-09-08T21:34:43,cohort,91525446,,Harry Potter - J. K. Rowling,same,0,0,0,0,0,0,181,32,10,1,Explicit,No Archive Warnings Apply,M/M,Русский,28 Aug 2026,17.67955801104972,5.524861878453039,31.25
2026-09-08T21:34:43,cohort,67790371,,Harry Potter - J. K. Rowling,same,0,0,0,0,0,0,41364,1111,600,22,Mature,Creator Chose Not To Use Archive Warnings,F/M,English,28 Aug 2026,2.6859104535344747,1.450536698578474,54.005400540054005
2026-09-08T21:34:43,cohort,52170400,,Harry Potter - J. K. Rowling,same,0,0,0,0,0,0,610,36,29,5,Teen And Up Audiences,No Archive Warnings Apply,M/M,English,28 Aug 2026,5.901639344262295,4.754098360655737,80.55555555555556
2026-09-08T21:34:43,cohort,91525376,,Harry Potter - J. K. Rowling,same,0,0,0,0,0,0,54,2,1,1,Teen And Up Audiences,No Archive Warnings Apply,F/M,English,28 Aug 2026,3.7037037037037033,1.8518518518518516,50.0
2026-09-08T21:34:43,cohort,63348709,,Harry Potter - J. K. Rowling,same,0,0,0,0,0,0,24284,621,227,24,Teen And Up Audiences,"Major Character Death, Underage Sex, F/M, M/M",,English,28 Aug 2026,2.557239334541262,0.9347718662493824,36.553945249597426
2026-09-08T21:34:43,cohort,88303146,,Harry Potter - J. K. Rowling,same,0,0,0,0,0,0,722,29,11,7,Teen And Up Audiences,No Archive Warnings Apply,M/M,English,28 Aug 2026,4.016620498614958,1.5235457063711912,37.93103448275862
2026-09-08T21:34:43,cohort,85048421,,Harry Potter - J. K. Rowling,same,0,0,0,0,0,0,299,7,0,2,Explicit,"Graphic Depictions Of Violence, Major Character Death",F/M,English,28 Aug 2026,2.341137123745819,0.0,0.0
2026-09-08T21:34:43,cohort,91524626,,Harry Potter - J. K. Rowling,same,0,0,0,0,0,0,157,33,6,1,Explicit,No Archive Warnings Apply,M/M,Русский,28 Aug 2026,21.019108280254777,3.821656050955414,18.181818181818183
2026-09-08T21:34:43,cohort,87714016,,Harry Potter - J. K. Rowling,same,0,0,0,0,0,0,202,9,0,29,Not Rated,Creator Chose Not To Use Archive Warnings,M/M,English,28 Aug 2026,4.455445544554455,0.0,0.0
2026-09-08T21:34:43,cohort,91524466,,Harry Potter - J. K. Rowling,same,0,0,0,0,0,0,62,7,1,1,Mature,No Archive Warnings Apply,F/M,Русский,28 Aug 2026,11.29032258064516,1.6129032258064515,14.285714285714285
2026-09-08T21:34:43,cohort,91523926,,Harry Potter - J. K. Rowling,same,0,0,0,0,0,0,86,6,0,1,Teen And Up Audiences,"Creator Chose Not To Use Archive Warnings, No Archive Warnings Apply",F/M,English,28 Aug 2026,6.976744186046512,0.0,0.0
2026-09-08T21:34:43,cohort,91326866,,Harry Potter - J. K. Rowling,same,0,0,0,0,0,0,685,28,1,2,Explicit,"Creator Chose Not To Use Archive Warnings, Rape/Non-Con",F/M,English,28 Aug 2026,4.087591240875913,0.145985401459854,3.571428571428571
2026-09-08T21:34:43,cohort,63273058,,Harry Potter - J. K. Rowling,same,0,0,0,0,0,0,2241,65,8,19,Mature,"No Archive Warnings Apply, Graphic Depictions Of Violence",M/M,English,28 Aug 2026,2.900490852298081,0.35698348951361,12.307692307692308
2026-09-08T21:34:43,cohort,91522516,,Harry Potter - J. K. Rowling,same,0,0,0,0,0,0,176,24,14,1,Explicit,No Archive Warnings Apply,M/M,Русский,28 Aug 2026,13.636363636363635,7.954545454545454,58.333333333333336
2026-09-08T21:34:43,cohort,89380986,,Harry Potter - J. K. Rowling,same,0,0,0,0,0,0,2470,79,63,67,Not Rated,Creator Chose Not To Use Archive Warnings,F/M,English,28 Aug 2026,3.1983805668016196,2.5506072874493926,79.74683544303798
2026-09-08T21:34:43,cohort,91514151,,Harry Potter - J. K. Rowling,same,0,0,0,0,0,0,2909,249,20,1,Explicit,No Archive Warnings Apply,F/M,English,28 Aug 2026,8.559642488827777,0.6875214850464076,8.032128514056225
2026-09-08T21:34:43,cohort,91522111,,Harry Potter - J. K. Rowling,same,0,0,0,0,0,0,147,19,6,1,Explicit,Creator Chose Not To Use Archive Warnings,F/M,中文-普通话 國語,28 Aug 2026,12.925170068027212,4.081632653061225,31.57894736842105
2026-09-08T21:34:43,cohort,62141233,,Harry Potter - J. K. Rowling,same,0,0,0,0,0,0,30585,119,172,39,Mature,"No Archive Warnings Apply, Graphic Depictions Of Violence, Underage Sex, F/F, F/M, Multi",,English,28 Aug 2026,0.3890796141899624,0.562367173451038,144.53781512605042
2026-09-08T21:34:43,cohort,85222736,,Harry Potter - J. K. Rowling,same,0,0,0,0,0,0,1211,62,39,5,General Audiences,"No Archive Warnings Apply, No category",,English,28 Aug 2026,5.119735755573906,3.2204789430222958,62.903225806451616
2026-09-08T21:34:43,cohort,67319965,,Harry Potter - J. K. Rowling,same,0,0,0,0,0,0,69,1,0,69,Explicit,"Graphic Depictions Of Violence, Underage Sex",Multi,Deutsch,28 Aug 2026,1.4492753623188406,0.0,0.0
2026-09-08T21:34:43,cohort,91521431,,Harry Potter - J. K. Rowling,same,0,0,0,0,0,0,2355,236,35,1,Explicit,No Archive Warnings Apply,M/M,English,28 Aug 2026,10.02123142250531,1.48619957537155,14.83050847457627
2026-09-08T21:34:43,cohort,74084081,,Harry Potter - J. K. Rowling,same,0,0,0,0,0,0,378,26,13,6,General Audiences,"Creator Chose Not To Use Archive Warnings, F/F, F/M, M/M",,English,28 Aug 2026,6.878306878306878,3.439153439153439,50.0
2026-09-08T21:34:43,cohort,91425581,,Harry Potter - J. K. Rowling,same,0,0,0,0,0,0,794,39,4,1,Mature,No Archive Warnings Apply,F/M,English,28 Aug 2026,4.91183879093199,0.5037783375314862,10.256410256410255
2026-09-08T21:34:43,cohort,91521011,,Harry Potter - J. K. Rowling,same,0,0,0,0,0,0,653,64,0,1,Mature,Creator Chose Not To Use Archive Warnings,M/M,English,28 Aug 2026,9.80091883614089,0.0,0.0
2026-09-08T21:34:43,cohort,91520971,,Harry Potter - J. K. Rowling,same,0,0,0,0,0,0,196,25,4,1,Explicit,No Archive Warnings Apply,M/M,Русский,28 Aug 2026,12.755102040816327,2.0408163265306123,16.0
2026-09-08T21:34:43,cohort,84027556,,Harry Potter - J. K. Rowling,same,0,0,0,0,0,0,2518,110,11,7,Mature,"Graphic Depictions Of Violence, Rape/Non-Con, Underage Sex, F/F, F/M, M/M, Multi",,English,28 Aug 2026,4.368546465448769,0.4368546465448769,10.0
2026-09-08T21:34:43,cohort,72293391,,Harry Potter - J. K. Rowling,same,0,0,0,0,0,0,3526,49,31,17,Explicit,"Creator Chose Not To Use Archive Warnings, Graphic Depictions Of Violence, F/F, F/M, M/M, Multi",,English,28 Aug 2026,1.3896766874645492,0.8791832104367556,63.26530612244898
2026-09-08T21:34:43,cohort,90798916,,Harry Potter - J. K. Rowling,same,0,0,0,0,0,0,198,14,2,2,Explicit,Graphic Depictions Of Violence,M/M,English,28 Aug 2026,7.07070707070707,1.0101010101010102,14.285714285714285
2026-09-08T21:34:43,cohort,73423526,,Harry Potter - J. K. Rowling,same,0,0,0,0,0,0,73665,2342,1686,24,Explicit,Creator Chose Not To Use Archive Warnings,M/M,English,28 Aug 2026,3.179257449263558,2.288739564243535,71.98975234842015
2026-09-08T21:34:43,cohort,91520006,,Harry Potter - J. K. Rowling,same,0,0,0,0,0,0,165,28,2,1,Mature,No Archive Warnings Apply,M/M,Русский,28 Aug 2026,16.969696969696972,1.2121212121212122,7.142857142857142
2026-09-08T21:34:43,cohort,86146386,,Harry Potter - J. K. Rowling,same,0,0,0,0,0,0,4891,211,139,6,Explicit,No Archive Warnings Apply,F/M,English,28 Aug 2026,4.314046207319566,2.8419546105090987,65.87677725118483
2026-09-08T21:34:43,cohort,91239486,,Harry Potter - J. K. Rowling,same,0,0,0,0,0,0,61,5,4,3,Mature,"Graphic Depictions Of Violence, Major Character Death",M/M,English,28 Aug 2026,8.19672131147541,6.557377049180328,80.0
2026-09-08T21:34:43,cohort,91516841,,Harry Potter - J. K. Rowling,same,0,0,0,0,0,0,723,17,5,1,Mature,"No Archive Warnings Apply, No category",,English,28 Aug 2026,2.351313969571231,0.6915629322268326,29.411764705882355
2026-09-08T21:34:43,cohort,88484731,,Harry Potter - J. K. Rowling,same,0,0,0,0,0,0,6060,397,173,4,Explicit,Creator Chose Not To Use Archive Warnings,F/M,English,28 Aug 2026,6.55115511551155,2.854785478547855,43.57682619647355
2026-09-08T21:34:43,cohort,52988485,,Harry Potter - J. K. Rowling,same,0,0,0,0,0,0,56853,2065,706,48,Mature,"Graphic Depictions Of Violence, Rape/Non-Con, F/M, M/M",,English,28 Aug 2026,3.6321742036480047,1.2417990255571385,34.18886198547216
2026-09-08T21:34:43,cohort,91187951,,Harry Potter - J. K. Rowling,same,0,0,0,0,0,0,117,10,0,2,General Audiences,Creator Chose Not To Use Archive Warnings,F/M,中文-普通话 國語,28 Aug 2026,8.547008547008547,0.0,0.0
2026-09-08T21:34:43,cohort,89794961,,Harry Potter - J. K. Rowling,same,0,0,0,0,0,0,2103,74,4,5,Explicit,Creator Chose Not To Use Archive Warnings,M/M,English,28 Aug 2026,3.518782691393248,0.1902044698050404,5.405405405405405
2026-09-08T21:34:43,cohort,91517231,,Harry Potter - J. K. Rowling,same,0,0,0,0,0,0,116,5,0,2,Teen And Up Audiences,Creator Chose Not To Use Archive Warnings,M/M,English,28 Aug 2026,4.310344827586207,0.0,0.0
2026-09-08T21:34:43,cohort,83307441,,Harry Potter - J. K. Rowling,same,0,0,0,0,0,0,10550,408,78,4,Teen And Up Audiences,"No Archive Warnings Apply, F/M, Gen",,English,28 Aug 2026,3.867298578199052,0.7393364928909952,19.11764705882353
2026-09-08T21:34:43,cohort,91518571,,Harry Potter - J. K. Rowling,same,0,0,0,0,0,0,88,9,1,1,General Audiences,"No Archive Warnings Apply, No category",,English,28 Aug 2026,10.227272727272728,1.1363636363636365,11.11111111111111
2026-09-08T21:34:43,cohort,26728354,,Harry Potter - J. K. Rowling,same,0,0,0,0,0,0,25381,988,177,9,Teen And Up Audiences,"Creator Chose Not To Use Archive Warnings, Gen, Multi",,English,28 Aug 2026,3.8926756234978916,0.6973720499586304,17.91497975708502
2026-09-08T21:34:43,cohort,90916376,,Harry Potter - J. K. Rowling,same,0,0,0,0,0,0,6681,208,0,8,Teen And Up Audiences,No Archive Warnings Apply,F/M,English,28 Aug 2026,3.1133063912587935,0.0,0.0
2026-09-08T21:34:43,cohort,1133270,,Harry Potter - J. K. Rowling,same,0,0,0,0,0,0,9929,742,83,31,General Audiences,"Creator Chose Not To Use Archive Warnings, Gen, F/M, M/M",,English,28 Aug 2026,7.473058716889919,0.8359351394903817,11.185983827493262
2026-09-08T21:34:43,cohort,91231821,,Harry Potter - J. K. Rowling,same,0,0,0,0,0,0,194,12,1,6,General Audiences,Creator Chose Not To Use Archive Warnings,M/M,English,28 Aug 2026,6.185567010309279,0.5154639175257731,8.333333333333332
2026-09-08T21:34:43,cohort,90525256,,Harry Potter - J. K. Rowling,same,0,0,0,0,0,0,373,32,12,6,Not Rated,No Archive Warnings Apply,Gen,English,28 Aug 2026,8.579088471849866,3.2171581769436997,37.5
2026-09-08T21:34:43,cohort,91517461,,Harry Potter - J. K. Rowling,same,0,0,0,0,0,0,1535,18,4,1,Explicit,"No Archive Warnings Apply, F/M, Multi",,English,28 Aug 2026,1.1726384364820848,0.26058631921824105,22.22222222222222
2026-09-08T21:34:43,cohort,84025726,,Harry Potter - J. K. Rowling,same,0,0,0,0,0,0,353,17,4,9,Mature,No Archive Warnings Apply,M/M,English,28 Aug 2026,4.815864022662889,1.13314447592068,23.52941176470588
2026-09-08T21:34:43,cohort,90156236,,Harry Potter - J. K. Rowling,same,0,0,0,0,0,0,496,55,14,8,Not Rated,No Archive Warnings Apply,M/M,中文-普通话 國語,28 Aug 2026,11.088709677419354,2.82258064516129,25.454545454545453
2026-09-08T21:34:43,cohort,63724507,,Harry Potter - J. K. Rowling,same,0,0,0,0,0,0,18229,362,130,11,Not Rated,Graphic Depictions Of Violence,F/M,English,28 Aug 2026,1.985846727741511,0.7131493773657359,35.91160220994475
2026-09-08T21:34:43,cohort,81910851,,Harry Potter - J. K. Rowling,same,0,0,0,0,0,0,20552,405,89,40,Explicit,"Graphic Depictions Of Violence, No Archive Warnings Apply, Rape/Non-Con, Major Character Death, Underage Sex",M/M,English,28 Aug 2026,1.9706111327364735,0.43304787855196575,21.975308641975307
2026-09-08T21:34:43,cohort,91516536,,Harry Potter - J. K. Rowling,same,0,0,0,0,0,0,243,28,7,1,Mature,Underage Sex,M/M,English,28 Aug 2026,11.522633744855968,2.880658436213992,25.0
2026-09-08T21:34:43,cohort,79973806,,Harry Potter - J. K. Rowling,same,0,0,0,0,0,0,3575,77,28,107,Not Rated,Creator Chose Not To Use Archive Warnings,Other,English,28 Aug 2026,2.1538461538461537,0.7832167832167832,36.36363636363637
2026-09-08T21:34:43,cohort,91460331,,Harry Potter - J. K. Rowling,same,0,0,0,0,0,0,71,0,1,8,General Audiences,"No Archive Warnings Apply, F/F, F/M",,English,28 Aug 2026,0.0,1.4084507042253522,0.0
2026-09-08T21:34:43,cohort,91516071,,Harry Potter - J. K. Rowling,same,0,0,0,0,0,0,130,21,4,1,Mature,"No Archive Warnings Apply, Underage Sex",F/F,Русский,28 Aug 2026,16.153846153846153,3.076923076923077,19.047619047619047
2026-09-08T21:34:43,cohort,91516051,,Harry Potter - J. K. Rowling,same,0,0,0,0,0,0,223,13,0,1,Mature,No Archive Warnings Apply,M/M,English,28 Aug 2026,5.829596412556054,0.0,0.0
2026-09-08T21:34:43,cohort,91336711,,Harry Potter - J. K. Rowling,same,0,0,0,0,0,0,134,6,0,31,Mature,Creator Chose Not To Use Archive Warnings,F/M,English,28 Aug 2026,4.477611940298507,0.0,0.0
2026-09-08T21:34:43,cohort,91515231,,Harry Potter - J. K. Rowling,same,0,0,0,0,0,0,1158,155,4,1,General Audiences,Creator Chose Not To Use Archive Warnings,M/M,English,28 Aug 2026,13.385146804835923,0.3454231433506045,2.5806451612903225
2026-09-08T21:34:43,cohort,91335141,,Harry Potter - J. K. Rowling,same,0,0,0,0,0,0,757,19,10,4,Not Rated,"No Archive Warnings Apply, No category",,English,28 Aug 2026,2.509907529722589,1.321003963011889,52.63157894736842
2026-09-08T21:34:43,cohort,85327076,,Harry Potter - J. K. Rowling,same,0,0,0,0,0,0,824,51,25,5,Mature,No Archive Warnings Apply,M/M,English,28 Aug 2026,6.189320388349515,3.033980582524272,49.01960784313725
2026-09-08T21:34:43,cohort,91514611,,Harry Potter - J. K. Rowling,same,0,0,0,0,0,0,846,61,4,1,Teen And Up Audiences,"Major Character Death, F/M, Gen",,English,28 Aug 2026,7.210401891252956,0.4728132387706856,6.557377049180328
2026-09-08T21:34:43,cohort,68297206,,Harry Potter - J. K. Rowling,same,0,0,0,0,0,0,110150,1329,251,12,Explicit,"Creator Chose Not To Use Archive Warnings, F/F, F/M, Multi",,English,28 Aug 2026,1.206536541080345,0.22787108488424873,18.88638073739654
2026-09-08T21:34:43,cohort,90199756,,Harry Potter - J. K. Rowling,same,0,0,0,0,0,0,616,45,11,1,Explicit,Creator Chose Not To Use Archive Warnings,F/M,English,28 Aug 2026,7.305194805194805,1.7857142857142856,24.444444444444443
2026-09-08T21:34:43,cohort,61153456,,Harry Potter - J. K. Rowling,same,0,0,0,0,0,0,117102,1450,1321,41,Mature,"Creator Chose Not To Use Archive Warnings, Graphic Depictions Of Violence",F/M,English,28 Aug 2026,1.2382367508667658,1.128076377858619,91.10344827586206
2026-09-08T21:34:43,cohort,80296296,,Harry Potter - J. K. Rowling,same,0,0,0,0,0,0,427,23,30,11,Not Rated,Creator Chose Not To Use Archive Warnings,F/F,English,28 Aug 2026,5.386416861826698,7.02576112412178,130.43478260869566
2026-09-08T21:34:43,cohort,91556621,,Harry Potter - J. K. Rowling,same,0,0,0,0,0,0,959,30,15,24,Explicit,Creator Chose Not To Use Archive Warnings,F/M,English,28 Aug 2026,3.1282586027111576,1.5641293013555788,50.0
2026-09-08T21:34:43,cohort,91495441,,Harry Potter - J. K. Rowling,same,0,0,0,0,0,0,53,0,0,5,Teen And Up Audiences,"Creator Chose Not To Use Archive Warnings, F/M, Multi",,English,28 Aug 2026,0.0,0.0,0.0
2026-09-08T21:34:43,cohort,91387901,,Harry Potter - J. K. Rowling,same,0,0,0,0,0,0,109,6,0,2,Explicit,Underage Sex,M/M,English,28 Aug 2026,5.5045871559633035,0.0,0.0
2026-09-08T21:34:43,cohort,91090401,,Harry Potter - J. K. Rowling,same,0,0,0,0,0,0,140,5,0,10,General Audiences,"Creator Chose Not To Use Archive Warnings, F/F, F/M, M/M",,English,28 Aug 2026,3.571428571428571,0.0,0.0
2026-09-08T21:34:43,cohort,91085726,,Harry Potter - J. K. Rowling,same,0,0,0,0,0,0,461,88,34,2,Not Rated,Creator Chose Not To Use Archive Warnings,Gen,English,28 Aug 2026,19.088937093275486,7.37527114967462,38.63636363636363
2026-09-08T21:34:43,cohort,90786351,,Harry Potter - J. K. Rowling,same,0,0,0,0,0,0,449,35,3,1,General Audiences,No Archive Warnings Apply,F/F,English,28 Aug 2026,7.795100222717149,0.6681514476614699,8.571428571428571
2026-09-08T21:34:43,cohort,90744356,,Harry Potter - J. K. Rowling,same,0,0,0,0,0,0,3336,114,62,4,Explicit,Rape/Non-Con,F/M,English,28 Aug 2026,3.41726618705036,1.8585131894484412,54.385964912280706
2026-09-08T21:34:43,cohort,87743906,,Harry Potter - J. K. Rowling,same,0,0,0,0,0,0,48808,672,593,86,Explicit,"Creator Chose Not To Use Archive Warnings, Underage Sex, F/M, M/M",,English,28 Aug 2026,1.376823471562039,1.2149647598754303,88.24404761904762
2026-09-08T21:34:43,cohort,87664766,,Harry Potter - J. K. Rowling,same,0,0,0,0,0,0,1469,85,32,9,Explicit,No Archive Warnings Apply,F/F,English,28 Aug 2026,5.786249149081008,2.1783526208304966,37.64705882352941
2026-09-08T21:34:43,cohort,86746796,,Harry Potter - J. K. Rowling,same,0,0,0,0,0,0,1592,43,5,10,Explicit,Creator Chose Not To Use Archive Warnings,F/M,English,28 Aug 2026,2.701005025125628,0.314070351758794,11.627906976744185
2026-09-08T21:34:43,cohort,84878581,,Harry Potter - J. K. Rowling,same,0,0,0,0,0,0,198,2,0,3,Teen And Up Audiences,Creator Chose Not To Use Archive Warnings,Gen,English,28 Aug 2026,1.0101010101010102,0.0,0.0
2026-09-08T21:34:43,cohort,84438406,,Harry Potter - J. K. Rowling,same,0,0,0,0,0,0,237,4,95,10,Not Rated,"Creator Chose Not To Use Archive Warnings, M/M, Multi",,English,28 Aug 2026,1.6877637130801686,40.08438818565401,2375.0
2026-09-08T21:34:43,cohort,83236896,,Harry Potter - J. K. Rowling,same,0,0,0,0,0,0,5458,305,133,13,Teen And Up Audiences,Creator Chose Not To Use Archive Warnings,M/M,English,28 Aug 2026,5.588127519237816,2.4367900329791135,43.606557377049185
2026-09-08T21:34:43,cohort,83198461,,Harry Potter - J. K. Rowling,same,0,0,0,0,0,0,10528,262,223,34,Mature,"Creator Chose Not To Use Archive Warnings, F/M, M/M",,English,28 Aug 2026,2.488601823708207,2.118161094224924,85.1145038167939
2026-09-08T21:34:43,cohort,76792936,,Harry Potter - J. K. Rowling,same,0,0,0,0,0,0,4355,184,50,4,Not Rated,"Creator Chose Not To Use Archive Warnings, Multi, Gen",,English,28 Aug 2026,4.225028702640643,1.1481056257175661,27.173913043478258
2026-09-08T21:34:43,cohort,75968846,,Harry Potter - J. K. Rowling,same,0,0,0,0,0,0,728,29,14,4,Teen And Up Audiences,Graphic Depictions Of Violence,Multi,Español,28 Aug 2026,3.983516483516483,1.9230769230769231,48.275862068965516
2026-09-08T21:34:43,cohort,73986361,,Harry Potter - J. K. Rowling,same,0,0,0,0,0,0,25150,227,212,33,Teen And Up Audiences,"Creator Chose Not To Use Archive Warnings, Graphic Depictions Of Violence",F/M,English,28 Aug 2026,0.9025844930417495,0.8429423459244533,93.3920704845815
2026-09-08T21:34:43,cohort,72274016,,Harry Potter - J. K. Rowling,same,0,0,0,0,0,0,37170,552,1205,52,Explicit,Graphic Depictions Of Violence,F/M,English,28 Aug 2026,1.4850686037126715,3.2418617164379873,218.29710144927535
2026-09-08T21:34:43,cohort,68578101,,Harry Potter - J. K. Rowling,same,0,0,0,0,0,0,716,17,12,23,Mature,"Creator Chose Not To Use Archive Warnings, F/F, F/M, M/M, Other",,English,28 Aug 2026,2.3743016759776534,1.675977653631285,70.58823529411765
2026-09-08T21:34:43,cohort,67806816,,Harry Potter - J. K. Rowling,same,0,0,0,0,0,0,112,4,1,4,Not Rated,"Creator Chose Not To Use Archive Warnings, F/F, F/M, M/M",,English,28 Aug 2026,3.571428571428571,0.8928571428571428,25.0
2026-09-08T21:34:43,cohort,64686712,,Harry Potter - J. K. Rowling,same,0,0,0,0,0,0,12683,178,181,79,Explicit,"Graphic Depictions Of Violence, Major Character Death, Rape/Non-Con",F/M,English,28 Aug 2026,1.40345344161476,1.4271071513048963,101.68539325842696
2026-09-08T21:34:43,cohort,60696388,,Harry Potter - J. K. Rowling,same,0,0,0,0,0,0,2049,41,26,9,Explicit,"Graphic Depictions Of Violence, No category",,English,28 Aug 2026,2.0009760858955588,1.268911664226452,63.41463414634146
2026-09-08T21:34:43,cohort,59194180,,Harry Potter - J. K. Rowling,same,0,0,0,0,0,0,493,24,0,12,General Audiences,No Archive Warnings Apply,Multi,English,28 Aug 2026,4.86815415821501,0.0,0.0
2026-09-08T21:34:43,cohort,49222894,,Harry Potter - J. K. Rowling,same,0,0,0,0,0,0,18685,470,177,29,Teen And Up Audiences,"Graphic Depictions Of Violence, Rape/Non-Con, F/M, M/M",,English,28 Aug 2026,2.5153866738025155,0.9472839175809473,37.659574468085104
2026-09-08T21:34:43,cohort,40505556,,Harry Potter - J. K. Rowling,same,0,0,0,0,0,0,22601,955,157,24,Teen And Up Audiences,Creator Chose Not To Use Archive Warnings,M/M,Español,28 Aug 2026,4.225476748816424,0.694659528339454,16.43979057591623
2026-09-08T21:34:43,cohort,90749096,,Harry Potter - J. K. Rowling,same,0,0,0,0,0,0,179,8,2,2,Explicit,"Graphic Depictions Of Violence, Major Character Death, Rape/Non-Con",M/M,English,28 Aug 2026,4.4692737430167595,1.1173184357541899,25.0
2026-09-08T21:34:43,cohort,60344923,,Harry Potter - J. K. Rowling,same,0,0,0,0,0,0,17842,161,160,90,Mature,Graphic Depictions Of Violence,F/M,English,28 Aug 2026,0.9023652056944289,0.8967604528640286,99.37888198757764
2026-09-08T21:34:43,cohort,91509456,,Harry Potter - J. K. Rowling,same,0,0,0,0,0,0,185,5,2,1,Mature,"Creator Chose Not To Use Archive Warnings, Underage Sex, F/M, M/M",,English,28 Aug 2026,2.7027027027027026,1.0810810810810811,40.0
2026-09-08T21:34:43,cohort,65666302,,Harry Potter - J. K. Rowling,same,0,0,0,0,0,0,2873,82,42,18,Not Rated,"Creator Chose Not To Use Archive Warnings, No category",,English,28 Aug 2026,2.854159415245388,1.461886529759833,51.21951219512195
2026-09-08T21:34:43,cohort,74085991,,Harry Potter - J. K. Rowling,same,0,0,0,0,0,0,950,43,2,17,Teen And Up Audiences,No Archive Warnings Apply,M/M,English,28 Aug 2026,4.526315789473685,0.21052631578947367,4.651162790697675
2026-09-08T21:34:43,cohort,82262106,,Harry Potter - J. K. Rowling,same,0,0,0,0,0,0,1222,47,49,6,Explicit,"Graphic Depictions Of Violence, Rape/Non-Con, Major Character Death",F/M,English,28 Aug 2026,3.8461538461538463,4.009819967266775,104.25531914893618
2026-09-08T21:34:43,cohort,58434463,,Harry Potter - J. K. Rowling,same,0,0,0,0,0,0,81138,2191,330,23,Mature,"Graphic Depictions Of Violence, Major Character Death",F/M,English,28 Aug 2026,2.7003376962705516,0.40671448643052577,15.061615700593336
2026-09-08T21:34:43,cohort,76489156,,Harry Potter - J. K. Rowling,same,0,0,0,0,0,0,1491,40,21,11,Mature,"Graphic Depictions Of Violence, Major Character Death, F/F, F/M, M/M, Multi",,English,28 Aug 2026,2.682763246143528,1.4084507042253522,52.5
2026-09-08T21:34:43,cohort,83688271,,Harry Potter - J. K. Rowling,same,0,0,0,0,0,0,2401,65,69,19,Teen And Up Audiences,"No Archive Warnings Apply, F/F, M/M",,English,28 Aug 2026,2.707205331112037,2.8738025822573925,106.15384615384616
2026-09-08T21:34:43,cohort,51027919,,Harry Potter - J. K. Rowling,same,0,0,0,0,0,0,111282,1975,1430,156,Mature,"Graphic Depictions Of Violence, Major Character Death, No Archive Warnings Apply, Underage Sex, F/M, M/M",,English,28 Aug 2026,1.7747704031200013,1.285023633651444,72.40506329113924
2026-09-08T21:34:43,cohort,84151006,,Harry Potter - J. K. Rowling,same,0,0,0,0,0,0,919,49,83,8,Mature,No Archive Warnings Apply,M/M,English,28 Aug 2026,5.331882480957562,9.031556039173013,169.3877551020408
2026-09-08T21:34:43,cohort,89233791,,Harry Potter - J. K. Rowling,same,0,0,0,0,0,0,497,69,10,6,Teen And Up Audiences,Creator Chose Not To Use Archive Warnings,Multi,English,28 Aug 2026,13.883299798792756,2.0120724346076457,14.492753623188406
2026-09-08T21:34:43,cohort,91511506,,Harry Potter - J. K. Rowling,same,0,0,0,0,0,0,203,10,0,1,Explicit,"Graphic Depictions Of Violence, Rape/Non-Con, Underage Sex, F/F, M/M",,Español,28 Aug 2026,4.926108374384237,0.0,0.0
2026-09-08T21:34:43,cohort,91511896,,Harry Potter - J. K. Rowling,same,0,0,0,0,0,0,59,3,0,1,General Audiences,No Archive Warnings Apply,Gen,English,28 Aug 2026,5.084745762711865,0.0,0.0
2026-09-08T21:34:43,cohort,90573131,,Harry Potter - J. K. Rowling,same,0,0,0,0,0,0,2549,153,52,3,Explicit,Creator Chose Not To Use Archive Warnings,M/M,English,28 Aug 2026,6.0023538642604946,2.0400156924284034,33.98692810457516
2026-09-08T21:34:43,cohort,82396946,,Harry Potter - J. K. Rowling,same,0,0,0,0,0,0,3801,86,140,16,Explicit,Creator Chose Not To Use Archive Warnings,F/M,English,28 Aug 2026,2.2625624835569584,3.683241252302026,162.7906976744186
2026-09-08T21:34:43,cohort,91037051,,Harry Potter - J. K. Rowling,same,0,0,0,0,0,0,641,39,14,26,Mature,"No Archive Warnings Apply, F/M, Multi",,English,28 Aug 2026,6.084243369734789,2.1840873634945397,35.8974358974359
2026-09-08T21:34:43,cohort,87006681,,Harry Potter - J. K. Rowling,same,0,0,0,0,0,0,771,58,62,7,Explicit,No Archive Warnings Apply,F/M,Українська,28 Aug 2026,7.522697795071336,8.041504539559014,106.89655172413792
2026-09-08T21:34:43,cohort,58543735,,Harry Potter - J. K. Rowling,same,0,0,0,0,0,0,229,43,0,6,Mature,No Archive Warnings Apply,F/M,English,28 Aug 2026,18.777292576419214,0.0,0.0
2026-09-08T21:34:43,cohort,61384969,,Harry Potter - J. K. Rowling,same,0,0,0,0,0,0,556,25,3,21,Mature,Underage Sex,F/M,Français,28 Aug 2026,4.496402877697841,0.539568345323741,12.0
2026-09-08T21:34:43,cohort,73219201,,Harry Potter - J. K. Rowling,same,0,0,0,0,0,0,3728,61,85,24,Explicit,"Graphic Depictions Of Violence, Major Character Death, F/M, M/M",,English,28 Aug 2026,1.636266094420601,2.2800429184549356,139.34426229508196
2026-09-08T21:34:43,cohort,89597531,,Harry Potter - J. K. Rowling,same,0,0,0,0,0,0,232,23,6,19,Mature,"Major Character Death, Underage Sex",M/M,Русский,28 Aug 2026,9.913793103448276,2.586206896551724,26.08695652173913
2026-09-08T21:34:43,cohort,75482761,,Harry Potter - J. K. Rowling,same,0,0,0,0,0,0,11353,478,86,14,General Audiences,No Archive Warnings Apply,M/M,English,28 Aug 2026,4.210340879062803,0.7575090284506297,17.99163179916318
2026-09-08T21:34:43,cohort,83483816,,Harry Potter - J. K. Rowling,same,0,0,0,0,0,0,145,25,0,2,Teen And Up Audiences,"Creator Chose Not To Use Archive Warnings, No category",,English,28 Aug 2026,17.24137931034483,0.0,0.0
2026-09-08T21:34:43,cohort,90369036,,Harry Potter - J. K. Rowling,same,0,0,0,0,0,0,116,27,0,1,Mature,"Graphic Depictions Of Violence, Rape/Non-Con",F/M,English,28 Aug 2026,23.275862068965516,0.0,0.0
2026-09-08T21:34:43,cohort,91509336,,Harry Potter - J. K. Rowling,same,0,0,0,0,0,0,611,35,1,36,Teen And Up Audiences,Creator Chose Not To Use Archive Warnings,M/M,Français,28 Aug 2026,5.728314238952537,0.16366612111292964,2.857142857142857
2026-09-08T21:34:43,cohort,73552406,,Harry Potter - J. K. Rowling,same,0,0,0,0,0,0,15939,240,43,49,Explicit,No Archive Warnings Apply,F/M,English,28 Aug 2026,1.5057406361754189,0.26977853064809587,17.916666666666668
2026-09-08T21:34:43,cohort,91505021,,Harry Potter - J. K. Rowling,same,0,0,0,0,0,0,537,39,2,4,Not Rated,Creator Chose Not To Use Archive Warnings,Multi,English,28 Aug 2026,7.262569832402235,0.37243947858473,5.128205128205128
2026-09-08T21:34:43,cohort,86882436,,Harry Potter - J. K. Rowling,same,0,0,0,0,0,0,188,19,9,16,General Audiences,Creator Chose Not To Use Archive Warnings,F/M,中文-普通话 國語,28 Aug 2026,10.106382978723403,4.787234042553192,47.368421052631575
2026-09-08T21:34:43,cohort,89512036,,Harry Potter - J. K. Rowling,same,0,0,0,0,0,0,58,22,0,1,General Audiences,Creator Chose Not To Use Archive Warnings,F/M,English,28 Aug 2026,37.93103448275862,0.0,0.0
2026-09-08T21:34:43,cohort,89707431,,Harry Potter - J. K. Rowling,same,0,0,0,0,0,0,53,22,0,1,General Audiences,Creator Chose Not To Use Archive Warnings,F/M,English,28 Aug 2026,41.509433962264154,0.0,0.0
2026-09-08T21:34:43,cohort,89333711,,Harry Potter - J. K. Rowling,same,0,0,0,0,0,0,403,34,14,6,Not Rated,"Major Character Death, No category",,English,28 Aug 2026,8.436724565756824,3.4739454094292808,41.17647058823529
2026-09-08T21:34:43,cohort,62777539,,Harry Potter - J. K. Rowling,same,0,0,0,0,0,0,16231,405,419,13,Mature,No Archive Warnings Apply,F/M,English,28 Aug 2026,2.4952251863717576,2.581479884172263,103.45679012345678
2026-09-08T21:34:43,cohort,90927756,,Harry Potter - J. K. Rowling,same,0,0,0,0,0,0,8714,410,68,10,Teen And Up Audiences,"Creator Chose Not To Use Archive Warnings, F/F, F/M, M/M",,English,28 Aug 2026,4.705072297452376,0.7803534542116135,16.585365853658537
2026-09-08T21:34:43,cohort,85652216,,Harry Potter - J. K. Rowling,same,0,0,0,0,0,0,383,37,4,9,Mature,Creator Chose Not To Use Archive Warnings,F/M,English,28 Aug 2026,9.660574412532636,1.0443864229765014,10.81081081081081
2026-09-08T21:34:43,cohort,91508696,,Harry Potter - J. K. Rowling,same,0,0,0,0,0,0,187,29,0,20,General Audiences,Creator Chose Not To Use Archive Warnings,M/M,Français,28 Aug 2026,15.508021390374333,0.0,0.0
2026-09-08T21:34:43,cohort,67240090,,Harry Potter - J. K. Rowling,same,0,0,0,0,0,0,14386,518,181,39,Teen And Up Audiences,"Creator Chose Not To Use Archive Warnings, F/M, Gen, Multi",,中文-普通话 國語,28 Aug 2026,3.6007229250660364,1.2581676630057,34.942084942084946
2026-09-08T21:34:43,cohort,87664471,,Harry Potter - J. K. Rowling,same,0,0,0,0,0,0,5920,137,51,20,Mature,Creator Chose Not To Use Archive Warnings,Gen,English,28 Aug 2026,2.314189189189189,0.8614864864864865,37.22627737226277
2026-09-08T21:34:43,cohort,91508111,,Harry Potter - J. K. Rowling,same,0,0,0,0,0,0,132,4,0,21,Teen And Up Audiences,Creator Chose Not To Use Archive Warnings,M/M,Français,28 Aug 2026,3.0303030303030303,0.0,0.0
2026-09-08T21:34:43,cohort,87045821,,Harry Potter - J. K. Rowling,same,0,0,0,0,0,0,189,2,2,4,Teen And Up Audiences,Creator Chose Not To Use Archive Warnings,Gen,Français,28 Aug 2026,1.0582010582010581,1.0582010582010581,100.0
2026-09-08T21:34:43,cohort,91506901,,Harry Potter - J. K. Rowling,same,0,0,0,0,0,0,166,2,0,41,Teen And Up Audiences,Creator Chose Not To Use Archive Warnings,Gen,Français,28 Aug 2026,1.2048192771084338,0.0,0.0
2026-09-08T21:34:43,cohort,91505296,,Harry Potter - J. K. Rowling,same,0,0,0,0,0,0,299,28,12,1,Mature,Creator Chose Not To Use Archive Warnings,F/M,English,28 Aug 2026,9.364548494983277,4.013377926421405,42.857142857142854
2026-09-08T21:34:43,cohort,78951501,,Harry Potter - J. K. Rowling,same,0,0,0,0,0,0,12031,257,316,34,General Audiences,No Archive Warnings Apply,Gen,English,28 Aug 2026,2.1361482836006984,2.626548084116034,122.95719844357977
2026-09-08T21:34:43,cohort,91507346,,Harry Potter - J. K. Rowling,same,0,0,0,0,0,0,5901,365,30,1,Explicit,"No Archive Warnings Apply, M/M, Multi",,English,28 Aug 2026,6.1853923063887475,0.5083884087442806,8.21917808219178
2026-09-08T21:34:43,cohort,91507176,,Harry Potter - J. K. Rowling,same,0,0,0,0,0,0,368,14,0,1,Not Rated,No Archive Warnings Apply,F/M,English,28 Aug 2026,3.804347826086957,0.0,0.0
2026-09-08T21:34:43,cohort,91505611,,Harry Potter - J. K. Rowling,same,0,0,0,0,0,0,785,52,5,1,Explicit,Creator Chose Not To Use Archive Warnings,M/M,English,28 Aug 2026,6.624203821656051,0.6369426751592357,9.615384615384617
2026-09-08T21:34:43,cohort,87202621,,Harry Potter - J. K. Rowling,same,0,0,0,0,0,0,2058,132,20,3,Explicit,No Archive Warnings Apply,F/M,English,28 Aug 2026,6.41399416909621,0.9718172983479106,15.151515151515152
2026-09-08T21:34:43,cohort,68705781,,Harry Potter - J. K. Rowling,same,0,0,0,0,0,0,578,13,7,24,Mature,"Rape/Non-Con, Underage Sex",F/M,English,28 Aug 2026,2.249134948096886,1.2110726643598615,53.84615384615385
2026-09-08T21:34:43,cohort,90135606,,Harry Potter - J. K. Rowling,same,0,0,0,0,0,0,52,1,0,43,Teen And Up Audiences,"Creator Chose Not To Use Archive Warnings, F/M, Gen",,Русский,28 Aug 2026,1.9230769230769231,0.0,0.0
2026-09-08T21:34:43,cohort,91506041,,Harry Potter - J. K. Rowling,same,0,0,0,0,0,0,1841,435,34,1,Teen And Up Audiences,No Archive Warnings Apply,F/M,English,28 Aug 2026,23.628462791960892,1.8468223791417708,7.816091954022989
2026-09-08T21:34:43,cohort,82565671,,Harry Potter - J. K. Rowling,same,0,0,0,0,0,0,922,20,8,6,Explicit,Graphic Depictions Of Violence,F/M,English,28 Aug 2026,2.1691973969631237,0.8676789587852495,40.0
2026-09-08T21:34:43,cohort,90369126,,Harry Potter - J. K. Rowling,same,0,0,0,0,0,0,103,8,2,2,Teen And Up Audiences,"No Archive Warnings Apply, Gen, M/M, Other",,中文-普通话 國語,28 Aug 2026,7.766990291262135,1.9417475728155338,25.0
2026-09-08T21:34:43,cohort,89794301,,Harry Potter - J. K. Rowling,same,0,0,0,0,0,0,696,5,2,1,Explicit,Creator Chose Not To Use Archive Warnings,F/M,English,28 Aug 2026,0.7183908045977011,0.28735632183908044,40.0
2026-09-08T21:34:43,cohort,74541996,,Harry Potter - J. K. Rowling,same,0,0,0,0,0,0,75,0,0,2,Explicit,No Archive Warnings Apply,F/M,Русский,28 Aug 2026,0.0,0.0,0.0
2026-09-08T21:34:43,cohort,89848396,,Harry Potter - J. K. Rowling,same,0,0,0,0,0,0,53,2,3,5,Not Rated,Creator Chose Not To Use Archive Warnings,F/M,English,28 Aug 2026,3.7735849056603774,5.660377358490567,150.0
2026-09-08T21:34:43,cohort,71214351,,Harry Potter - J. K. Rowling,same,0,0,0,0,0,0,12979,465,162,28,Mature,No Archive Warnings Apply,F/M,English,28 Aug 2026,3.58271053239849,1.2481701209646352,34.83870967741935
2026-09-08T21:34:43,cohort,81276431,,Harry Potter - J. K. Rowling,same,0,0,0,0,0,0,64,0,1,12,General Audiences,"Creator Chose Not To Use Archive Warnings, No Archive Warnings Apply",F/M,Español,28 Aug 2026,0.0,1.5625,0.0
2026-09-08T21:34:43,cohort,81472416,,Harry Potter - J. K. Rowling,same,0,0,0,0,0,0,7393,234,333,10,Mature,"No Archive Warnings Apply, Creator Chose Not To Use Archive Warnings, F/M, Gen, Multi, Other",,English,28 Aug 2026,3.165156228865143,4.504260787231164,142.30769230769232
2026-09-08T21:34:43,cohort,85851561,,Harry Potter - J. K. Rowling,same,0,0,0,0,0,0,1488,83,14,9,Not Rated,No Archive Warnings Apply,M/M,English,28 Aug 2026,5.577956989247312,0.9408602150537635,16.867469879518072
2026-09-08T21:34:43,cohort,78762601,,Harry Potter - J. K. Rowling,same,0,0,0,0,0,0,26261,573,662,33,General Audiences,Graphic Depictions Of Violence,F/M,English,28 Aug 2026,2.181942804919843,2.5208484063820875,115.5322862129145
2026-09-08T21:34:43,cohort,91377541,,Harry Potter - J. K. Rowling,same,0,0,0,0,0,0,72,5,4,4,Not Rated,"Creator Chose Not To Use Archive Warnings, No category",,English,28 Aug 2026,6.944444444444445,5.555555555555555,80.0
2026-09-08T21:34:43,cohort,66668233,,Harry Potter - J. K. Rowling,same,0,0,0,0,0,0,104,0,0,3,Mature,"Graphic Depictions Of Violence, Major Character Death",F/M,English,28 Aug 2026,0.0,0.0,0.0
2026-09-08T21:34:43,cohort,91501146,,Harry Potter - J. K. Rowling,same,0,0,0,0,0,0,237,15,0,4,Teen And Up Audiences,Creator Chose Not To Use Archive Warnings,M/M,Français,28 Aug 2026,6.329113924050633,0.0,0.0
2026-09-08T21:34:43,cohort,91501241,,Harry Potter - J. K. Rowling,same,0,0,0,0,0,0,100,12,0,1,Teen And Up Audiences,Creator Chose Not To Use Archive Warnings,F/M,English,28 Aug 2026,12.0,0.0,0.0
2026-09-08T21:34:43,cohort,85600546,,Harry Potter - J. K. Rowling,same,0,0,0,0,0,0,1182,92,43,9,Explicit,No Archive Warnings Apply,F/M,English,28 Aug 2026,7.7834179357022,3.6379018612521152,46.73913043478261
2026-09-08T21:34:43,cohort,81808791,,Harry Potter - J. K. Rowling,same,0,0,0,0,0,0,1312,59,17,6,General Audiences,No Archive Warnings Apply,Gen,English,28 Aug 2026,4.496951219512195,1.295731707317073,28.8135593220339
2026-09-08T21:34:43,cohort,91499586,,Harry Potter - J. K. Rowling,same,0,0,0,0,0,0,138,12,0,1,General Audiences,Creator Chose Not To Use Archive Warnings,M/M,English,28 Aug 2026,8.695652173913043,0.0,0.0
2026-09-08T21:34:43,cohort,88691626,,Harry Potter - J. K. Rowling,same,0,0,0,0,0,0,2610,90,48,4,Explicit,No Archive Warnings Apply,F/M,English,28 Aug 2026,3.4482758620689653,1.839080459770115,53.333333333333336
2026-09-08T21:34:43,cohort,72852866,,Harry Potter - J. K. Rowling,same,0,0,0,0,0,0,229,5,0,17,Not Rated,Graphic Depictions Of Violence,M/M,English,28 Aug 2026,2.1834061135371177,0.0,0.0
2026-09-08T21:34:43,cohort,91498021,,Harry Potter - J. K. Rowling,same,0,0,0,0,0,0,103,7,0,1,Teen And Up Audiences,Creator Chose Not To Use Archive Warnings,F/M,English,28 Aug 2026,6.796116504854369,0.0,0.0
2026-09-08T21:34:43,cohort,70915561,,Harry Potter - J. K. Rowling,same,0,0,0,0,0,0,29655,1282,462,19,Mature,No Archive Warnings Apply,M/M,English,28 Aug 2026,4.32304838981622,1.557916034395549,36.037441497659906
2026-09-08T21:34:43,cohort,91498251,,Harry Potter - J. K. Rowling,same,0,0,0,0,0,0,510,56,12,1,Teen And Up Audiences,No Archive Warnings Apply,Gen,English,28 Aug 2026,10.980392156862745,2.3529411764705883,21.428571428571427
2026-09-08T21:34:43,cohort,87460856,,Harry Potter - J. K. Rowling,same,0,0,0,0,0,0,7089,343,204,14,Explicit,Creator Chose Not To Use Archive Warnings,F/F,English,28 Aug 2026,4.838482155452109,2.877697841726619,59.475218658892125
2026-09-08T21:34:43,cohort,91178171,,Harry Potter - J. K. Rowling,same,0,0,0,0,0,0,4867,502,24,2,Explicit,Creator Chose Not To Use Archive Warnings,M/M,English,28 Aug 2026,10.314362029997945,0.4931169098006986,4.780876494023905
2026-09-08T21:34:43,cohort,54457126,,Harry Potter - J. K. Rowling,same,0,0,0,0,0,0,602,16,0,10,Mature,Creator Chose Not To Use Archive Warnings,Multi,English,28 Aug 2026,2.6578073089700998,0.0,0.0
2026-09-08T21:34:43,cohort,89511871,,Harry Potter - J. K. Rowling,same,0,0,0,0,0,0,467,40,9,4,Not Rated,"Graphic Depictions Of Violence, Major Character Death, No category",,English,28 Aug 2026,8.565310492505352,1.9271948608137044,22.5
2026-09-08T21:34:43,cohort,91496331,,Harry Potter - J. K. Rowling,same,0,0,0,0,0,0,743,17,2,2,Mature,Underage Sex,M/M,English,28 Aug 2026,2.2880215343203227,0.2691790040376851,11.76470588235294
2026-09-08T21:34:43,cohort,91496446,,Harry Potter - J. K. Rowling,same,0,0,0,0,0,0,807,38,8,1,Not Rated,Creator Chose Not To Use Archive Warnings,F/M,English,28 Aug 2026,4.708798017348203,0.9913258983890955,21.052631578947366
2026-09-08T21:34:43,cohort,91495786,,Harry Potter - J. K. Rowling,same,0,0,0,0,0,0,138,11,0,1,General Audiences,Creator Chose Not To Use Archive Warnings,F/M,English,28 Aug 2026,7.971014492753622,0.0,0.0
2026-09-08T21:34:43,cohort,38597565,,Harry Potter - J. K. Rowling,same,0,0,0,0,0,0,66680,1419,416,91,Mature,"Major Character Death, F/M, M/M, Multi",,English,28 Aug 2026,2.1280743851229755,0.623875224955009,29.316420014094437
2026-09-08T21:34:43,cohort,91495746,,Harry Potter - J. K. Rowling,same,0,0,0,0,0,0,79,5,0,2,Mature,Creator Chose Not To Use Archive Warnings,Multi,Español,28 Aug 2026,6.329113924050633,0.0,0.0
2026-09-08T21:34:43,cohort,91495156,,Harry Potter - J. K. Rowling,same,0,0,0,0,0,0,259,26,1,1,General Audiences,Major Character Death,Gen,English,28 Aug 2026,10.038610038610038,0.3861003861003861,3.8461538461538463
2026-09-08T21:34:43,cohort,91494176,,Harry Potter - J. K. Rowling,same,0,0,0,0,0,0,347,39,15,1,Mature,Creator Chose Not To Use Archive Warnings,F/M,English,28 Aug 2026,11.239193083573488,4.322766570605188,38.46153846153847
2026-09-08T21:34:43,cohort,91366551,,Harry Potter - J. K. Rowling,same,0,0,0,0,0,0,172,4,0,21,Explicit,"Graphic Depictions Of Violence, Rape/Non-Con, Underage Sex, F/M, Multi",,English,28 Aug 2026,2.3255813953488373,0.0,0.0
2026-09-08T21:34:43,cohort,65009728,,Harry Potter - J. K. Rowling,same,0,0,0,0,0,0,27022,814,163,15,Mature,Creator Chose Not To Use Archive Warnings,F/M,English,28 Aug 2026,3.012360299015617,0.6032121974687291,20.024570024570025
2026-09-08T21:34:43,cohort,85205646,,Harry Potter - J. K. Rowling,same,0,0,0,0,0,0,5288,135,211,8,Not Rated,Graphic Depictions Of Violence,F/M,English,27 Aug 2026,2.5529500756429653,3.9901664145234497,156.29629629629628
2026-09-08T21:34:43,cohort,88549171,,Harry Potter - J. K. Rowling,same,0,0,0,0,0,0,356,5,4,7,Explicit,Underage Sex,F/M,English,28 Aug 2026,1.4044943820224718,1.1235955056179776,80.0
2026-09-08T21:34:43,cohort,90648581,,Harry Potter - J. K. Rowling,same,0,0,0,0,0,0,738,16,20,16,Mature,Creator Chose Not To Use Archive Warnings,F/M,English,28 Aug 2026,2.168021680216802,2.710027100271003,125.0
2026-09-08T21:34:43,cohort,71727696,,Harry Potter - J. K. Rowling,same,0,0,0,0,0,0,902,10,24,16,General Audiences,No Archive Warnings Apply,Gen,English,28 Aug 2026,1.1086474501108647,2.6607538802660753,240.0
2026-09-08T21:34:43,cohort,91491601,,Harry Potter - J. K. Rowling,same,0,0,0,0,0,0,172,35,8,2,Not Rated,"Creator Chose Not To Use Archive Warnings, No category",,English,28 Aug 2026,20.348837209302324,4.651162790697675,22.857142857142858
2026-09-08T21:34:43,cohort,89065631,,Harry Potter - J. K. Rowling,same,0,0,0,0,0,0,253,11,66,5,General Audiences,Creator Chose Not To Use Archive Warnings,F/M,English,28 Aug 2026,4.3478260869565215,26.08695652173913,600.0
2026-09-08T21:34:43,cohort,70516611,,Harry Potter - J. K. Rowling,same,0,0,0,0,0,0,125324,2361,1932,39,Explicit,"Graphic Depictions Of Violence, Major Character Death",Multi,English,28 Aug 2026,1.8839168874277872,1.5416041620120648,81.8297331639136
2026-09-08T21:34:43,cohort,91491371,,Harry Potter - J. K. Rowling,same,0,0,0,0,0,0,363,32,3,1,General Audiences,No Archive Warnings Apply,M/M,English,28 Aug 2026,8.81542699724518,0.8264462809917356,9.375
2026-09-08T21:34:43,cohort,91490266,,Harry Potter - J. K. Rowling,same,0,0,0,0,0,0,270,28,1,1,General Audiences,Creator Chose Not To Use Archive Warnings,M/M,English,28 Aug 2026,10.37037037037037,0.3703703703703704,3.571428571428571
2026-09-08T21:34:43,cohort,43588042,,Harry Potter - J. K. Rowling,same,0,0,0,0,0,0,20488,817,119,12,Teen And Up Audiences,"Graphic Depictions Of Violence, Major Character Death, F/F, F/M, Gen, M/M, Multi, Other",,English,28 Aug 2026,3.987700117141742,0.5808278016399844,14.56548347613219
2026-09-08T21:34:43,cohort,91294991,,Harry Potter - J. K. Rowling,same,0,0,0,0,0,0,102,15,7,2,Not Rated,"Creator Chose Not To Use Archive Warnings, No Archive Warnings Apply",M/M,English,27 Aug 2026,14.705882352941178,6.862745098039216,46.666666666666664
2026-09-08T21:34:43,cohort,91489231,,Harry Potter - J. K. Rowling,same,0,0,0,0,0,0,238,21,0,1,Explicit,No Archive Warnings Apply,M/M,English,28 Aug 2026,8.823529411764707,0.0,0.0
2026-09-08T21:34:43,cohort,90515031,,Harry Potter - J. K. Rowling,same,0,0,0,0,0,0,1202,91,42,2,Teen And Up Audiences,No Archive Warnings Apply,M/M,English,28 Aug 2026,7.570715474209651,3.494176372712146,46.15384615384615
2026-09-08T21:34:43,cohort,91279616,,Harry Potter - J. K. Rowling,same,0,0,0,0,0,0,106,9,2,2,Explicit,Graphic Depictions Of Violence,F/M,English,27 Aug 2026,8.49056603773585,1.8867924528301887,22.22222222222222
2026-09-08T21:34:43,cohort,91488191,,Harry Potter - J. K. Rowling,same,0,0,0,0,0,0,392,23,3,1,Explicit,Creator Chose Not To Use Archive Warnings,F/M,English,28 Aug 2026,5.86734693877551,0.7653061224489796,13.043478260869565
2026-09-08T21:34:43,cohort,57054496,,Harry Potter - J. K. Rowling,same,0,0,0,0,0,0,8529,221,237,72,Explicit,"Graphic Depictions Of Violence, F/F, F/M, M/M",,English,28 Aug 2026,2.5911595732207764,2.77875483644038,107.23981900452489
2026-09-08T21:34:43,cohort,91488601,,Harry Potter - J. K. Rowling,same,0,0,0,0,0,0,328,59,0,1,Not Rated,Creator Chose Not To Use Archive Warnings,Gen,English,28 Aug 2026,17.98780487804878,0.0,0.0
2026-09-08T21:34:43,cohort,88502801,,Harry Potter - J. K. Rowling,same,0,0,0,0,0,0,331,5,5,21,Explicit,"Creator Chose Not To Use Archive Warnings, F/M, M/M, Multi",,Español,27 Aug 2026,1.5105740181268883,1.5105740181268883,100.0
2026-09-08T21:34:43,cohort,91479986,,Harry Potter - J. K. Rowling,same,0,0,0,0,0,0,291,37,3,2,Teen And Up Audiences,Creator Chose Not To Use Archive Warnings,F/M,English,28 Aug 2026,12.714776632302405,1.0309278350515463,8.108108108108109
2026-09-08T21:34:43,cohort,91422886,,Harry Potter - J. K. Rowling,same,0,0,0,0,0,0,61,7,0,4,Not Rated,Creator Chose Not To Use Archive Warnings,M/M,Español,28 Aug 2026,11.475409836065573,0.0,0.0
2026-09-08T21:34:43,cohort,76879421,,Harry Potter - J. K. Rowling,same,0,0,0,0,0,0,61763,1267,2326,16,Explicit,"Graphic Depictions Of Violence, F/M, M/M, Multi",,English,28 Aug 2026,2.051389990771174,3.766008775480466,183.58326756116813
2026-09-08T21:34:43,cohort,66962857,,Harry Potter - J. K. Rowling,same,0,0,0,0,0,0,23025,484,165,38,Explicit,"Graphic Depictions Of Violence, Underage Sex",M/M,English,28 Aug 2026,2.1020629750271445,0.7166123778501629,34.090909090909086
2026-09-08T21:34:43,cohort,91006411,,Harry Potter - J. K. Rowling,same,0,0,0,0,0,0,146,2,0,2,Teen And Up Audiences,No Archive Warnings Apply,Multi,English,27 Aug 2026,1.36986301369863,0.0,0.0
2026-09-08T21:34:43,cohort,89249326,,Harry Potter - J. K. Rowling,same,0,0,0,0,0,0,1588,97,18,4,Mature,"Graphic Depictions Of Violence, F/M, M/M",,English,28 Aug 2026,6.10831234256927,1.1335012594458438,18.556701030927837
2026-09-08T21:34:43,cohort,60265387,,Harry Potter - J. K. Rowling,same,0,0,0,0,0,0,575,17,5,12,Teen And Up Audiences,"Creator Chose Not To Use Archive Warnings, Graphic Depictions Of Violence",F/M,English,28 Aug 2026,2.9565217391304346,0.8695652173913043,29.411764705882355
2026-09-08T21:34:43,cohort,83146971,,Harry Potter - J. K. Rowling,same,0,0,0,0,0,0,1652,91,13,28,Teen And Up Audiences,"Creator Chose Not To Use Archive Warnings, No category",,English,28 Aug 2026,5.508474576271186,0.7869249394673125,14.285714285714285
2026-09-08T21:34:43,cohort,82950616,,Harry Potter - J. K. Rowling,same,0,0,0,0,0,0,1342,74,65,6,Mature,"No Archive Warnings Apply, M/M, Multi",,English,28 Aug 2026,5.514157973174367,4.843517138599106,87.83783783783784
2026-09-08T21:34:43,cohort,86787606,,Harry Potter - J. K. Rowling,same,0,0,0,0,0,0,1489,21,6,11,General Audiences,No Archive Warnings Apply,F/M,English,28 Aug 2026,1.4103425117528543,0.4029550033579583,28.57142857142857
2026-09-08T21:34:43,cohort,88688861,,Harry Potter - J. K. Rowling,same,0,0,0,0,0,0,102,2,0,6,Mature,Creator Chose Not To Use Archive Warnings,M/M,Español,28 Aug 2026,1.9607843137254901,0.0,0.0
2026-09-08T21:34:43,cohort,84817946,,Harry Potter - J. K. Rowling,same,0,0,0,0,0,0,1124,16,7,2,Mature,"No Archive Warnings Apply, F/M, Gen",,English,28 Aug 2026,1.4234875444839856,0.6227758007117438,43.75
2026-09-08T21:34:43,cohort,58716103,,Harry Potter - J. K. Rowling,same,0,0,0,0,0,0,81785,2732,701,29,Explicit,"Creator Chose Not To Use Archive Warnings, Underage Sex, M/M, Multi",,English,28 Aug 2026,3.340465855596992,0.8571253897413952,25.658857979502198
2026-09-08T21:34:43,cohort,91484336,,Harry Potter - J. K. Rowling,same,0,0,0,0,0,0,191,28,4,1,Not Rated,Creator Chose Not To Use Archive Warnings,Gen,English,28 Aug 2026,14.659685863874344,2.094240837696335,14.285714285714285
2026-09-08T21:34:43,cohort,72363306,,Harry Potter - J. K. Rowling,same,0,0,0,0,0,0,1461,47,20,26,Mature,Graphic Depictions Of Violence,M/M,English,28 Aug 2026,3.2169746748802193,1.3689253935660506,42.5531914893617
2026-09-08T21:34:43,cohort,91483981,,Harry Potter - J. K. Rowling,same,0,0,0,0,0,0,1385,10,2,1,Explicit,"Rape/Non-Con, Underage Sex, F/M, Multi, Other",,English,27 Aug 2026,0.7220216606498195,0.1444043321299639,20.0
2026-09-08T21:34:43,cohort,89560471,,Harry Potter - J. K. Rowling,same,0,0,0,0,0,0,621,31,3,2,Explicit,Creator Chose Not To Use Archive Warnings,M/M,English,27 Aug 2026,4.99194847020934,0.4830917874396135,9.67741935483871
2026-09-08T21:34:43,cohort,90597076,,Harry Potter - J. K. Rowling,same,0,0,0,0,0,0,96,3,2,2,Mature,No Archive Warnings Apply,M/M,中文-普通话 國語,27 Aug 2026,3.125,2.083333333333333,66.66666666666666
2026-09-08T21:34:43,cohort,86115131,,Harry Potter - J. K. Rowling,same,0,0,0,0,0,0,37496,1798,829,19,Explicit,Creator Chose Not To Use Archive Warnings,M/M,English,27 Aug 2026,4.795178152336249,2.2109024962662684,46.10678531701891
