run_timestamp,sampling_date,role,observation_key,work_id,title,fandom,fandoms,relationships,fandom_scope,category_filter,warning_filter,crossover_filter,chapter_filter,completion_filter,timeframe_filter,sampling_mode,sampling_seed,sampled_page,hits,kudos,bookmarks,comments,words,chapters,rating,warnings,category,language,date_published,date_updated,kudos_to_hits,bookmarks_to_hits,comments_to_hits,comments_to_kudos,kudos_per_10k_words,bookmarks_per_10k_words,comments_per_10k_words,is_text_work,is_crossover
2026-09-10T20:37:22+00:00,2026-09-10,target,67786116|same|0|0|1|0|0|0|all|0,67786116,The Girl Who Got Away,Harry Potter - J. K. Rowling,Harry Potter - J. K. Rowling,Bill Weasley/Original Female Character(s),same,0,0,1,0,0,0,all,0,,450,13,7,1,12542,5,Mature,Creator Chose Not To Use Archive Warnings,F/M,English,2025-07-19,2026-08-12,2.888888888888889,1.5555555555555556,0.2222222222222222,7.6923076923076925,10.365173018657313,5.581247010046245,0.7973210014351777,True,False
2026-09-10T20:37:22+00:00,2026-09-10,cohort,91131151|same|0|0|1|0|0|0|all|0,91131151,"Stars, Planets And The Distance Between Us",Harry Potter - J. K. Rowling,Harry Potter - J. K. Rowling,,same,0,0,1,0,0,0,all,0,250,64,4,1,14,7498,3,Mature,Creator Chose Not To Use Archive Warnings,Multi,English,,01 Sep 2026,6.25,1.5625,21.875,350.0,5.334755934915977,1.3336889837289942,18.671645772205924,True,False
2026-09-10T20:37:22+00:00,2026-09-10,cohort,73115416|same|0|0|1|0|0|0|all|0,73115416,New Romantics: A Marauders Muggle AU,Harry Potter - J. K. Rowling,Harry Potter - J. K. Rowling,,same,0,0,1,0,0,0,all,0,250,1175,9,10,15,122908,49,General Audiences,Creator Chose Not To Use Archive Warnings,Multi,English,,01 Sep 2026,0.7659574468085106,0.851063829787234,1.276595744680851,166.66666666666669,0.7322550200149706,0.8136166889055227,1.2204250333582842,True,False
2026-09-10T20:37:22+00:00,2026-09-10,cohort,70195266|same|0|0|1|0|0|0|all|0,70195266,Happy September 1st!,Harry Potter - J. K. Rowling,Harry Potter - J. K. Rowling,,same,0,0,1,0,0,0,all,0,250,175,11,2,5,2693,2,Not Rated,"Creator Chose Not To Use Archive Warnings, No category",,English,,01 Sep 2026,6.2857142857142865,1.1428571428571428,2.857142857142857,45.45454545454545,40.84663943557371,7.426661715558856,18.56665428889714,True,False
2026-09-10T20:37:22+00:00,2026-09-10,cohort,91787801|same|0|0|1|0|0|0|all|0,91787801,Drawn to You,Harry Potter - J. K. Rowling,Harry Potter - J. K. Rowling,,same,0,0,1,0,0,0,all,0,250,118,19,0,3,228,1,Not Rated,No Archive Warnings Apply,F/M,English,,01 Sep 2026,16.101694915254235,0.0,2.5423728813559325,15.789473684210526,833.3333333333333,0.0,131.57894736842104,True,False
2026-09-10T20:37:22+00:00,2026-09-10,cohort,30472770|same|0|0|1|0|0|0|all|0,30472770,Like Ripples in Water,Harry Potter - J. K. Rowling,Harry Potter - J. K. Rowling,,same,0,0,1,0,0,0,all,0,250,116423,2862,799,720,206096,40,Explicit,Graphic Depictions Of Violence,F/M,English,,01 Sep 2026,2.4582771445504754,0.6862905096072082,0.6184345017737045,25.157232704402517,138.86732396553063,38.7683409673162,34.935175840385064,True,False
2026-09-10T20:37:22+00:00,2026-09-10,cohort,91748426|same|0|0|1|0|0|0|all|0,91748426,I only understand train station,Harry Potter - J. K. Rowling,Harry Potter - J. K. Rowling,,same,0,0,1,0,0,0,all,0,250,231,23,3,4,1803,1,Teen And Up Audiences,No Archive Warnings Apply,M/M,English,,01 Sep 2026,9.956709956709958,1.2987012987012987,1.7316017316017316,17.391304347826086,127.56516916250695,16.638935108153078,22.185246810870773,True,False
2026-09-10T20:37:22+00:00,2026-09-10,cohort,82480441|same|0|0|1|0|0|0|all|0,82480441,Taste Back,Harry Potter - J. K. Rowling,Harry Potter - J. K. Rowling,,same,0,0,1,0,0,0,all,0,250,137,7,3,8,5943,3,General Audiences,"No Archive Warnings Apply, F/F, F/M, M/M, Multi",,English,,01 Sep 2026,5.109489051094891,2.18978102189781,5.839416058394161,114.28571428571428,11.77856301531213,5.047955577990914,13.461214874642437,True,False
2026-09-10T20:37:22+00:00,2026-09-10,cohort,90548861|same|0|0|1|0|0|0|all|0,90548861,"The Average American Student at an English Boarding School, but it Just so Happens to be Magical",Harry Potter - J. K. Rowling,Harry Potter - J. K. Rowling,,same,0,0,1,0,0,0,all,0,250,94,3,1,1,12988,6,Teen And Up Audiences,No Archive Warnings Apply,F/M,English,,01 Sep 2026,3.1914893617021276,1.0638297872340425,1.0638297872340425,33.33333333333333,2.309824453341546,0.769941484447182,0.769941484447182,True,False
2026-09-10T20:37:22+00:00,2026-09-10,cohort,91793646|same|0|0|1|0|0|0|all|0,91793646,A Good Boy,Harry Potter - J. K. Rowling,Harry Potter - J. K. Rowling,,same,0,0,1,0,0,0,all,0,250,296,10,2,4,400,1,Explicit,No Archive Warnings Apply,F/M,English,,01 Sep 2026,3.3783783783783785,0.6756756756756757,1.3513513513513513,40.0,250.0,50.0,100.0,True,False
2026-09-10T20:37:22+00:00,2026-09-10,cohort,91793651|same|0|0|1|0|0|0|all|0,91793651,All I want for Christmas is you,Harry Potter - J. K. Rowling,Harry Potter - J. K. Rowling,,same,0,0,1,0,0,0,all,0,250,431,46,4,0,3570,1,Not Rated,Creator Chose Not To Use Archive Warnings,M/M,English,,01 Sep 2026,10.672853828306264,0.9280742459396751,0.0,0.0,128.8515406162465,11.204481792717086,0.0,True,False
2026-09-10T20:37:22+00:00,2026-09-10,cohort,91793496|same|0|0|1|0|0|0|all|0,91793496,Dramione Month day 1: Sunflower,Harry Potter - J. K. Rowling,Harry Potter - J. K. Rowling,,same,0,0,1,0,0,0,all,0,250,157,12,1,0,536,1,General Audiences,Creator Chose Not To Use Archive Warnings,F/M,English,,01 Sep 2026,7.643312101910828,0.6369426751592357,0.0,0.0,223.88059701492537,18.65671641791045,0.0,True,False
2026-09-10T20:37:22+00:00,2026-09-10,cohort,91793381|same|0|0|1|0|0|0|all|0,91793381,Lucky Girl,Harry Potter - J. K. Rowling,Harry Potter - J. K. Rowling,,same,0,0,1,0,0,0,all,0,250,2798,170,17,11,1644,1,Explicit,No Archive Warnings Apply,F/M,English,,01 Sep 2026,6.075768406004289,0.6075768406004289,0.39313795568263044,6.470588235294119,1034.0632603406325,103.40632603406326,66.90997566909975,True,False
2026-09-10T20:37:22+00:00,2026-09-10,cohort,91417176|same|0|0|1|0|0|0|all|0,91417176,Everything Good in Life,Harry Potter - J. K. Rowling,Harry Potter - J. K. Rowling,,same,0,0,1,0,0,0,all,0,250,409,87,9,31,1002,1,General Audiences,No Archive Warnings Apply,F/M,English,,01 Sep 2026,21.271393643031786,2.2004889975550124,7.579462102689487,35.63218390804598,868.2634730538923,89.82035928143712,309.3812375249501,True,False
2026-09-10T20:37:22+00:00,2026-09-10,cohort,91792226|same|0|0|1|0|0|0|all|0,91792226,HOW TO BECOME A SAINT,Harry Potter - J. K. Rowling,Harry Potter - J. K. Rowling,,same,0,0,1,0,0,0,all,0,250,63,8,1,1,2443,1,Teen And Up Audiences,Major Character Death,Gen,English,,01 Sep 2026,12.698412698412698,1.5873015873015872,1.5873015873015872,12.5,32.74662300450266,4.093327875562832,4.093327875562832,True,False
2026-09-10T20:37:22+00:00,2026-09-10,cohort,83521881|same|0|0|1|0|0|0|all|0,83521881,What Remains of My Name,Harry Potter - J. K. Rowling,Harry Potter - J. K. Rowling,,same,0,0,1,0,0,0,all,0,251,1142,50,9,87,40649,84,General Audiences,"Creator Chose Not To Use Archive Warnings, F/F, F/M",,English,,01 Sep 2026,4.378283712784588,0.7880910683012259,7.618213660245184,174.0,12.300425594725576,2.214076607050604,21.402740534822506,True,False
2026-09-10T20:37:22+00:00,2026-09-10,cohort,91792211|same|0|0|1|0|0|0|all|0,91792211,Sleeping Monsters Dream,Harry Potter - J. K. Rowling,Harry Potter - J. K. Rowling,,same,0,0,1,0,0,0,all,0,251,840,93,14,7,2334,1,Mature,No Archive Warnings Apply,M/M,English,,01 Sep 2026,11.071428571428571,1.6666666666666667,0.8333333333333334,7.526881720430108,398.4575835475578,59.98286203941731,29.991431019708656,True,False
2026-09-10T20:37:22+00:00,2026-09-10,cohort,91792136|same|0|0|1|0|0|0|all|0,91792136,"""I love you regulus I don't care""",Harry Potter - J. K. Rowling,Harry Potter - J. K. Rowling,,same,0,0,1,0,0,0,all,0,251,490,63,3,1,1024,1,Not Rated,Creator Chose Not To Use Archive Warnings,M/M,English,,01 Sep 2026,12.857142857142856,0.6122448979591837,0.20408163265306123,1.5873015873015872,615.234375,29.296875,9.765625,True,False
2026-09-10T20:37:22+00:00,2026-09-10,cohort,86304431|same|0|0|1|0|0|0|all|0,86304431,Rain Meet Cute,Harry Potter - J. K. Rowling,Harry Potter - Fandom,,same,0,0,1,0,0,0,all,0,251,75,10,0,4,0,1,General Audiences,No Archive Warnings Apply,M/M,English,,01 Sep 2026,13.333333333333334,0.0,5.333333333333334,40.0,0.0,0.0,0.0,False,False
2026-09-10T20:37:22+00:00,2026-09-10,cohort,91724596|same|0|0|1|0|0|0|all|0,91724596,Kiss for a Cause,Harry Potter - J. K. Rowling,Harry Potter - J. K. Rowling,,same,0,0,1,0,0,0,all,0,251,1265,110,20,52,7809,2,Explicit,No Archive Warnings Apply,F/M,English,,01 Sep 2026,8.695652173913043,1.5810276679841897,4.1106719367588935,47.27272727272727,140.86310667178896,25.611473940325265,66.5898322448457,True,False
2026-09-10T20:37:22+00:00,2026-09-10,cohort,91791816|same|0|0|1|0|0|0|all|0,91791816,"You, me and the dog on the roof",Harry Potter - J. K. Rowling,Harry Potter - J. K. Rowling,,same,0,0,1,0,0,0,all,0,251,107,9,0,3,1043,1,Teen And Up Audiences,"No Archive Warnings Apply, F/M, M/M",,English,,01 Sep 2026,8.411214953271028,0.0,2.803738317757009,33.33333333333333,86.2895493767977,0.0,28.763183125599234,True,False
2026-09-10T20:37:22+00:00,2026-09-10,cohort,91582741|same|0|0|1|0|0|0|all|0,91582741,Draco Malfoy and The Boy Who Lived,Harry Potter - J. K. Rowling,Harry Potter - J. K. Rowling,,same,0,0,1,0,0,0,all,0,251,95,4,1,1,6303,3,General Audiences,"No Archive Warnings Apply, F/M, Gen, M/M, Multi",,English,,01 Sep 2026,4.2105263157894735,1.0526315789473684,1.0526315789473684,25.0,6.346184356655561,1.5865460891638903,1.5865460891638903,True,False
2026-09-10T20:37:22+00:00,2026-09-10,cohort,91791721|same|0|0|1|0|0|0|all|0,91791721,A new best friend,Harry Potter - J. K. Rowling,Harry Potter - J. K. Rowling,,same,0,0,1,0,0,0,all,0,251,91,20,3,9,2962,1,General Audiences,No Archive Warnings Apply,Gen,English,,01 Sep 2026,21.978021978021978,3.296703296703297,9.89010989010989,45.0,67.5219446320054,10.12829169480081,30.384875084402427,True,False
2026-09-10T20:37:22+00:00,2026-09-10,cohort,91171661|same|0|0|1|0|0|0|all|0,91171661,Home Alone,Harry Potter - J. K. Rowling,Harry Potter - J. K. Rowling,,same,0,0,1,0,0,0,all,0,251,9382,42,44,7,6760,3,Explicit,Creator Chose Not To Use Archive Warnings,F/M,English,,01 Sep 2026,0.4476657429119591,0.46898315924109996,0.07461095715199317,16.666666666666664,62.1301775147929,65.08875739644971,10.355029585798817,True,False
2026-09-10T20:37:22+00:00,2026-09-10,cohort,91081786|same|0|0|1|0|0|0|all|0,91081786,"Head Girl, Meet Dead Boy",Harry Potter - J. K. Rowling,Harry Potter - J. K. Rowling,,same,0,0,1,0,0,0,all,0,251,1100,132,22,60,12667,1,Explicit,Graphic Depictions Of Violence,F/M,English,,01 Sep 2026,12.0,2.0,5.454545454545454,45.45454545454545,104.20778400568408,17.367964000947342,47.36717454803821,True,False
2026-09-10T20:37:22+00:00,2026-09-10,cohort,91791536|same|0|0|1|0|0|0|all|0,91791536,Little Dragon the Ferret,Harry Potter - J. K. Rowling,Harry Potter - J. K. Rowling,,same,0,0,1,0,0,0,all,0,251,225,31,3,0,501,1,General Audiences,No Archive Warnings Apply,M/M,English,,01 Sep 2026,13.777777777777779,1.3333333333333335,0.0,0.0,618.7624750499002,59.880239520958085,0.0,True,False
2026-09-10T20:37:22+00:00,2026-09-10,cohort,91791256|same|0|0|1|0|0|0|all|0,91791256,The circus is in town,Harry Potter - J. K. Rowling,Harry Potter - J. K. Rowling,,same,0,0,1,0,0,0,all,0,251,83,22,2,8,2228,1,General Audiences,No Archive Warnings Apply,Gen,English,,01 Sep 2026,26.506024096385545,2.4096385542168677,9.63855421686747,36.36363636363637,98.74326750448833,8.976660682226212,35.90664272890485,True,False
2026-09-10T20:37:22+00:00,2026-09-10,cohort,86176806|same|0|0|1|0|0|0|all|0,86176806,Survival,Harry Potter - J. K. Rowling,Harry Potter - J. K. Rowling,,same,0,0,1,0,0,0,all,0,251,1859,64,11,19,50911,33,Mature,"Major Character Death, Graphic Depictions Of Violence",F/M,English,,01 Sep 2026,3.442711135018827,0.591715976331361,1.0220548682087143,29.6875,12.57095716053505,2.160633261966962,3.7320029070338436,True,False
2026-09-10T20:37:22+00:00,2026-09-10,cohort,87882921|same|0|0|1|0|0|0|all|0,87882921,Corvus Meminit,Harry Potter - J. K. Rowling,Harry Potter - J. K. Rowling,,same,0,0,1,0,0,0,all,0,251,410,15,3,5,11338,6,Teen And Up Audiences,Creator Chose Not To Use Archive Warnings,F/F,English,,01 Sep 2026,3.6585365853658534,0.7317073170731708,1.2195121951219512,33.33333333333333,13.22984653378021,2.6459693067560415,4.409948844593403,True,False
2026-09-10T20:37:22+00:00,2026-09-10,cohort,91358716|same|0|0|1|0|0|0|all|0,91358716,A Golden Opportunity,Harry Potter - J. K. Rowling,Harry Potter - J. K. Rowling,,same,0,0,1,0,0,0,all,0,251,7360,891,126,51,7436,1,Explicit,No Archive Warnings Apply,F/M,English,,01 Sep 2026,12.105978260869566,1.7119565217391304,0.6929347826086957,5.723905723905724,1198.224852071006,169.4459386767079,68.5852608929532,True,False
2026-09-10T20:37:22+00:00,2026-09-10,cohort,65851060|same|0|0|1|0|0|0|all|0,65851060,Here to Destroy You,Harry Potter - J. K. Rowling,Harry Potter - J. K. Rowling,,same,0,0,1,0,0,0,all,0,251,707,29,4,2,42119,15,Mature,"Major Character Death, F/F, F/M, M/M",,English,,01 Sep 2026,4.101838755304102,0.5657708628005658,0.2828854314002829,6.896551724137931,6.885253685984948,0.9496901635841307,0.47484508179206536,True,False
2026-09-10T20:37:22+00:00,2026-09-10,cohort,89553571|same|0|0|1|0|0|0|all|0,89553571,Vera Snape and The Boy Who Barely Lived,Harry Potter - J. K. Rowling,Harry Potter - J. K. Rowling,,same,0,0,1,0,0,0,all,0,251,438,20,3,6,20521,10,Teen And Up Audiences,No Archive Warnings Apply,Gen,English,,01 Sep 2026,4.5662100456621,0.684931506849315,1.36986301369863,30.0,9.746113737147313,1.4619170605720968,2.9238341211441936,True,False
2026-09-10T20:37:22+00:00,2026-09-10,cohort,91786401|same|0|0|1|0|0|0|all|0,91786401,Romance and Sunflowers,Harry Potter - J. K. Rowling,Harry Potter - J. K. Rowling,,same,0,0,1,0,0,0,all,0,251,93,6,2,4,1038,1,General Audiences,Creator Chose Not To Use Archive Warnings,F/M,English,,01 Sep 2026,6.451612903225806,2.1505376344086025,4.301075268817205,66.66666666666666,57.80346820809248,19.26782273603083,38.53564547206166,True,False
2026-09-10T20:37:22+00:00,2026-09-10,cohort,83162911|same|0|0|1|0|0|0|all|0,83162911,【哈德】First Day of My Life （遇见你之后）,Harry Potter - J. K. Rowling,Harry Potter - J. K. Rowling,,same,0,0,1,0,0,0,all,0,252,530,28,5,15,70064,8,Mature,Creator Chose Not To Use Archive Warnings,M/M,中文-普通话 國語,,01 Sep 2026,5.283018867924529,0.9433962264150944,2.8301886792452833,53.57142857142857,3.996346197762046,0.7136332496003654,2.1408997488010963,True,False
2026-09-10T20:37:22+00:00,2026-09-10,cohort,71488086|same|0|0|1|0|0|0|all|0,71488086,Stars Over the Tower,Harry Potter - J. K. Rowling,Harry Potter - J. K. Rowling,,same,0,0,1,0,0,0,all,0,252,61705,453,277,142,86638,32,Explicit,"Graphic Depictions Of Violence, Underage Sex, F/F, F/M",,English,,01 Sep 2026,0.7341382383923507,0.44891013694190096,0.23012721821570373,31.346578366445915,52.28652554306425,31.972113853043698,16.390036704448395,True,False
2026-09-10T20:37:22+00:00,2026-09-10,cohort,89273906|same|0|0|1|0|0|0|all|0,89273906,EYES WIDE SHUT [Definitive Edition],Harry Potter - J. K. Rowling,Harry Potter - J. K. Rowling,,same,0,0,1,0,0,0,all,0,252,2540,147,60,33,56597,13,Mature,Graphic Depictions Of Violence,Other,English,,01 Sep 2026,5.78740157480315,2.3622047244094486,1.2992125984251968,22.448979591836736,25.973108115271128,10.60126861847801,5.830697740162906,True,False
2026-09-10T20:37:22+00:00,2026-09-10,cohort,83426271|same|0|0|1|0|0|0|all|0,83426271,The Curse of House Black,Harry Potter - J. K. Rowling,Harry Potter - J. K. Rowling,,same,0,0,1,0,0,0,all,0,252,240,20,6,22,7163,2,Explicit,No Archive Warnings Apply,F/M,English,,01 Sep 2026,8.333333333333332,2.5,9.166666666666666,110.00000000000001,27.921262041044255,8.376378612313276,30.713388245148682,True,False
2026-09-10T20:37:22+00:00,2026-09-10,cohort,90543906|same|0|0|1|0|0|0|all|0,90543906,Making the Corner I'm Backed Into A Home,Harry Potter - J. K. Rowling,Harry Potter - J. K. Rowling,,same,0,0,1,0,0,0,all,0,252,4900,349,92,14,28275,1,Explicit,Creator Chose Not To Use Archive Warnings,M/M,English,,01 Sep 2026,7.122448979591836,1.8775510204081631,0.2857142857142857,4.011461318051576,123.43059239610963,32.53757736516357,4.951370468611849,True,False
2026-09-10T20:37:22+00:00,2026-09-10,cohort,91788891|same|0|0|1|0|0|0|all|0,91788891,"Help, I'm Alive",Harry Potter - J. K. Rowling,Harry Potter - J. K. Rowling,,same,0,0,1,0,0,0,all,0,252,465,58,6,8,2215,1,Mature,No Archive Warnings Apply,F/M,English,,01 Sep 2026,12.473118279569892,1.2903225806451613,1.7204301075268817,13.793103448275861,261.8510158013544,27.08803611738149,36.11738148984198,True,False
2026-09-10T20:37:22+00:00,2026-09-10,cohort,89096591|same|0|0|1|0|0|0|all|0,89096591,"【詹莉】Oh, James！",Harry Potter - J. K. Rowling,Harry Potter - J. K. Rowling,,same,0,0,1,0,0,0,all,0,252,53,5,0,1,5742,2,Not Rated,"Creator Chose Not To Use Archive Warnings, F/F, F/M, M/M",,中文-普通话 國語,,01 Sep 2026,9.433962264150944,0.0,1.8867924528301887,20.0,8.707767328456983,0.0,1.741553465691397,True,False
2026-09-10T20:37:22+00:00,2026-09-10,cohort,91768611|same|0|0|1|0|0|0|all|0,91768611,"Help, I'm a Zombie",Harry Potter - J. K. Rowling,Harry Potter - J. K. Rowling,,same,0,0,1,0,0,0,all,0,252,454,33,3,6,1963,1,Mature,Graphic Depictions Of Violence,F/M,English,,01 Sep 2026,7.268722466960352,0.6607929515418502,1.3215859030837005,18.181818181818183,168.11003565970452,15.282730514518594,30.565461029037188,True,False
2026-09-10T20:37:22+00:00,2026-09-10,cohort,91778416|same|0|0|1|0|0|0|all|0,91778416,Hogwarts Professors and the Protection of the Philosopher’s Stone,Harry Potter - J. K. Rowling,Harry Potter - J. K. Rowling,,same,0,0,1,0,0,0,all,0,252,63,11,1,13,3480,1,Mature,"Creator Chose Not To Use Archive Warnings, No category",,English,,01 Sep 2026,17.46031746031746,1.5873015873015872,20.634920634920633,118.18181818181819,31.60919540229885,2.8735632183908044,37.35632183908046,True,False
2026-09-10T20:37:22+00:00,2026-09-10,cohort,90785691|same|0|0|1|0|0|0|all|0,90785691,The View From Rock Bottom,Harry Potter - J. K. Rowling,Harry Potter - J. K. Rowling,,same,0,0,1,0,0,0,all,0,252,157,18,3,4,4098,1,Mature,No Archive Warnings Apply,F/M,English,,01 Sep 2026,11.464968152866243,1.910828025477707,2.547770700636943,22.22222222222222,43.92386530014642,7.320644216691069,9.760858955588091,True,False
2026-09-10T20:37:22+00:00,2026-09-10,cohort,80635456|same|0|0|1|0|0|0|all|0,80635456,Bound to You,Harry Potter - J. K. Rowling,Harry Potter - J. K. Rowling,,same,0,0,1,0,0,0,all,0,252,47590,1138,158,990,339609,71,Mature,Graphic Depictions Of Violence,F/F,English,,01 Sep 2026,2.3912586677873504,0.33200252153813825,2.0802689640680816,86.99472759226714,33.509123727580835,4.652409093987497,29.151170905364697,True,False
2026-09-10T20:37:22+00:00,2026-09-10,cohort,85953881|same|0|0|1|0|0|0|all|0,85953881,Static,Harry Potter - J. K. Rowling,Harry Potter - J. K. Rowling,,same,0,0,1,0,0,0,all,0,253,216,13,1,0,28684,6,Not Rated,"Creator Chose Not To Use Archive Warnings, Gen, M/M",,English,,01 Sep 2026,6.018518518518518,0.4629629629629629,0.0,0.0,4.5321433551805885,0.34862641193696836,0.0,True,False
2026-09-10T20:37:22+00:00,2026-09-10,cohort,87737001|same|0|0|1|0|0|0|all|0,87737001,Basilisk's Eyes - Slytherin's Silver Boy,Harry Potter - J. K. Rowling,Harry Potter - J. K. Rowling,,same,0,0,1,0,0,0,all,0,253,701,29,4,4,4212,5,Not Rated,Creator Chose Not To Use Archive Warnings,Gen,English,,01 Sep 2026,4.136947218259629,0.5706134094151213,0.5706134094151213,13.793103448275861,68.85090218423552,9.49667616334283,9.49667616334283,True,False
2026-09-10T20:37:22+00:00,2026-09-10,cohort,52668445|same|0|0|1|0|0|0|all|0,52668445,Inappropriate Desires,Harry Potter - J. K. Rowling,Harry Potter - J. K. Rowling,,same,0,0,1,0,0,0,all,0,253,96824,673,95,461,104918,36,Explicit,No Archive Warnings Apply,F/M,English,,01 Sep 2026,0.6950756010906387,0.09811616954474096,0.4761216227381641,68.49925705794948,64.14533254541642,9.054690329590727,43.93907623096132,True,False
2026-09-10T20:37:22+00:00,2026-09-10,cohort,91788526|same|0|0|1|0|0|0|all|0,91788526,Let sleeping eldritch horrors lie,Harry Potter - J. K. Rowling,Harry Potter - J. K. Rowling,,same,0,0,1,0,0,0,all,0,253,192,34,3,15,1799,1,Teen And Up Audiences,No Archive Warnings Apply,M/M,English,,01 Sep 2026,17.708333333333336,1.5625,7.8125,44.11764705882353,188.99388549193995,16.67593107281823,83.37965536409116,True,False
2026-09-10T20:37:22+00:00,2026-09-10,cohort,86820681|same|0|0|1|0|0|0|all|0,86820681,A War of White and Red,Harry Potter - J. K. Rowling,Harry Potter - J. K. Rowling,,same,0,0,1,0,0,0,all,0,253,3659,94,24,52,69538,17,Teen And Up Audiences,No Archive Warnings Apply,M/M,English,,01 Sep 2026,2.5690079256627496,0.6559169171904893,1.4211533205793931,55.319148936170215,13.517788834881646,3.451350340820846,7.477925738445166,True,False
2026-09-10T20:37:22+00:00,2026-09-10,cohort,91788201|same|0|0|1|0|0|0|all|0,91788201,The care and upkeep of a sea witch,Harry Potter - J. K. Rowling,Harry Potter - J. K. Rowling,,same,0,0,1,0,0,0,all,0,253,333,39,4,10,1699,1,Mature,No Archive Warnings Apply,M/M,English,,01 Sep 2026,11.711711711711711,1.2012012012012012,3.003003003003003,25.64102564102564,229.54679223072395,23.543260741612713,58.85815185403178,True,False
2026-09-10T20:37:22+00:00,2026-09-10,cohort,90138116|same|0|0|1|0|0|0|all|0,90138116,Listening to the Dead,Harry Potter - J. K. Rowling,Harry Potter - J. K. Rowling,,same,0,0,1,0,0,0,all,0,253,1007,73,25,12,6013,4,Not Rated,"No Archive Warnings Apply, No category",,English,,01 Sep 2026,7.249255213505462,2.4826216484607744,1.1916583912611718,16.43835616438356,121.4036254781307,41.57658406785299,19.956760352569432,True,False
2026-09-10T20:37:22+00:00,2026-09-10,cohort,67150912|same|0|0|1|0|0|0|all|0,67150912,BẢY NĂM ĐÁNG NHỚ,Harry Potter - J. K. Rowling,Harry Potter - J. K. Rowling,,same,0,0,1,0,0,0,all,0,253,385,4,0,0,153115,53,General Audiences,Creator Chose Not To Use Archive Warnings,Gen,Tiếng Việt,,01 Sep 2026,1.0389610389610389,0.0,0.0,0.0,0.26124155046860204,0.0,0.0,True,False
2026-09-10T20:37:22+00:00,2026-09-10,cohort,91787816|same|0|0|1|0|0|0|all|0,91787816,"My first, my last",Harry Potter - J. K. Rowling,Harry Potter - J. K. Rowling,,same,0,0,1,0,0,0,all,0,253,98,11,0,2,383,1,Teen And Up Audiences,Creator Chose Not To Use Archive Warnings,M/M,English,,01 Sep 2026,11.224489795918368,0.0,2.0408163265306123,18.181818181818183,287.20626631853787,0.0,52.21932114882507,True,False
2026-09-10T20:37:22+00:00,2026-09-10,cohort,91787811|same|0|0|1|0|0|0|all|0,91787811,Highwaymen,Harry Potter - J. K. Rowling,Harry Potter - J. K. Rowling,,same,0,0,1,0,0,0,all,0,253,52,9,0,5,2556,1,Explicit,No Archive Warnings Apply,M/M,English,,01 Sep 2026,17.307692307692307,0.0,9.615384615384617,55.55555555555556,35.2112676056338,0.0,19.561815336463223,True,False
2026-09-10T20:37:22+00:00,2026-09-10,cohort,89675371|same|0|0|1|0|0|0|all|0,89675371,Salt of the Sky,Harry Potter - J. K. Rowling,Harry Potter - J. K. Rowling,,same,0,0,1,0,0,0,all,0,253,127,10,4,0,9033,2,Mature,No Archive Warnings Apply,M/M,English,,01 Sep 2026,7.874015748031496,3.149606299212598,0.0,0.0,11.070519207350825,4.4282076829403305,0.0,True,False
2026-09-10T20:37:22+00:00,2026-09-10,cohort,87363286|same|0|0|1|0|0|0|all|0,87363286,The Score,Harry Potter - J. K. Rowling,Harry Potter - J. K. Rowling,,same,0,0,1,0,0,0,all,0,253,665,31,10,50,12317,3,Explicit,No Archive Warnings Apply,F/M,English,,01 Sep 2026,4.661654135338346,1.5037593984962405,7.518796992481203,161.29032258064515,25.168466347324838,8.118860112040268,40.59430056020135,True,False
2026-09-10T20:37:22+00:00,2026-09-10,cohort,81423186|same|0|0|1|0|0|0|all|0,81423186,"Darling, I’ve Done Something Stupid",Harry Potter - J. K. Rowling,Harry Potter - J. K. Rowling,,same,0,0,1,0,0,0,all,0,253,6391,224,64,173,107450,13,Not Rated,"Creator Chose Not To Use Archive Warnings, F/F, F/M, M/M, Multi",,English,,01 Sep 2026,3.5049288061336252,1.001408230323893,2.7069316225942734,77.23214285714286,20.846905537459282,5.956258724988366,16.100511865984178,True,False
2026-09-10T20:37:22+00:00,2026-09-10,cohort,91786276|same|0|0|1|0|0|0|all|0,91786276,Where we bloom *ART*,Harry Potter - J. K. Rowling,Harry Potter - J. K. Rowling,,same,0,0,1,0,0,0,all,0,253,53,9,0,3,0,1,General Audiences,No Archive Warnings Apply,F/M,English,,01 Sep 2026,16.9811320754717,0.0,5.660377358490567,33.33333333333333,0.0,0.0,0.0,False,False
2026-09-10T20:37:22+00:00,2026-09-10,cohort,91770456|same|0|0|1|0|0|0|all|0,91770456,"Draco Malfoy and the Terrible, Horrible Redemption.",Harry Potter - J. K. Rowling,Harry Potter - J. K. Rowling,,same,0,0,1,0,0,0,all,0,253,513,20,2,3,21391,11,Teen And Up Audiences,Creator Chose Not To Use Archive Warnings,F/M,English,,01 Sep 2026,3.898635477582846,0.3898635477582846,0.5847953216374269,15.0,9.349726520499276,0.9349726520499275,1.4024589780748913,True,False
2026-09-10T20:37:22+00:00,2026-09-10,cohort,91782781|same|0|0|1|0|0|0|all|0,91782781,Shake My Hand and Bear It,Harry Potter - J. K. Rowling,Harry Potter - J. K. Rowling,,same,0,0,1,0,0,0,all,0,253,93,14,3,2,2396,1,Mature,Creator Chose Not To Use Archive Warnings,M/M,English,,01 Sep 2026,15.053763440860216,3.225806451612903,2.1505376344086025,14.285714285714285,58.43071786310517,12.520868113522537,8.347245409015025,True,False
2026-09-10T20:37:22+00:00,2026-09-10,cohort,90988426|same|0|0|1|0|0|0|all|0,90988426,Três corações,Harry Potter - J. K. Rowling,Harry Potter - J. K. Rowling,,same,0,0,1,0,0,0,all,0,253,53,2,0,1,9331,11,Explicit,"No Archive Warnings Apply, M/M, Multi",,Português brasileiro,,01 Sep 2026,3.7735849056603774,0.0,1.8867924528301887,50.0,2.143392991104919,0.0,1.0716964955524595,True,False
2026-09-10T20:37:22+00:00,2026-09-10,cohort,90818931|same|0|0|1|0|0|0|all|0,90818931,Christmas with a twist,Harry Potter - J. K. Rowling,Harry Potter - J. K. Rowling,,same,0,0,1,0,0,0,all,0,253,9876,35,44,14,19792,3,Explicit,"Rape/Non-Con, Underage Sex, F/F, F/M",,English,,01 Sep 2026,0.35439449169704335,0.44552450384771164,0.14175779667881733,40.0,17.683912691996767,22.23120452708165,7.073565076798706,True,False
2026-09-10T20:37:22+00:00,2026-09-10,cohort,89272956|same|0|0|1|0|0|0|all|0,89272956,Draco is actually an omega！！,Harry Potter - J. K. Rowling,Harry Potter - J. K. Rowling,,same,0,0,1,0,0,0,all,0,254,1769,52,7,2,33351,4,General Audiences,Creator Chose Not To Use Archive Warnings,M/M,English,,01 Sep 2026,2.9395138496325606,0.395703787450537,0.11305822498586772,3.8461538461538463,15.591736379718748,2.098887589577524,0.5996821684507211,True,False
2026-09-10T20:37:22+00:00,2026-09-10,cohort,91521896|same|0|0|1|0|0|0|all|0,91521896,Teasing Draco Malfoy,Harry Potter - J. K. Rowling,Harry Potter - J. K. Rowling,,same,0,0,1,0,0,0,all,0,254,457,39,9,8,2292,1,Mature,No Archive Warnings Apply,F/M,English,,01 Sep 2026,8.533916849015318,1.9693654266958425,1.75054704595186,20.51282051282051,170.15706806282722,39.26701570680628,34.904013961605585,True,False
2026-09-10T20:37:22+00:00,2026-09-10,cohort,85216691|same|0|0|1|0|0|0|all|0,85216691,Potion Entanglement,Harry Potter - J. K. Rowling,Harry Potter - J. K. Rowling,,same,0,0,1,0,0,0,all,0,254,335,15,3,0,2916,2,Teen And Up Audiences,Creator Chose Not To Use Archive Warnings,M/M,English,,01 Sep 2026,4.477611940298507,0.8955223880597015,0.0,0.0,51.440329218106996,10.2880658436214,0.0,True,False
2026-09-10T20:37:22+00:00,2026-09-10,cohort,91757106|same|0|0|1|0|0|0|all|0,91757106,Kneel,Harry Potter - J. K. Rowling,Harry Potter - J. K. Rowling,,same,0,0,1,0,0,0,all,0,254,3993,446,63,76,4425,1,Explicit,Creator Chose Not To Use Archive Warnings,F/M,English,,01 Sep 2026,11.16954670673679,1.5777610818933134,1.9033308289506636,17.040358744394617,1007.909604519774,142.3728813559322,171.75141242937852,True,False
2026-09-10T20:37:22+00:00,2026-09-10,cohort,91783636|same|0|0|1|0|0|0|all|0,91783636,UNDER A FULL MOON (traduzione - Supergal),Harry Potter - J. K. Rowling,Harry Potter - J. K. Rowling,,same,0,0,1,0,0,0,all,0,254,52,4,0,0,19571,1,Explicit,No Archive Warnings Apply,F/M,Italiano,,01 Sep 2026,7.6923076923076925,0.0,0.0,0.0,2.0438403760666293,0.0,0.0,True,False
2026-09-10T20:37:22+00:00,2026-09-10,cohort,92038536|same|0|0|1|0|0|0|all|0,92038536,Somewhere in Siberia,Harry Potter - J. K. Rowling,Harry Potter - J. K. Rowling,,same,0,0,1,0,0,0,all,0,254,374,19,0,8,6596,1,Explicit,No Archive Warnings Apply,F/M,English,,01 Sep 2026,5.080213903743315,0.0,2.13903743315508,42.10526315789473,28.805336567616738,0.0,12.12856276531231,True,False
2026-09-10T20:37:22+00:00,2026-09-10,cohort,91890006|same|0|0|1|0|0|0|all|0,91890006,Reserved,Harry Potter - J. K. Rowling,Harry Potter - J. K. Rowling,,same,0,0,1,0,0,0,all,0,254,695,49,8,8,1506,1,Explicit,No Archive Warnings Apply,F/M,English,,01 Sep 2026,7.0503597122302155,1.1510791366906474,1.1510791366906474,16.3265306122449,325.3652058432935,53.12084993359893,53.12084993359893,True,False
2026-09-10T20:37:22+00:00,2026-09-10,cohort,91856626|same|0|0|1|0|0|0|all|0,91856626,Origami Friendship,Harry Potter - J. K. Rowling,Harry Potter - J. K. Rowling,,same,0,0,1,0,0,0,all,0,254,72,10,1,6,1814,1,General Audiences,No Archive Warnings Apply,F/M,English,,01 Sep 2026,13.88888888888889,1.3888888888888888,8.333333333333332,60.0,55.12679162072767,5.512679162072767,33.07607497243661,True,False
2026-09-10T20:37:22+00:00,2026-09-10,cohort,91745731|same|0|0|1|0|0|0|all|0,91745731,"Rumors suggest this isn't a marriage, but labor exploitation",Harry Potter - J. K. Rowling,Harry Potter - J. K. Rowling,,same,0,0,1,0,0,0,all,0,254,978,118,37,7,1521,1,Not Rated,Creator Chose Not To Use Archive Warnings,M/M,English,,01 Sep 2026,12.065439672801636,3.783231083844581,0.7157464212678937,5.932203389830509,775.8053911900066,243.26101249178174,46.022353714661406,True,False
2026-09-10T20:37:22+00:00,2026-09-10,cohort,91692651|same|0|0|1|0|0|0|all|0,91692651,A Pocketful of Salt and Sunlight,Harry Potter - J. K. Rowling,Harry Potter - J. K. Rowling,,same,0,0,1,0,0,0,all,0,254,524,85,11,19,5184,1,General Audiences,No Archive Warnings Apply,Gen,English,,01 Sep 2026,16.221374045801525,2.099236641221374,3.6259541984732824,22.35294117647059,163.96604938271605,21.219135802469136,36.651234567901234,True,False
2026-09-10T20:37:22+00:00,2026-09-10,cohort,91686751|same|0|0|1|0|0|0|all|0,91686751,Wicked Games,Harry Potter - J. K. Rowling,Harry Potter - J. K. Rowling,,same,0,0,1,0,0,0,all,0,254,656,29,2,2,8495,3,Explicit,Creator Chose Not To Use Archive Warnings,F/M,English,,01 Sep 2026,4.420731707317073,0.3048780487804878,0.3048780487804878,6.896551724137931,34.13772807533844,2.3543260741612713,2.3543260741612713,True,False
2026-09-10T20:37:22+00:00,2026-09-10,cohort,91474501|same|0|0|1|0|0|0|all|0,91474501,"of moons, birds, and monsters",Harry Potter - J. K. Rowling,Harry Potter - J. K. Rowling,,same,0,0,1,0,0,0,all,0,254,317,27,7,18,5066,3,Teen And Up Audiences,"No Archive Warnings Apply, F/F, M/M",,English,,01 Sep 2026,8.517350157728707,2.2082018927444795,5.678233438485805,66.66666666666666,53.29648637978681,13.81760757994473,35.53099091985788,True,False
2026-09-10T20:37:22+00:00,2026-09-10,cohort,91425516|same|0|0|1|0|0|0|all|0,91425516,Pretty,Harry Potter - J. K. Rowling,Harry Potter - J. K. Rowling,,same,0,0,1,0,0,0,all,0,254,169,8,2,2,4030,1,Explicit,Creator Chose Not To Use Archive Warnings,M/M,English,,01 Sep 2026,4.733727810650888,1.183431952662722,1.183431952662722,25.0,19.851116625310173,4.962779156327543,4.962779156327543,True,False
2026-09-10T20:37:22+00:00,2026-09-10,cohort,91348976|same|0|0|1|0|0|0|all|0,91348976,The Anatomy of Shadows,Harry Potter - J. K. Rowling,Harry Potter - J. K. Rowling,,same,0,0,1,0,0,0,all,0,254,611,36,9,10,38205,11,Explicit,Creator Chose Not To Use Archive Warnings,F/M,English,,01 Sep 2026,5.8919803600654665,1.4729950900163666,1.6366612111292964,27.77777777777778,9.422850412249705,2.3557126030624262,2.6174584478471403,True,False
2026-09-10T20:37:22+00:00,2026-09-10,cohort,91246121|same|0|0|1|0|0|0|all|0,91246121,Serpent's Secret Heir,Harry Potter - J. K. Rowling,Harry Potter - J. K. Rowling,,same,0,0,1,0,0,0,all,0,254,2714,97,28,79,33342,22,Explicit,Creator Chose Not To Use Archive Warnings,F/M,English,,01 Sep 2026,3.574060427413412,1.0316875460574797,2.9108327192336034,81.44329896907216,29.09243596664867,8.3978165676924,23.693839601703555,True,False
2026-09-10T20:37:22+00:00,2026-09-10,cohort,90919386|same|0|0|1|0|0|0|all|0,90919386,"Professional Seeker, Amateur Romantic",Harry Potter - J. K. Rowling,Harry Potter - J. K. Rowling,,same,0,0,1,0,0,0,all,0,254,97,10,2,5,9858,3,Mature,No Archive Warnings Apply,F/M,English,,01 Sep 2026,10.309278350515463,2.0618556701030926,5.154639175257731,50.0,10.144045445323595,2.028809089064719,5.0720227226617975,True,False
2026-09-10T20:37:22+00:00,2026-09-10,cohort,90325656|same|0|0|1|0|0|0|all|0,90325656,Half blood Prince,Harry Potter - J. K. Rowling,Harry Potter - J. K. Rowling,,same,0,0,1,0,0,0,all,0,255,2854,150,39,53,17141,6,Not Rated,Graphic Depictions Of Violence,Gen,English,,01 Sep 2026,5.255781359495445,1.3665031534688157,1.8570427470217241,35.333333333333336,87.50948019368765,22.75246485035879,30.920016335102968,True,False
2026-09-10T20:37:22+00:00,2026-09-10,cohort,89888986|same|0|0|1|0|0|0|all|0,89888986,【哈德】Stochastic Process,Harry Potter - J. K. Rowling,Harry Potter - J. K. Rowling,,same,0,0,1,0,0,0,all,0,255,913,30,10,2,121622,30,Explicit,"Graphic Depictions Of Violence, Creator Chose Not To Use Archive Warnings, Rape/Non-Con",M/M,中文-普通话 國語,,01 Sep 2026,3.285870755750274,1.095290251916758,0.21905805038335158,6.666666666666667,2.466658992616467,0.8222196642054892,0.16444393284109785,True,False
2026-09-10T20:37:22+00:00,2026-09-10,cohort,89867916|same|0|0|1|0|0|0|all|0,89867916,Harry's Awaken,Harry Potter - J. K. Rowling,Harry Potter - J. K. Rowling,,same,0,0,1,0,0,0,all,0,255,6683,608,143,137,6183,3,Mature,"Graphic Depictions Of Violence, Major Character Death, F/M, M/M, Other",,English,,01 Sep 2026,9.097710609007931,2.139757593894957,2.049977554990274,22.532894736842106,983.3414200226428,231.27931424874657,221.57528707747048,True,False
2026-09-10T20:37:22+00:00,2026-09-10,cohort,89592916|same|0|0|1|0|0|0|all|0,89592916,【斯内普/原创女主】暗夜微光·第一卷：夜归人,Harry Potter - J. K. Rowling,Harry Potter - J. K. Rowling,,same,0,0,1,0,0,0,all,0,255,184,6,2,10,70429,18,Mature,No Archive Warnings Apply,F/M,中文-普通话 國語,,01 Sep 2026,3.260869565217391,1.0869565217391304,5.434782608695652,166.66666666666669,0.8519217935793494,0.2839739311931165,1.4198696559655823,True,False
2026-09-10T20:37:22+00:00,2026-09-10,cohort,88949296|same|0|0|1|0|0|0|all|0,88949296,Princess of Slytherin,Harry Potter - J. K. Rowling,Harry Potter - J. K. Rowling,,same,0,0,1,0,0,0,all,0,255,338,12,2,0,6245,5,Explicit,"Major Character Death, No Archive Warnings Apply, Underage Sex, Creator Chose Not To Use Archive Warnings",F/M,English,,01 Sep 2026,3.5502958579881656,0.591715976331361,0.0,0.0,19.21537229783827,3.202562049639712,0.0,True,False
2026-09-10T20:37:22+00:00,2026-09-10,cohort,87641866|same|0|0|1|0|0|0|all|0,87641866,Who can I trust??,Harry Potter - J. K. Rowling,Harry Potter - J. K. Rowling,,same,0,0,1,0,0,0,all,0,255,610,25,5,3,22784,20,Mature,"Creator Chose Not To Use Archive Warnings, Graphic Depictions Of Violence, No Archive Warnings Apply",M/M,English,,01 Sep 2026,4.098360655737705,0.819672131147541,0.49180327868852464,12.0,10.972612359550563,2.1945224719101124,1.3167134831460674,True,False
2026-09-10T20:37:22+00:00,2026-09-10,cohort,87430901|same|0|0|1|0|0|0|all|0,87430901,deliver us from evil,Harry Potter - J. K. Rowling,Harry Potter - J. K. Rowling,,same,0,0,1,0,0,0,all,0,255,8674,315,134,197,157109,21,Mature,"Graphic Depictions Of Violence, Creator Chose Not To Use Archive Warnings, F/M, M/M",,English,,01 Sep 2026,3.631542540926908,1.5448466682038275,2.2711551763892093,62.53968253968254,20.04977436047585,8.52911036286909,12.53906523496426,True,False
2026-09-10T20:37:22+00:00,2026-09-10,cohort,86276311|same|0|0|1|0|0|0|all|0,86276311,Mountains,Harry Potter - J. K. Rowling,Harry Potter - J. K. Rowling,,same,0,0,1,0,0,0,all,0,255,184,6,1,0,21796,5,Mature,Creator Chose Not To Use Archive Warnings,Gen,English,,01 Sep 2026,3.260869565217391,0.5434782608695652,0.0,0.0,2.7527986786566343,0.4587997797761057,0.0,True,False
2026-09-10T20:37:22+00:00,2026-09-10,cohort,86013616|same|0|0|1|0|0|0|all|0,86013616,Aevum Salvator,Harry Potter - J. K. Rowling,Harry Potter - J. K. Rowling,,same,0,0,1,0,0,0,all,0,255,23453,639,196,775,131242,38,Explicit,"Graphic Depictions Of Violence, F/M, M/M",,English,,01 Sep 2026,2.724598132435083,0.835713981153797,3.304481303031595,121.28325508607199,48.6886819768062,14.934243611039149,59.051218359976225,True,False
2026-09-10T20:37:22+00:00,2026-09-10,cohort,85599241|same|0|0|1|0|0|0|all|0,85599241,The Serpent’s hourglass,Harry Potter - J. K. Rowling,Harry Potter - J. K. Rowling,,same,0,0,1,0,0,0,all,0,255,3190,69,25,29,289673,50,Mature,"Major Character Death, Rape/Non-Con, Graphic Depictions Of Violence",F/M,English,,01 Sep 2026,2.1630094043887147,0.7836990595611284,0.9090909090909091,42.028985507246375,2.3819962509450314,0.86304211990762,1.001128859092839,True,False
2026-09-10T20:37:22+00:00,2026-09-10,cohort,83805791|same|0|0|1|0|0|0|all|0,83805791,Los Herederos,Harry Potter - J. K. Rowling,Harry Potter - J. K. Rowling,,same,0,0,1,0,0,0,all,0,255,466,4,2,3,174400,9,Teen And Up Audiences,"Graphic Depictions Of Violence, Underage Sex",M/M,Español,,01 Sep 2026,0.8583690987124464,0.4291845493562232,0.6437768240343348,75.0,0.22935779816513763,0.11467889908256881,0.17201834862385323,True,False
2026-09-10T20:37:22+00:00,2026-09-10,cohort,83762411|same|0|0|1|0|0|0|all|0,83762411,Harry Potter and the Twins Fuckery,Harry Potter - J. K. Rowling,Harry Potter - J. K. Rowling,,same,0,0,1,0,0,0,all,0,255,15383,238,48,105,74453,28,Mature,"Graphic Depictions Of Violence, Major Character Death",F/M,English,,01 Sep 2026,1.547162452057466,0.3120327634401612,0.6825716700253527,44.11764705882353,31.966475494607337,6.447020267819967,14.102856835856178,True,False
2026-09-10T20:37:22+00:00,2026-09-10,cohort,82947971|same|0|0|1|0|0|0|all|0,82947971,And now everything changes,Harry Potter - J. K. Rowling,Harry Potter - J. K. Rowling,,same,0,0,1,0,0,0,all,0,255,6550,117,27,209,207841,110,General Audiences,"Creator Chose Not To Use Archive Warnings, F/F, F/M, M/M",,English,,01 Sep 2026,1.786259541984733,0.4122137404580153,3.1908396946564888,178.63247863247864,5.629303169249571,1.2990699621345163,10.055763780967181,True,False
2026-09-10T20:37:22+00:00,2026-09-10,cohort,77980746|same|0|0|1|0|0|0|all|0,77980746,Harry Potter and the Multiples,Harry Potter - J. K. Rowling,Harry Potter - J. K. Rowling,,same,0,0,1,0,0,0,all,0,255,3775,47,12,100,233193,175,Teen And Up Audiences,Creator Chose Not To Use Archive Warnings,F/M,English,,01 Sep 2026,1.2450331125827816,0.31788079470198677,2.6490066225165565,212.7659574468085,2.0154978923037996,0.514595206545651,4.288293387880425,True,False
2026-09-10T20:37:22+00:00,2026-09-10,cohort,73293841|same|0|0|1|0|0|0|all|0,73293841,Salt and Starlight,Harry Potter - J. K. Rowling,Harry Potter - J. K. Rowling,,same,0,0,1,0,0,0,all,0,255,17469,363,257,199,44333,17,Mature,Creator Chose Not To Use Archive Warnings,F/M,English,,01 Sep 2026,2.077966683839945,1.471177514454176,1.1391607991298873,54.82093663911846,81.88031488958563,57.970360679403605,44.88755554553042,True,False
2026-09-10T20:37:22+00:00,2026-09-10,cohort,58449724|same|0|0|1|0|0|0|all|0,58449724,Through Time,Harry Potter - J. K. Rowling,Harry Potter - J. K. Rowling,,same,0,0,1,0,0,0,all,0,255,4842,48,15,16,355057,44,Mature,"Major Character Death, Graphic Depictions Of Violence",F/M,English,,01 Sep 2026,0.9913258983890955,0.30978934324659235,0.3304419661296985,33.33333333333333,1.3518956111272273,0.42246737847725857,0.4506318703757425,True,False
2026-09-10T22:08:01+00:00,2026-09-10,target,90398616|same|0|0|1|0|0|0|all|0,90398616,just my luck,Harry Potter - J. K. Rowling,Harry Potter - J. K. Rowling,"Sirius Black/Remus Lupin, Regulus Black/James Potter",same,0,0,1,0,0,0,all,0,,995,118,21,27,15261,1,Teen And Up Audiences,No Archive Warnings Apply,M/M,English,2026-08-12,2026-08-12,11.85929648241206,2.1105527638190953,2.7135678391959797,22.88135593220339,77.32127645632659,13.760566149007275,17.692156477295065,True,False
2026-09-10T22:08:01+00:00,2026-09-10,cohort,84717561|same|0|0|1|0|0|0|all|0,84717561,Only one in the world (TMR/RW)—Thai to English Translation Version,Harry Potter - J. K. Rowling,Harry Potter - J. K. Rowling,,same,0,0,1,0,0,0,all,0,300,5964,251,46,81,206573,27,Mature,"Graphic Depictions Of Violence, Creator Chose Not To Use Archive Warnings",M/M,English,,31 Aug 2026,4.208584842387659,0.7712944332662642,1.358148893360161,32.27091633466135,12.15066828675577,2.226815701955241,3.921131996921185,True,False
2026-09-10T22:08:01+00:00,2026-09-10,cohort,91705396|same|0|0|1|0|0|0|all|0,91705396,no matter how hard i run,Harry Potter - J. K. Rowling,Harry Potter - J. K. Rowling,,same,0,0,1,0,0,0,all,0,300,80,0,0,0,1053,1,Explicit,"Rape/Non-Con, Gen, M/M",,English,,30 Aug 2026,0.0,0.0,0.0,0.0,0.0,0.0,0.0,True,False
2026-09-10T22:08:01+00:00,2026-09-10,cohort,43591416|same|0|0|1|0|0|0|all|0,43591416,"Love will tear us apart, again",Harry Potter - J. K. Rowling,Harry Potter - J. K. Rowling,,same,0,0,1,0,0,0,all,0,300,24184,680,57,778,187754,67,Mature,No Archive Warnings Apply,M/M,English,,31 Aug 2026,2.811776381078399,0.23569302017863047,3.2170029771749915,114.41176470588235,36.21760388593585,3.0358873845563874,41.437199740085426,True,False
2026-09-10T22:08:01+00:00,2026-09-10,cohort,84989646|same|0|0|1|0|0|0|all|0,84989646,The Rose Killings,Harry Potter - J. K. Rowling,Harry Potter - J. K. Rowling,,same,0,0,1,0,0,0,all,0,300,742,37,11,4,43162,21,Not Rated,"Creator Chose Not To Use Archive Warnings, F/F, F/M, M/M",,English,,31 Aug 2026,4.986522911051213,1.482479784366577,0.5390835579514826,10.81081081081081,8.572355312543442,2.5485380658912935,0.9267411148695611,True,False
2026-09-10T22:08:01+00:00,2026-09-10,cohort,69411371|same|0|0|1|0|0|0|all|0,69411371,In Silence We Work,Harry Potter - J. K. Rowling,Harry Potter - J. K. Rowling,,same,0,0,1,0,0,0,all,0,300,699,25,4,60,145624,23,Mature,"Creator Chose Not To Use Archive Warnings, Multi, F/M, M/M, Other",,English,,31 Aug 2026,3.5765379113018603,0.5722460658082975,8.583690987124463,240.0,1.716749986266,0.27467999780256,4.1201999670384,True,False
2026-09-10T22:08:01+00:00,2026-09-10,cohort,91704391|same|0|0|1|0|0|0|all|0,91704391,United Front,Harry Potter - J. K. Rowling,Harry Potter - Fandom,,same,0,0,1,0,0,0,all,0,300,197,9,0,0,3876,5,General Audiences,No Archive Warnings Apply,Gen,English,,31 Aug 2026,4.568527918781726,0.0,0.0,0.0,23.219814241486066,0.0,0.0,True,False
2026-09-10T22:08:01+00:00,2026-09-10,cohort,58169092|same|0|0|1|0|0|0|all|0,58169092,Never let go of my hand,Harry Potter - J. K. Rowling,Harry Potter - J. K. Rowling,,same,0,0,1,0,0,0,all,0,300,8595,125,32,82,157750,66,General Audiences,Creator Chose Not To Use Archive Warnings,F/M,English,,31 Aug 2026,1.4543339150668992,0.37230948225712623,0.954043048283886,65.60000000000001,7.9239302694136295,2.028526148969889,5.19809825673534,True,False
2026-09-10T22:08:01+00:00,2026-09-10,cohort,91703371|same|0|0|1|0|0|0|all|0,91703371,（6）He and his ferret,Harry Potter - J. K. Rowling,Harry Potter - J. K. Rowling,,same,0,0,1,0,0,0,all,0,300,152,18,4,1,1616,1,General Audiences,Creator Chose Not To Use Archive Warnings,M/M,English,,31 Aug 2026,11.842105263157894,2.631578947368421,0.6578947368421052,5.555555555555555,111.38613861386138,24.752475247524753,6.188118811881188,True,False
2026-09-10T22:08:01+00:00,2026-09-10,cohort,75118011|same|0|0|1|0|0|0|all|0,75118011,"When I grow up, I will be strong enough to carry all the heavy things you have to haul around with you when you´re a grown up",Harry Potter - J. K. Rowling,Harry Potter - J. K. Rowling,,same,0,0,1,0,0,0,all,0,300,11052,231,38,39,39907,20,Explicit,"Creator Chose Not To Use Archive Warnings, Major Character Death, F/F, M/M, Multi, Other",,English,,31 Aug 2026,2.0901194353963084,0.3438291711907347,0.3528773072747014,16.883116883116884,57.88458165234169,9.522138973112487,9.772721577668078,True,False
2026-09-10T22:08:01+00:00,2026-09-10,cohort,85786296|same|0|0|1|0|0|0|all|0,85786296,The Girl Who Would Not Worship Him,Harry Potter - J. K. Rowling,Harry Potter - J. K. Rowling,,same,0,0,1,0,0,0,all,0,300,998,19,7,6,219705,60,Teen And Up Audiences,Major Character Death,F/M,English,,31 Aug 2026,1.903807615230461,0.7014028056112225,0.6012024048096193,31.57894736842105,0.8647959764229307,0.3186090439452903,0.27309346623882025,True,False
2026-09-10T22:08:01+00:00,2026-09-10,cohort,83306866|same|0|0|1|0|0|0|all|0,83306866,Too Loud Next Door,Harry Potter - J. K. Rowling,Harry Potter - J. K. Rowling,,same,0,0,1,0,0,0,all,0,300,1948,96,11,106,43301,8,General Audiences,No Archive Warnings Apply,F/M,English,,31 Aug 2026,4.9281314168377826,0.5646817248459959,5.441478439425051,110.41666666666667,22.17038867462645,2.540357035634281,24.479804161566705,True,False
2026-09-10T22:08:01+00:00,2026-09-10,cohort,91702791|same|0|0|1|0|0|0|all|0,91702791,【德哈】生长痛,Harry Potter - J. K. Rowling,Harry Potter - J. K. Rowling,,same,0,0,1,0,0,0,all,0,300,89,7,1,7,5523,1,Not Rated,Creator Chose Not To Use Archive Warnings,M/M,中文-普通话 國語,,31 Aug 2026,7.865168539325842,1.1235955056179776,7.865168539325842,100.0,12.674271229404308,1.810610175629187,12.674271229404308,True,False
2026-09-10T22:08:01+00:00,2026-09-10,cohort,91702686|same|0|0|1|0|0|0|all|0,91702686,A Rather Serious Miscalculation,Harry Potter - J. K. Rowling,Harry Potter - J. K. Rowling,,same,0,0,1,0,0,0,all,0,300,353,2,4,1,2,1,Not Rated,Rape/Non-Con,F/M,English,,31 Aug 2026,0.56657223796034,1.13314447592068,0.28328611898017,50.0,10000.0,20000.0,5000.0,True,False
2026-09-10T22:08:01+00:00,2026-09-10,cohort,91478041|same|0|0|1|0|0|0|all|0,91478041,"Sorry father, I've sinned",Harry Potter - J. K. Rowling,Harry Potter - J. K. Rowling,,same,0,0,1,0,0,0,all,0,301,114,5,0,4,5241,2,Teen And Up Audiences,"Graphic Depictions Of Violence, Rape/Non-Con, Underage Sex, F/F, F/M, M/M",,English,,31 Aug 2026,4.385964912280701,0.0,3.508771929824561,80.0,9.540164090822362,0.0,7.632131272657889,True,False
2026-09-10T22:08:01+00:00,2026-09-10,cohort,89897821|same|0|0|1|0|0|0|all|0,89897821,Heiress Black,Harry Potter - J. K. Rowling,Harry Potter - J. K. Rowling,,same,0,0,1,0,0,0,all,0,301,945,59,20,7,9548,2,Not Rated,"Creator Chose Not To Use Archive Warnings, Graphic Depictions Of Violence",F/M,English,,31 Aug 2026,6.243386243386243,2.1164021164021163,0.7407407407407408,11.864406779661017,61.793045664013405,20.94679514034353,7.331378299120234,True,False
2026-09-10T22:08:01+00:00,2026-09-10,cohort,51491080|same|0|0|1|0|0|0|all|0,51491080,Casualties of War,Harry Potter - J. K. Rowling,Harry Potter - J. K. Rowling,,same,0,0,1,0,0,0,all,0,301,50209,1165,418,837,303372,51,Mature,"Graphic Depictions Of Violence, No category",,English,,30 Aug 2026,2.3203011412296597,0.8325200661236033,1.6670318070465453,71.84549356223175,38.401698245058874,13.7784634046649,27.589889640441438,True,False
2026-09-10T22:08:01+00:00,2026-09-10,cohort,91700721|same|0|0|1|0|0|0|all|0,91700721,PROP UP THE SAVIOUR（2）,Harry Potter - J. K. Rowling,Harry Potter - J. K. Rowling,,same,0,0,1,0,0,0,all,0,301,1043,87,4,4,3974,1,General Audiences,Creator Chose Not To Use Archive Warnings,M/M,English,,31 Aug 2026,8.341323106423777,0.38350910834132307,0.38350910834132307,4.597701149425287,218.92299949672872,10.065425264217414,10.065425264217414,True,False
2026-09-10T22:08:01+00:00,2026-09-10,cohort,88834436|same|0|0|1|0|0|0|all|0,88834436,RAÍCES PERENNES,Harry Potter - J. K. Rowling,Harry Potter - J. K. Rowling,,same,0,0,1,0,0,0,all,0,301,166,3,1,2,25009,9,Explicit,Creator Chose Not To Use Archive Warnings,M/M,Español,,30 Aug 2026,1.8072289156626504,0.6024096385542169,1.2048192771084338,66.66666666666666,1.199568155464033,0.3998560518213443,0.7997121036426886,True,False
2026-09-10T22:08:01+00:00,2026-09-10,cohort,91693131|same|0|0|1|0|0|0|all|0,91693131,We don't hug,Harry Potter - J. K. Rowling,Harry Potter - J. K. Rowling,,same,0,0,1,0,0,0,all,0,301,381,25,3,1,1924,1,Teen And Up Audiences,No Archive Warnings Apply,M/M,English,,31 Aug 2026,6.561679790026247,0.7874015748031495,0.26246719160104987,4.0,129.93762993762994,15.592515592515593,5.197505197505198,True,False
2026-09-10T22:08:01+00:00,2026-09-10,cohort,75708911|same|0|0|1|0|0|0|all|0,75708911,Knockturn: A Home in Exile,Harry Potter - J. K. Rowling,Harry Potter - J. K. Rowling,,same,0,0,1,0,0,0,all,0,301,2250,94,27,20,61669,11,Explicit,Graphic Depictions Of Violence,M/M,English,,31 Aug 2026,4.177777777777777,1.2,0.8888888888888888,21.27659574468085,15.24266649370024,4.3782127162756,3.2431205305745188,True,False
2026-09-10T22:08:01+00:00,2026-09-10,cohort,88719526|same|0|0|1|0|0|0|all|0,88719526,Bury the Dead Where They're Found,Harry Potter - J. K. Rowling,Harry Potter - J. K. Rowling,,same,0,0,1,0,0,0,all,0,301,66,6,0,5,9510,3,Mature,Creator Chose Not To Use Archive Warnings,F/F,English,,31 Aug 2026,9.090909090909092,0.0,7.575757575757576,83.33333333333334,6.309148264984228,0.0,5.257623554153523,True,False
2026-09-10T22:08:01+00:00,2026-09-10,cohort,87283881|same|0|0|1|0|0|0|all|0,87283881,The Headmistress and the Governor,Harry Potter - J. K. Rowling,Harry Potter - J. K. Rowling,,same,0,0,1,0,0,0,all,0,301,4281,99,14,79,97949,26,Explicit,Creator Chose Not To Use Archive Warnings,F/M,English,,31 Aug 2026,2.312543798177996,0.3270263957019388,1.8453632328895118,79.7979797979798,10.107300738139235,1.4293152558984776,8.06542180114141,True,False
2026-09-10T22:08:01+00:00,2026-09-10,cohort,91699571|same|0|0|1|0|0|0|all|0,91699571,The Puppet Master’s Gambit,Harry Potter - J. K. Rowling,Harry Potter - J. K. Rowling,,same,0,0,1,0,0,0,all,0,301,111,0,1,1,2736,1,Teen And Up Audiences,"Creator Chose Not To Use Archive Warnings, Major Character Death",Gen,English,,31 Aug 2026,0.0,0.9009009009009009,0.9009009009009009,0.0,0.0,3.654970760233918,3.654970760233918,True,False
2026-09-10T22:08:01+00:00,2026-09-10,cohort,91698581|same|0|0|1|0|0|0|all|0,91698581,The Other Potter,Harry Potter - J. K. Rowling,Harry Potter - J. K. Rowling,,same,0,0,1,0,0,0,all,0,301,137,4,3,2,33030,10,Explicit,Underage Sex,F/M,English,,31 Aug 2026,2.9197080291970803,2.18978102189781,1.4598540145985401,50.0,1.2110202845897668,0.9082652134423251,0.6055101422948834,True,False
2026-09-10T22:08:01+00:00,2026-09-10,cohort,83820896|same|0|0|1|0|0|0|all|0,83820896,Hermione Granger and the Trouble with Time,Harry Potter - J. K. Rowling,Harry Potter - J. K. Rowling,,same,0,0,1,0,0,0,all,0,301,4730,282,34,83,57543,17,Mature,Creator Chose Not To Use Archive Warnings,F/M,English,,31 Aug 2026,5.961945031712474,0.718816067653277,1.754756871035941,29.432624113475175,49.00682967519942,5.908624854456667,14.423995968232452,True,False
2026-09-10T22:08:01+00:00,2026-09-10,cohort,77371616|same|0|0|1|0|0|0|all|0,77371616,in another life (i will make you stay),Harry Potter - J. K. Rowling,Harry Potter - J. K. Rowling,,same,0,0,1,0,0,0,all,0,301,3212,88,18,17,58376,13,Teen And Up Audiences,"No Archive Warnings Apply, F/M, M/M",,English,,31 Aug 2026,2.73972602739726,0.5603985056039851,0.5292652552926526,19.318181818181817,15.07468822803892,3.0834589557352334,2.9121556804166095,True,False
2026-09-10T22:08:01+00:00,2026-09-10,cohort,91698606|same|0|0|1|0|0|0|all|0,91698606,Summer Soup,Harry Potter - J. K. Rowling,Harry Potter - J. K. Rowling,,same,0,0,1,0,0,0,all,0,302,91,6,1,1,4373,1,Teen And Up Audiences,Creator Chose Not To Use Archive Warnings,F/F,English,,31 Aug 2026,6.593406593406594,1.098901098901099,1.098901098901099,16.666666666666664,13.72055796935742,2.2867596615595702,2.2867596615595702,True,False
2026-09-10T22:08:01+00:00,2026-09-10,cohort,72030801|same|0|0|1|0|0|0|all|0,72030801,bluer than a butterfly,Harry Potter - J. K. Rowling,Harry Potter - J. K. Rowling,,same,0,0,1,0,0,0,all,0,302,7350,138,39,85,98723,27,Explicit,Graphic Depictions Of Violence,F/M,English,,31 Aug 2026,1.8775510204081631,0.5306122448979592,1.1564625850340136,61.59420289855072,13.978505515432067,3.9504472108829756,8.609949049360331,True,False
2026-09-10T22:08:01+00:00,2026-09-10,cohort,88071086|same|0|0|1|0|0|0|all|0,88071086,REWRITTEN,Harry Potter - J. K. Rowling,Harry Potter - J. K. Rowling,,same,0,0,1,0,0,0,all,0,302,636,21,3,10,15976,9,Not Rated,"Creator Chose Not To Use Archive Warnings, F/F, M/M",,English,,31 Aug 2026,3.30188679245283,0.4716981132075472,1.5723270440251573,47.61904761904761,13.14471707561342,1.8778167250876314,6.259389083625439,True,False
2026-09-10T22:08:01+00:00,2026-09-10,cohort,77094706|same|0|0|1|0|0|0|all|0,77094706,Too tired for this world,Harry Potter - J. K. Rowling,Harry Potter - J. K. Rowling,,same,0,0,1,0,0,0,all,0,302,530,25,3,16,7576,9,Teen And Up Audiences,Creator Chose Not To Use Archive Warnings,Other,English,,31 Aug 2026,4.716981132075472,0.5660377358490566,3.018867924528302,64.0,32.99894403379092,3.9598732840549107,21.119324181626187,True,False
2026-09-10T22:08:01+00:00,2026-09-10,cohort,72784026|same|0|0|1|0|0|0|all|0,72784026,All Our Yesterdays,Harry Potter - J. K. Rowling,Harry Potter - J. K. Rowling,,same,0,0,1,0,0,0,all,0,302,5012,75,44,46,138223,34,Explicit,Graphic Depictions Of Violence,F/M,English,,31 Aug 2026,1.4964086193136472,0.8778930566640064,0.9177972865123704,61.33333333333333,5.426014483841328,3.1832618305202462,3.3279555500893485,True,False
2026-09-10T22:08:01+00:00,2026-09-10,cohort,91698001|same|0|0|1|0|0|0|all|0,91698001,The Notes,Harry Potter - J. K. Rowling,Harry Potter - J. K. Rowling,,same,0,0,1,0,0,0,all,0,302,148,9,3,4,1684,1,Not Rated,"Creator Chose Not To Use Archive Warnings, F/M, M/M",,English,,31 Aug 2026,6.081081081081082,2.027027027027027,2.7027027027027026,44.44444444444444,53.44418052256532,17.81472684085511,23.752969121140143,True,False
2026-09-10T22:08:01+00:00,2026-09-10,cohort,91697491|same|0|0|1|0|0|0|all|0,91697491,Harry Potter and the Journal of Merlin,Harry Potter - J. K. Rowling,Harry Potter - J. K. Rowling,,same,0,0,1,0,0,0,all,0,302,170,1,1,3,117307,10,Teen And Up Audiences,Major Character Death,F/M,English,,31 Aug 2026,0.5882352941176471,0.5882352941176471,1.7647058823529411,300.0,0.0852464047328804,0.0852464047328804,0.2557392141986412,True,False
2026-09-10T22:08:01+00:00,2026-09-10,cohort,85115796|same|0|0|1|0|0|0|all|0,85115796,The Overgrowing of Severus Snape: An Unwanted Botanical Study,Harry Potter - J. K. Rowling,Harry Potter - J. K. Rowling,,same,0,0,1,0,0,0,all,0,302,1675,95,13,77,58997,12,Not Rated,"Creator Chose Not To Use Archive Warnings, Gen, Other",,English,,30 Aug 2026,5.6716417910447765,0.7761194029850746,4.597014925373134,81.05263157894737,16.102513687136632,2.203501872976592,13.05151109378443,True,False
2026-09-10T22:08:01+00:00,2026-09-10,cohort,91689856|same|0|0|1|0|0|0|all|0,91689856,What Remains,Harry Potter - J. K. Rowling,Harry Potter - J. K. Rowling,,same,0,0,1,0,0,0,all,0,302,187,4,0,1,2795,2,Mature,"Graphic Depictions Of Violence, Major Character Death, Underage Sex, F/M, Multi",,English,,30 Aug 2026,2.13903743315508,0.0,0.53475935828877,25.0,14.311270125223613,0.0,3.5778175313059033,True,False
2026-09-10T22:08:01+00:00,2026-09-10,cohort,89301481|same|0|0|1|0|0|0|all|0,89301481,Bloom in the Night,Harry Potter - J. K. Rowling,Harry Potter - J. K. Rowling,,same,0,0,1,0,0,0,all,0,302,77,2,0,6,14683,5,Teen And Up Audiences,No Archive Warnings Apply,F/F,English,,30 Aug 2026,2.5974025974025974,0.0,7.792207792207792,300.0,1.362119457876456,0.0,4.086358373629367,True,False
2026-09-10T22:08:01+00:00,2026-09-10,cohort,89560421|same|0|0|1|0|0|0|all|0,89560421,"A Snake, Tamed?",Harry Potter - J. K. Rowling,Harry Potter - J. K. Rowling,,same,0,0,1,0,0,0,all,0,302,351,21,3,4,11046,4,Explicit,Underage Sex,M/M,English,,31 Aug 2026,5.982905982905983,0.8547008547008548,1.1396011396011396,19.047619047619047,19.011406844106464,2.7159152634437804,3.621220351258374,True,False
2026-09-10T22:08:01+00:00,2026-09-10,cohort,50869042|same|0|0|1|0|0|0|all|0,50869042,Y/N the brokenhearted and Draco Malfoy the Slytherin prince of love,Harry Potter - J. K. Rowling,Harry Potter - J. K. Rowling,,same,0,0,1,0,0,0,all,0,302,1245,23,3,3,2261,3,General Audiences,No Archive Warnings Apply,F/M,English,,31 Aug 2026,1.8473895582329318,0.24096385542168677,0.24096385542168677,13.043478260869565,101.72490048651039,13.268465280849183,13.268465280849183,True,False
2026-09-10T22:08:01+00:00,2026-09-10,cohort,91696441|same|0|0|1|0|0|0|all|0,91696441,The secret door,Harry Potter - J. K. Rowling,Harry Potter - J. K. Rowling,,same,0,0,1,0,0,0,all,0,302,321,31,9,4,4282,1,Explicit,No Archive Warnings Apply,F/F,English,,31 Aug 2026,9.657320872274143,2.803738317757009,1.2461059190031152,12.903225806451612,72.39607659971976,21.018215787015414,9.341429238673516,True,False
2026-09-10T22:08:01+00:00,2026-09-10,cohort,91695256|same|0|0|1|0|0|0|all|0,91695256,Sun-bait,Harry Potter - J. K. Rowling,Harry Potter - J. K. Rowling,,same,0,0,1,0,0,0,all,0,302,3497,80,8,5,2385,1,Explicit,"Rape/Non-Con, Underage Sex",F/M,English,,31 Aug 2026,2.287675150128682,0.22876751501286818,0.14297969688304263,6.25,335.42976939203356,33.54297693920335,20.964360587002098,True,False
2026-09-10T22:08:01+00:00,2026-09-10,cohort,86846606|same|0|0|1|0|0|0|all|0,86846606,Of Flame and Family,Harry Potter - J. K. Rowling,Harry Potter - J. K. Rowling,,same,0,0,1,0,0,0,all,0,302,152,7,1,0,10210,7,Teen And Up Audiences,Creator Chose Not To Use Archive Warnings,F/M,English,,31 Aug 2026,4.605263157894736,0.6578947368421052,0.0,0.0,6.8560235063663075,0.9794319294809011,0.0,True,False
2026-09-10T22:08:01+00:00,2026-09-10,cohort,57518137|same|0|0|1|0|0|0|all|0,57518137,Ashes of Eden,Harry Potter - J. K. Rowling,Harry Potter - J. K. Rowling,,same,0,0,1,0,0,0,all,0,302,4280,81,52,101,88010,24,Explicit,"Graphic Depictions Of Violence, Major Character Death",F/M,English,,31 Aug 2026,1.8925233644859814,1.2149532710280373,2.359813084112149,124.69135802469135,9.203499602317919,5.908419497784342,11.475968639927281,True,False
2026-09-10T22:08:01+00:00,2026-09-10,cohort,91695116|same|0|0|1|0|0|0|all|0,91695116,help me i'm buried,Harry Potter - J. K. Rowling,Harry Potter - J. K. Rowling,,same,0,0,1,0,0,0,all,0,302,98,6,0,0,698,1,Teen And Up Audiences,Creator Chose Not To Use Archive Warnings,Gen,English,,31 Aug 2026,6.122448979591836,0.0,0.0,0.0,85.95988538681948,0.0,0.0,True,False
2026-09-10T22:08:01+00:00,2026-09-10,cohort,86265766|same|0|0|1|0|0|0|all|0,86265766,Turnabout,Harry Potter - J. K. Rowling,Harry Potter - J. K. Rowling,,same,0,0,1,0,0,0,all,0,302,1302,58,16,49,12970,11,Mature,No Archive Warnings Apply,F/M,English,,30 Aug 2026,4.45468509984639,1.228878648233487,3.763440860215054,84.48275862068965,44.718581341557446,12.33616037008481,37.77949113338473,True,False
2026-09-10T22:08:01+00:00,2026-09-10,cohort,91694131|same|0|0|1|0|0|0|all|0,91694131,Exactly the Same Amount,Harry Potter - J. K. Rowling,Harry Potter - J. K. Rowling,,same,0,0,1,0,0,0,all,0,302,730,50,4,0,1380,1,Explicit,No Archive Warnings Apply,F/M,English,,31 Aug 2026,6.8493150684931505,0.547945205479452,0.0,0.0,362.3188405797102,28.985507246376812,0.0,True,False
2026-09-10T22:08:01+00:00,2026-09-10,cohort,91306296|same|0|0|1|0|0|0|all|0,91306296,【斯哈】老仇人成了我爹，我只好操他小儿子扳回一城,Harry Potter - J. K. Rowling,Harry Potter - J. K. Rowling,,same,0,0,1,0,0,0,all,0,303,253,7,2,1,9834,4,Explicit,Underage Sex,M/M,中文-普通话 國語,,31 Aug 2026,2.766798418972332,0.7905138339920948,0.3952569169960474,14.285714285714285,7.118161480577587,2.033760423022168,1.016880211511084,True,False
2026-09-10T22:08:01+00:00,2026-09-10,cohort,59912992|same|0|0|1|0|0|0|all|0,59912992,Rebel Rebel,Harry Potter - J. K. Rowling,Harry Potter - J. K. Rowling,,same,0,0,1,0,0,0,all,0,303,908,19,9,0,26936,8,Mature,No Archive Warnings Apply,M/M,English,,30 Aug 2026,2.092511013215859,0.9911894273127754,0.0,0.0,7.053757053757054,3.341253341253341,0.0,True,False
2026-09-10T22:08:01+00:00,2026-09-10,cohort,48174745|same|0|0|1|0|0|0|all|0,48174745,Aftershock,Harry Potter - J. K. Rowling,Harry Potter - J. K. Rowling,,same,0,0,1,0,0,0,all,0,303,44977,830,251,507,339543,22,Mature,"Graphic Depictions Of Violence, Major Character Death, F/M, M/M",,English,,31 Aug 2026,1.8453876425728706,0.55806300998288,1.1272428129933076,61.084337349397586,24.44462115254916,7.392289047337156,14.931834848605332,True,False
2026-09-10T22:08:01+00:00,2026-09-10,cohort,91693351|same|0|0|1|0|0|0|all|0,91693351,The Threat of the Jar,Harry Potter - J. K. Rowling,Harry Potter - J. K. Rowling,,same,0,0,1,0,0,0,all,0,303,495,33,3,6,1380,1,Not Rated,No Archive Warnings Apply,F/M,English,,31 Aug 2026,6.666666666666667,0.6060606060606061,1.2121212121212122,18.181818181818183,239.13043478260872,21.73913043478261,43.47826086956522,True,False
2026-09-10T22:08:01+00:00,2026-09-10,cohort,86871806|same|0|0|1|0|0|0|all|0,86871806,Rent Boy,Harry Potter - J. K. Rowling,Harry Potter - J. K. Rowling,,same,0,0,1,0,0,0,all,0,303,2448,90,37,151,26322,9,Explicit,Creator Chose Not To Use Archive Warnings,F/M,English,,31 Aug 2026,3.6764705882352944,1.511437908496732,6.1683006535947715,167.77777777777777,34.19193070435377,14.056682622900995,57.36646151508244,True,False
2026-09-10T22:08:01+00:00,2026-09-10,cohort,61109401|same|0|0|1|0|0|0|all|0,61109401,The Order of Secrets,Harry Potter - J. K. Rowling,Harry Potter - J. K. Rowling,,same,0,0,1,0,0,0,all,0,303,97840,1764,751,1474,306987,81,Not Rated,"Creator Chose Not To Use Archive Warnings, F/M, Multi",,English,,31 Aug 2026,1.802943581357318,0.767579721995094,1.5065412919051513,83.56009070294785,57.46171661992202,24.463576633538228,48.015062527077696,True,False
2026-09-10T22:08:01+00:00,2026-09-10,cohort,91079891|same|0|0|1|0|0|0|all|0,91079891,And they were roommates,Harry Potter - J. K. Rowling,Harry Potter - J. K. Rowling,,same,0,0,1,0,0,0,all,0,303,93,19,1,22,3747,9,Mature,"No Archive Warnings Apply, F/M, Gen",,English,,31 Aug 2026,20.43010752688172,1.0752688172043012,23.655913978494624,115.78947368421053,50.707232452628766,2.6688017080330932,58.71363757672805,True,False
2026-09-10T22:08:01+00:00,2026-09-10,cohort,47748025|same|0|0|1|0|0|0|all|0,47748025,Cygnus Abraxas Malfoy: The New Malfoy,Harry Potter - J. K. Rowling,Harry Potter - J. K. Rowling,,same,0,0,1,0,0,0,all,0,303,34899,1012,277,50,11114,10,Not Rated,"Creator Chose Not To Use Archive Warnings, F/F, F/M, Gen, M/M",,English,,31 Aug 2026,2.899796555775237,0.7937190177368979,0.14327058081893465,4.940711462450593,910.563253554076,249.23519884829943,44.988303041209285,True,False
2026-09-10T22:08:01+00:00,2026-09-10,cohort,59220613|same|0|0|1|0|0|0|all|0,59220613,"The Wordless, Singing World",Harry Potter - J. K. Rowling,Harry Potter - J. K. Rowling,,same,0,0,1,0,0,0,all,0,303,17048,397,127,250,109581,27,Explicit,No Archive Warnings Apply,F/M,English,,31 Aug 2026,2.3287189113092444,0.7449554199906147,1.4664476771468795,62.97229219143576,36.22890829614623,11.589600386928392,22.814173990016517,True,False
2026-09-10T22:08:01+00:00,2026-09-10,cohort,32588626|same|0|0|1|0|0|0|all|0,32588626,Obliviate,Harry Potter - J. K. Rowling,Harry Potter - J. K. Rowling,,same,0,0,1,0,0,0,all,0,303,50432,925,426,384,80656,32,Mature,"Creator Chose Not To Use Archive Warnings, Graphic Depictions Of Violence, Rape/Non-Con",F/M,English,,31 Aug 2026,1.834152918781726,0.8447017766497462,0.7614213197969544,41.51351351351351,114.68458639158897,52.816901408450704,47.60960126958937,True,False
2026-09-10T22:08:01+00:00,2026-09-10,cohort,77027206|same|0|0|1|0|0|0|all|0,77027206,"Deception’s Heirs, Part III",Harry Potter - J. K. Rowling,Harry Potter - J. K. Rowling,,same,0,0,1,0,0,0,all,0,303,294,2,2,0,124917,9,Mature,No Archive Warnings Apply,F/M,English,,31 Aug 2026,0.6802721088435374,0.6802721088435374,0.0,0.0,0.16010631059023192,0.16010631059023192,0.0,True,False
2026-09-10T22:08:01+00:00,2026-09-10,cohort,91430346|same|0|0|1|0|0|0|all|0,91430346,The Weight of Small Things,Harry Potter - J. K. Rowling,Harry Potter - J. K. Rowling,,same,0,0,1,0,0,0,all,0,303,86,2,0,1,2154,2,Mature,No Archive Warnings Apply,F/M,English,,31 Aug 2026,2.3255813953488373,0.0,1.1627906976744187,50.0,9.285051067780874,0.0,4.642525533890437,True,False
2026-09-10T22:08:01+00:00,2026-09-10,cohort,85407391|same|0|0|1|0|0|0|all|0,85407391,"Marriage, Mayhem, and Ministry Matchmaking",Harry Potter - J. K. Rowling,Harry Potter - J. K. Rowling,,same,0,0,1,0,0,0,all,0,303,4310,137,37,49,47879,7,Explicit,Creator Chose Not To Use Archive Warnings,F/M,English,,31 Aug 2026,3.178654292343387,0.8584686774941995,1.136890951276102,35.76642335766424,28.61379728064496,7.7278138641157925,10.234131874099292,True,False
2026-09-10T22:08:01+00:00,2026-09-10,cohort,90360981|same|0|0|1|0|0|0|all|0,90360981,Little Spider-Sister,Harry Potter - J. K. Rowling,Harry Potter - J. K. Rowling,,same,0,0,1,0,0,0,all,0,303,78,6,1,4,12024,4,Teen And Up Audiences,"Creator Chose Not To Use Archive Warnings, No category",,English,,31 Aug 2026,7.6923076923076925,1.282051282051282,5.128205128205128,66.66666666666666,4.99001996007984,0.83166999334664,3.32667997338656,True,False
2026-09-10T22:08:01+00:00,2026-09-10,cohort,91650526|same|0|0|1|0|0|0|all|0,91650526,Never too late,Harry Potter - J. K. Rowling,Harry Potter - J. K. Rowling,,same,0,0,1,0,0,0,all,0,303,52,3,0,6,2643,1,Teen And Up Audiences,No Archive Warnings Apply,M/M,English,,30 Aug 2026,5.769230769230769,0.0,11.538461538461538,200.0,11.350737797956867,0.0,22.701475595913735,True,False
2026-09-10T22:08:01+00:00,2026-09-10,cohort,86342246|same|0|0|1|0|0|0|all|0,86342246,Side Effects May Include,Harry Potter - J. K. Rowling,Harry Potter - J. K. Rowling,,same,0,0,1,0,0,0,all,0,303,11862,826,169,315,16593,5,General Audiences,"No Archive Warnings Apply, No category",,English,,31 Aug 2026,6.963412577980105,1.424717585567358,2.6555386949924125,38.13559322033898,497.800277225336,101.85017778581329,189.83908877237388,True,False
2026-09-10T22:08:01+00:00,2026-09-10,cohort,73712236|same|0|0|1|0|0|0|all|0,73712236,The Wrath of Harry Potter,Harry Potter - J. K. Rowling,Harry Potter - J. K. Rowling,,same,0,0,1,0,0,0,all,0,303,41534,1563,456,614,43275,29,Explicit,"Major Character Death, Underage Sex",M/M,English,,31 Aug 2026,3.7631819713969277,1.0978956999085088,1.4783069292627726,39.28342930262316,361.1785095320624,105.37261698440207,141.88330444829577,True,False
2026-09-10T22:08:01+00:00,2026-09-10,cohort,91691501|same|0|0|1|0|0|0|all|0,91691501,I WROTE THIS AS A JOKE,Harry Potter - J. K. Rowling,Harry Potter - J. K. Rowling,,same,0,0,1,0,0,0,all,0,303,91,10,0,8,85,1,Not Rated,No Archive Warnings Apply,M/M,English,,31 Aug 2026,10.989010989010989,0.0,8.791208791208792,80.0,1176.4705882352941,0.0,941.1764705882352,True,False
2026-09-10T22:08:01+00:00,2026-09-10,cohort,91691286|same|0|0|1|0|0|0|all|0,91691286,the Price We Pay,Harry Potter - J. K. Rowling,Harry Potter - J. K. Rowling,,same,0,0,1,0,0,0,all,0,304,227,6,2,3,2999,2,Explicit,"Graphic Depictions Of Violence, Major Character Death",F/M,English,,31 Aug 2026,2.643171806167401,0.881057268722467,1.3215859030837005,50.0,20.00666888962988,6.668889629876625,10.00333444481494,True,False
2026-09-10T22:08:01+00:00,2026-09-10,cohort,91691406|same|0|0|1|0|0|0|all|0,91691406,Spiraling through time,Harry Potter - J. K. Rowling,Harry Potter - J. K. Rowling,,same,0,0,1,0,0,0,all,0,304,142,11,5,4,1088,1,Teen And Up Audiences,"Creator Chose Not To Use Archive Warnings, M/M, Multi",,English,,31 Aug 2026,7.746478873239436,3.5211267605633805,2.8169014084507045,36.36363636363637,101.1029411764706,45.95588235294118,36.76470588235294,True,False
2026-09-10T22:08:01+00:00,2026-09-10,cohort,91691266|same|0|0|1|0|0|0|all|0,91691266,(5)He and his ferret,Harry Potter - J. K. Rowling,Harry Potter - J. K. Rowling,,same,0,0,1,0,0,0,all,0,304,111,12,4,0,2071,1,General Audiences,Creator Chose Not To Use Archive Warnings,M/M,English,,31 Aug 2026,10.81081081081081,3.6036036036036037,0.0,0.0,57.94302269435055,19.31434089811685,0.0,True,False
2026-09-10T22:08:01+00:00,2026-09-10,cohort,66679648|same|0|0|1|0|0|0|all|0,66679648,Holly Potter and the Magics of the Mind,Harry Potter - J. K. Rowling,Harry Potter - J. K. Rowling,,same,0,0,1,0,0,0,all,0,304,34598,586,268,920,154882,32,Mature,Creator Chose Not To Use Archive Warnings,Multi,English,,31 Aug 2026,1.693739522515752,0.7746112492051563,2.659113243540089,156.99658703071674,37.835255226559575,17.30349556436513,59.400059400059405,True,False
2026-09-10T22:08:01+00:00,2026-09-10,cohort,77401001|same|0|0|1|0|0|0|all|0,77401001,Spit your pity in my soul,Harry Potter - J. K. Rowling,Harry Potter - J. K. Rowling,,same,0,0,1,0,0,0,all,0,304,10347,300,47,541,39049,16,Explicit,"Graphic Depictions Of Violence, Rape/Non-Con",F/M,English,,31 Aug 2026,2.8993911278631486,0.4542379433652266,5.228568667246545,180.33333333333331,76.82655125611412,12.036159696791211,138.54388076519245,True,False
2026-09-10T22:08:01+00:00,2026-09-10,cohort,63318898|same|0|0|1|0|0|0|all|0,63318898,Peônia,Harry Potter - J. K. Rowling,Harry Potter - J. K. Rowling,,same,0,0,1,0,0,0,all,0,304,355,23,2,4,9187,5,Mature,"Creator Chose Not To Use Archive Warnings, Graphic Depictions Of Violence",M/M,Português brasileiro,,30 Aug 2026,6.478873239436619,0.5633802816901409,1.1267605633802817,17.391304347826086,25.03537607488843,2.176989223903342,4.353978447806684,True,False
2026-09-10T22:08:01+00:00,2026-09-10,cohort,89900271|same|0|0|1|0|0|0|all|0,89900271,The Chosen One,Harry Potter - J. K. Rowling,Harry Potter - J. K. Rowling,,same,0,0,1,0,0,0,all,0,304,397,8,4,2,32369,10,General Audiences,"Creator Chose Not To Use Archive Warnings, No category",,English,,30 Aug 2026,2.0151133501259446,1.0075566750629723,0.5037783375314862,25.0,2.47150050974698,1.23575025487349,0.617875127436745,True,False
2026-09-10T22:08:01+00:00,2026-09-10,cohort,88863131|same|0|0|1|0|0|0|all|0,88863131,The Ballad of Cokeworth Gaol,Harry Potter - J. K. Rowling,Harry Potter - J. K. Rowling,,same,0,0,1,0,0,0,all,0,304,541,38,6,31,9861,3,Mature,Graphic Depictions Of Violence,M/M,English,,31 Aug 2026,7.024029574861368,1.1090573012939002,5.730129390018484,81.57894736842105,38.53564547206166,6.08457560085184,31.43697393773451,True,False
2026-09-10T22:08:01+00:00,2026-09-10,cohort,82941246|same|0|0|1|0|0|0|all|0,82941246,the boy no one sees,Harry Potter - J. K. Rowling,Harry Potter - J. K. Rowling,,same,0,0,1,0,0,0,all,0,304,3065,130,23,52,17577,17,General Audiences,Creator Chose Not To Use Archive Warnings,M/M,English,,31 Aug 2026,4.241435562805873,0.7504078303425775,1.6965742251223492,40.0,73.96028901405245,13.085281902486205,29.584115605620983,True,False
2026-09-10T22:08:01+00:00,2026-09-10,cohort,81437096|same|0|0|1|0|0|0|all|0,81437096,Toska,Harry Potter - J. K. Rowling,Harry Potter - J. K. Rowling,,same,0,0,1,0,0,0,all,0,304,7169,204,78,178,82873,21,Explicit,Creator Chose Not To Use Archive Warnings,F/M,English,,31 Aug 2026,2.8455851583205467,1.0880178546519739,2.4829125401032224,87.25490196078431,24.615978666151822,9.411991842940402,21.478648051838356,True,False
2026-09-10T22:08:01+00:00,2026-09-10,cohort,81524131|same|0|0|1|0|0|0|all|0,81524131,Remus Lupin's Guide To Never Letting Go,Harry Potter - J. K. Rowling,Harry Potter - J. K. Rowling,,same,0,0,1,0,0,0,all,0,304,210,5,0,15,13807,8,Not Rated,"Graphic Depictions Of Violence, Gen, M/M",,English,,31 Aug 2026,2.380952380952381,0.0,7.142857142857142,300.0,3.6213514883754616,0.0,10.864054465126385,True,False
2026-09-10T22:08:01+00:00,2026-09-10,cohort,91689741|same|0|0|1|0|0|0|all|0,91689741,Honeymoons and Sandcastles,Harry Potter - J. K. Rowling,Harry Potter - J. K. Rowling,,same,0,0,1,0,0,0,all,0,304,397,16,6,6,6492,1,Explicit,"No Archive Warnings Apply, No category",,English,,31 Aug 2026,4.030226700251889,1.5113350125944585,1.5113350125944585,37.5,24.645717806531117,9.242144177449168,9.242144177449168,True,False
2026-09-10T22:08:01+00:00,2026-09-10,cohort,88431696|same|0|0|1|0|0|0|all|0,88431696,Hineni (Here I Am),Harry Potter - J. K. Rowling,Harry Potter - J. K. Rowling,,same,0,0,1,0,0,0,all,0,304,9159,397,84,191,38265,7,Teen And Up Audiences,Creator Chose Not To Use Archive Warnings,Gen,English,,30 Aug 2026,4.334534337809805,0.917130691123485,2.085380500054591,48.11083123425693,103.75016333464,21.95217561740494,49.915065987194566,True,False
2026-09-10T22:08:01+00:00,2026-09-10,cohort,72775181|same|0|0|1|0|0|0|all|0,72775181,A different kind of magic,Harry Potter - J. K. Rowling,Harry Potter - J. K. Rowling,,same,0,0,1,0,0,0,all,0,304,108,5,1,5,3823,3,Not Rated,"Creator Chose Not To Use Archive Warnings, No category",,English,,31 Aug 2026,4.62962962962963,0.9259259259259258,4.62962962962963,100.0,13.078733978550876,2.615746795710175,13.078733978550876,True,False
2026-09-10T22:08:01+00:00,2026-09-10,cohort,91688746|same|0|0|1|0|0|0|all|0,91688746,Sounds Of August,Harry Potter - J. K. Rowling,Harry Potter - J. K. Rowling,,same,0,0,1,0,0,0,all,0,305,62,4,0,1,1251,2,Mature,Creator Chose Not To Use Archive Warnings,F/M,English,,31 Aug 2026,6.451612903225806,0.0,1.6129032258064515,25.0,31.974420463629095,0.0,7.993605115907274,True,False
2026-09-10T22:08:01+00:00,2026-09-10,cohort,53750590|same|0|0|1|0|0|0|all|0,53750590,His Right Hand,Harry Potter - J. K. Rowling,Harry Potter - J. K. Rowling,,same,0,0,1,0,0,0,all,0,305,76553,2013,649,1092,154706,34,Teen And Up Audiences,"Graphic Depictions Of Violence, F/F, F/M, M/M",,English,,31 Aug 2026,2.629550768748449,0.8477786631484069,1.4264627121079514,54.24739195230999,130.1177717735576,41.95053844065518,70.58549765361394,True,False
2026-09-10T22:08:01+00:00,2026-09-10,cohort,89883806|same|0|0|1|0|0|0|all|0,89883806,I dare you potter,Harry Potter - J. K. Rowling,Harry Potter - J. K. Rowling,,same,0,0,1,0,0,0,all,0,305,51,1,0,0,0,1,General Audiences,Creator Chose Not To Use Archive Warnings,F/M,English,,31 Aug 2026,1.9607843137254901,0.0,0.0,0.0,0.0,0.0,0.0,False,False
2026-09-10T22:08:01+00:00,2026-09-10,cohort,89955701|same|0|0|1|0|0|0|all|0,89955701,To lily from james,Harry Potter - J. K. Rowling,Harry Potter - J. K. Rowling,,same,0,0,1,0,0,0,all,0,305,52,3,0,0,0,1,General Audiences,Creator Chose Not To Use Archive Warnings,F/M,English,,31 Aug 2026,5.769230769230769,0.0,0.0,0.0,0.0,0.0,0.0,False,False
2026-09-10T22:08:01+00:00,2026-09-10,cohort,89474361|same|0|0|1|0|0|0|all|0,89474361,Teach me how to swim,Harry Potter - J. K. Rowling,Harry Potter - J. K. Rowling,,same,0,0,1,0,0,0,all,0,305,54,2,0,0,0,1,General Audiences,Creator Chose Not To Use Archive Warnings,F/M,English,,31 Aug 2026,3.7037037037037033,0.0,0.0,0.0,0.0,0.0,0.0,False,False
2026-09-10T22:08:01+00:00,2026-09-10,cohort,91688616|same|0|0|1|0|0|0|all|0,91688616,(please let me be) Your Good Boy,Harry Potter - J. K. Rowling,Harry Potter - J. K. Rowling,,same,0,0,1,0,0,0,all,0,305,120,28,2,11,1706,1,Mature,No Archive Warnings Apply,F/M,English,,30 Aug 2026,23.333333333333332,1.6666666666666667,9.166666666666666,39.285714285714285,164.12661195779603,11.723329425556857,64.47831184056272,True,False
2026-09-10T22:08:01+00:00,2026-09-10,cohort,82680391|same|0|0|1|0|0|0|all|0,82680391,I have measured out my life with coffee spoons;,Harry Potter - J. K. Rowling,Harry Potter - J. K. Rowling,,same,0,0,1,0,0,0,all,0,305,349,31,5,13,5112,3,General Audiences,"Creator Chose Not To Use Archive Warnings, No Archive Warnings Apply",M/M,English,,31 Aug 2026,8.882521489971348,1.4326647564469914,3.7249283667621778,41.935483870967744,60.641627543035995,9.780907668231611,25.43035993740219,True,False
2026-09-10T22:08:01+00:00,2026-09-10,cohort,57818053|same|0|0|1|0|0|0|all|0,57818053,Rise and Fall,Harry Potter - J. K. Rowling,Harry Potter - J. K. Rowling,,same,0,0,1,0,0,0,all,0,305,5752,211,45,151,38141,10,Mature,Creator Chose Not To Use Archive Warnings,M/M,English,,30 Aug 2026,3.668289290681502,0.782336578581363,2.625173852573018,71.56398104265402,55.32104559398023,11.79832725937967,39.589942581474006,True,False
2026-09-10T22:08:01+00:00,2026-09-10,cohort,42625170|same|0|0|1|0|0|0|all|0,42625170,When Stars Align,Harry Potter - J. K. Rowling,Harry Potter - J. K. Rowling,,same,0,0,1,0,0,0,all,0,306,8891,122,47,33,182519,67,Teen And Up Audiences,"Creator Chose Not To Use Archive Warnings, F/F, F/M, M/M",,English,,31 Aug 2026,1.3721741086491959,0.528624451692723,0.37116184906084804,27.049180327868854,6.684235613826505,2.575074375818408,1.8080309447235632,True,False
2026-09-10T22:08:01+00:00,2026-09-10,cohort,89003916|same|0|0|1|0|0|0|all|0,89003916,The One Who Remains,Harry Potter - J. K. Rowling,Harry Potter - J. K. Rowling,,same,0,0,1,0,0,0,all,0,306,1203,51,16,5,50483,21,Explicit,Creator Chose Not To Use Archive Warnings,F/M,English,,31 Aug 2026,4.239401496259352,1.3300083125519535,0.41562759767248547,9.803921568627452,10.102410712517086,3.1693837529465365,0.9904324227957926,True,False
2026-09-10T22:08:01+00:00,2026-09-10,cohort,79090276|same|0|0|1|0|0|0|all|0,79090276,Breaking Point,Harry Potter - J. K. Rowling,Harry Potter - J. K. Rowling,,same,0,0,1,0,0,0,all,0,306,4400,295,57,77,23275,3,Teen And Up Audiences,Creator Chose Not To Use Archive Warnings,F/M,English,,31 Aug 2026,6.704545454545455,1.2954545454545454,1.7500000000000002,26.101694915254235,126.74543501611171,24.489795918367346,33.0827067669173,True,False
2026-09-10T22:08:01+00:00,2026-09-10,cohort,91686986|same|0|0|1|0|0|0|all|0,91686986,Not Another Fake Dating Fic,Harry Potter - J. K. Rowling,Harry Potter - J. K. Rowling,,same,0,0,1,0,0,0,all,0,306,790,126,17,3,4308,1,Teen And Up Audiences,No Archive Warnings Apply,M/M,English,,30 Aug 2026,15.949367088607595,2.151898734177215,0.37974683544303794,2.380952380952381,292.4791086350975,39.461467038068704,6.963788300835654,True,False
2026-09-10T22:08:01+00:00,2026-09-10,cohort,64160512|same|0|0|1|0|0|0|all|0,64160512,Amicus Protectio Fortis,Harry Potter - J. K. Rowling,Harry Potter - J. K. Rowling,,same,0,0,1,0,0,0,all,0,306,130359,1659,954,740,569795,63,Mature,Graphic Depictions Of Violence,Gen,English,,31 Aug 2026,1.2726394034934296,0.7318251904356431,0.5676631456209391,44.60518384569018,29.11573460630578,16.74286366149229,12.987126949165928,True,False
2026-09-10T22:08:01+00:00,2026-09-10,cohort,91686536|same|0|0|1|0|0|0|all|0,91686536,Save the Date,Harry Potter - J. K. Rowling,Harry Potter - J. K. Rowling,,same,0,0,1,0,0,0,all,0,306,63,8,0,0,4197,2,Mature,Creator Chose Not To Use Archive Warnings,F/M,English,,30 Aug 2026,12.698412698412698,0.0,0.0,0.0,19.061234214915416,0.0,0.0,True,False
2026-09-10T22:08:01+00:00,2026-09-10,cohort,83865536|same|0|0|1|0|0|0|all|0,83865536,Make Peace With It,Harry Potter - J. K. Rowling,Harry Potter - J. K. Rowling,,same,0,0,1,0,0,0,all,0,306,3084,124,27,82,37090,19,Teen And Up Audiences,No Archive Warnings Apply,M/M,English,,31 Aug 2026,4.020752269779507,0.8754863813229572,2.6588845654993514,66.12903225806451,33.432191965489345,7.279590186033972,22.108385009436503,True,False
2026-09-10T22:08:01+00:00,2026-09-10,cohort,88875836|same|0|0|1|0|0|0|all|0,88875836,A Name for Nobody,Harry Potter - J. K. Rowling,Harry Potter - J. K. Rowling,,same,0,0,1,0,0,0,all,0,306,1024,63,17,95,38630,5,Teen And Up Audiences,Graphic Depictions Of Violence,Gen,English,,30 Aug 2026,6.15234375,1.66015625,9.27734375,150.79365079365078,16.30856847010096,4.400724825265337,24.592285788247477,True,False
2026-09-10T22:08:01+00:00,2026-09-10,cohort,91686231|same|0|0|1|0|0|0|all|0,91686231,La Vie En Rose,Harry Potter - J. K. Rowling,Harry Potter - J. K. Rowling,,same,0,0,1,0,0,0,all,0,306,176,12,2,1,2457,1,Explicit,No Archive Warnings Apply,F/M,English,,30 Aug 2026,6.8181818181818175,1.1363636363636365,0.5681818181818182,8.333333333333332,48.84004884004884,8.14000814000814,4.07000407000407,True,False
2026-09-10T22:08:01+00:00,2026-09-10,cohort,79277596|same|0|0|1|0|0|0|all|0,79277596,What Remains,Harry Potter - J. K. Rowling,Harry Potter - J. K. Rowling,,same,0,0,1,0,0,0,all,0,306,2974,26,31,21,196460,32,Explicit,Creator Chose Not To Use Archive Warnings,F/M,English,,30 Aug 2026,0.8742434431741762,1.0423671822461333,0.7061197041022192,80.76923076923077,1.323424615697852,1.5779293494859004,1.0689198819098036,True,False
2026-09-10T22:08:01+00:00,2026-09-10,cohort,89050051|same|0|0|1|0|0|0|all|0,89050051,A Cleaving of Souls,Harry Potter - J. K. Rowling,Harry Potter - J. K. Rowling,,same,0,0,1,0,0,0,all,0,306,475,57,21,15,8771,2,Mature,No Archive Warnings Apply,M/M,English,,30 Aug 2026,12.0,4.421052631578947,3.1578947368421053,26.31578947368421,64.98688861019268,23.942537909018355,17.101812792155968,True,False
2026-09-10T22:08:01+00:00,2026-09-10,cohort,91484146|same|0|0|1|0|0|0|all|0,91484146,Mid-Blackout Downstage Affair,Harry Potter - J. K. Rowling,Harry Potter - J. K. Rowling,,same,0,0,1,0,0,0,all,0,306,74,10,1,1,6423,2,Mature,No Archive Warnings Apply,M/M,English,,31 Aug 2026,13.513513513513514,1.3513513513513513,1.3513513513513513,10.0,15.569048731122528,1.5569048731122528,1.5569048731122528,True,False
2026-09-10T22:08:01+00:00,2026-09-10,cohort,89768096|same|0|0|1|0|0|0|all|0,89768096,"To You, From James",Harry Potter - J. K. Rowling,Harry Potter - J. K. Rowling,,same,0,0,1,0,0,0,all,0,306,219,17,2,4,12514,3,Mature,"Creator Chose Not To Use Archive Warnings, F/M, M/M",,English,,30 Aug 2026,7.76255707762557,0.91324200913242,1.82648401826484,23.52941176470588,13.584785040754355,1.59821000479463,3.19642000958926,True,False
2026-09-10T22:08:01+00:00,2026-09-10,cohort,90923121|same|0|0|1|0|0|0|all|0,90923121,Shards of a Mirror,Harry Potter - J. K. Rowling,Harry Potter - J. K. Rowling,,same,0,0,1,0,0,0,all,0,306,1050,56,9,6,20564,6,Not Rated,Creator Chose Not To Use Archive Warnings,F/F,English,,30 Aug 2026,5.333333333333334,0.8571428571428572,0.5714285714285714,10.714285714285714,27.232056020229525,4.376580431822602,2.917720287881735,True,False
2026-09-10T22:08:01+00:00,2026-09-10,cohort,91622206|same|0|0|1|0|0|0|all|0,91622206,Small Moments,Harry Potter - J. K. Rowling,Harry Potter - J. K. Rowling,,same,0,0,1,0,0,0,all,0,306,237,11,4,2,6912,1,Teen And Up Audiences,No Archive Warnings Apply,F/M,English,,30 Aug 2026,4.641350210970464,1.6877637130801686,0.8438818565400843,18.181818181818183,15.914351851851851,5.787037037037036,2.893518518518518,True,False
2026-09-10T22:08:01+00:00,2026-09-10,cohort,90992581|same|0|0|1|0|0|0|all|0,90992581,Dreams of glass,Harry Potter - J. K. Rowling,Harry Potter - J. K. Rowling,,same,0,0,1,0,0,0,all,0,307,167,5,0,2,17031,5,General Audiences,"Creator Chose Not To Use Archive Warnings, Underage Sex",F/M,English,,30 Aug 2026,2.9940119760479043,0.0,1.1976047904191618,40.0,2.9358229111619987,0.0,1.1743291644647995,True,False
2026-09-10T22:08:01+00:00,2026-09-10,cohort,58048789|same|0|0|1|0|0|0|all|0,58048789,Ghosts of Memories,Harry Potter - J. K. Rowling,Harry Potter - J. K. Rowling,,same,0,0,1,0,0,0,all,0,307,12754,446,78,193,63465,17,Explicit,Graphic Depictions Of Violence,M/M,English,,30 Aug 2026,3.4969421358005333,0.6115728398933669,1.5132507448643564,43.27354260089686,70.27495469944064,12.290238714251949,30.410462459623417,True,False
2026-09-10T22:08:01+00:00,2026-09-10,cohort,85729836|same|0|0|1|0|0|0|all|0,85729836,10 Things That Make Her All That,Harry Potter - J. K. Rowling,Harry Potter - J. K. Rowling,,same,0,0,1,0,0,0,all,0,307,309,23,6,8,14894,2,Not Rated,"Creator Chose Not To Use Archive Warnings, F/F, F/M, M/M",,English,,30 Aug 2026,7.443365695792881,1.9417475728155338,2.5889967637540456,34.78260869565217,15.44246005102726,4.028467839398416,5.37129045253122,True,False
2026-09-10T22:08:01+00:00,2026-09-10,cohort,91682611|same|0|0|1|0|0|0|all|0,91682611,"Happy Christmas, Harry",Harry Potter - J. K. Rowling,Harry Potter - J. K. Rowling,,same,0,0,1,0,0,0,all,0,307,295,9,1,0,1684,1,Explicit,No Archive Warnings Apply,F/M,English,,30 Aug 2026,3.050847457627119,0.3389830508474576,0.0,0.0,53.44418052256532,5.938242280285036,0.0,True,False
2026-09-10T22:08:01+00:00,2026-09-10,cohort,91675076|same|0|0|1|0|0|0|all|0,91675076,"Who Killed Alphard Black Or, How Remus Met Sirius",Harry Potter - J. K. Rowling,Harry Potter - J. K. Rowling,,same,0,0,1,0,0,0,all,0,307,108,4,1,2,65269,10,Not Rated,"Rape/Non-Con, Underage Sex",Multi,English,,30 Aug 2026,3.7037037037037033,0.9259259259259258,1.8518518518518516,50.0,0.6128483659930442,0.15321209149826104,0.3064241829965221,True,False
2026-09-10T22:08:01+00:00,2026-09-10,cohort,91682196|same|0|0|1|0|0|0|all|0,91682196,Cedere Alteri,Harry Potter - J. K. Rowling,Harry Potter - J. K. Rowling,,same,0,0,1,0,0,0,all,0,307,534,44,2,8,3718,1,Explicit,Rape/Non-Con,M/M,English,,30 Aug 2026,8.239700374531834,0.37453183520599254,1.4981273408239701,18.181818181818183,118.34319526627219,5.3792361484669176,21.51694459386767,True,False
2026-09-10T22:08:01+00:00,2026-09-10,cohort,91682021|same|0|0|1|0|0|0|all|0,91682021,Relaxing together,Harry Potter - J. K. Rowling,Harry Potter - J. K. Rowling,,same,0,0,1,0,0,0,all,0,307,73,0,0,0,352,1,General Audiences,No Archive Warnings Apply,F/M,English,,30 Aug 2026,0.0,0.0,0.0,0.0,0.0,0.0,0.0,True,False
2026-09-10T22:08:01+00:00,2026-09-10,cohort,78144786|same|0|0|1|0|0|0|all|0,78144786,You’re my Lumos in the Dark,Harry Potter - J. K. Rowling,Harry Potter - J. K. Rowling,,same,0,0,1,0,0,0,all,0,307,3673,125,30,70,81717,16,Mature,"Graphic Depictions Of Violence, Major Character Death",M/M,English,,30 Aug 2026,3.403212632725293,0.8167710318540702,1.905799074326164,56.00000000000001,15.29669469021134,3.671206725650721,8.56614902651835,True,False
2026-09-10T22:08:01+00:00,2026-09-10,cohort,91681421|same|0|0|1|0|0|0|all|0,91681421,Just Friends?,Harry Potter - J. K. Rowling,Harry Potter - J. K. Rowling,,same,0,0,1,0,0,0,all,0,307,84,7,0,0,2736,1,Teen And Up Audiences,No Archive Warnings Apply,M/M,English,,30 Aug 2026,8.333333333333332,0.0,0.0,0.0,25.584795321637426,0.0,0.0,True,False
2026-09-10T22:08:01+00:00,2026-09-10,cohort,63335155|same|0|0|1|0|0|0|all|0,63335155,A Witch to Rule them All,Harry Potter - J. K. Rowling,Harry Potter - J. K. Rowling,,same,0,0,1,0,0,0,all,0,307,60887,1114,206,324,235927,49,Mature,"Graphic Depictions Of Violence, Major Character Death, F/F, Multi",,English,,30 Aug 2026,1.829618802043129,0.338331663573505,0.5321332961059011,29.084380610412925,47.217995396881236,8.731514409118075,13.733061497836195,True,False
2026-09-10T22:08:01+00:00,2026-09-10,cohort,90585161|same|0|0|1|0|0|0|all|0,90585161,The Nightfall Protocol,Harry Potter - J. K. Rowling,Harry Potter - J. K. Rowling,,same,0,0,1,0,0,0,all,0,307,4754,98,23,19,56752,12,Mature,No Archive Warnings Apply,F/M,English,,30 Aug 2026,2.0614219604543544,0.4838031131678587,0.39966344131257886,19.387755102040817,17.268113899069636,4.0527206089653225,3.3478996334930926,True,False
2026-09-10T22:08:01+00:00,2026-09-10,cohort,63553453|same|0|0|1|0|0|0|all|0,63553453,Secrets of a Potion Master,Harry Potter - J. K. Rowling,Harry Potter - J. K. Rowling,,same,0,0,1,0,0,0,all,0,307,66850,895,546,2021,317761,66,Mature,"Creator Chose Not To Use Archive Warnings, F/M, Multi",,English,,30 Aug 2026,1.3388182498130141,0.8167539267015707,3.0231862378459238,225.81005586592178,28.16582274099087,17.182725381654766,63.601260066527985,True,False
2026-09-10T22:08:01+00:00,2026-09-10,cohort,49672894|same|0|0|1|0|0|0|all|0,49672894,Retribution For Romilda,Harry Potter - J. K. Rowling,Harry Potter - J. K. Rowling,,same,0,0,1,0,0,0,all,0,307,2398,30,10,23,14542,12,Teen And Up Audiences,"No Archive Warnings Apply, No category",,English,,30 Aug 2026,1.2510425354462051,0.4170141784820684,0.9591326105087573,76.66666666666667,20.629899601155273,6.876633200385092,15.81625636088571,True,False
2026-09-10T22:08:01+00:00,2026-09-10,cohort,91609071|same|0|0|1|0|0|0|all|0,91609071,Severus Snape is gay?! (We're not homophobic tho),Harry Potter - J. K. Rowling,Harry Potter - J. K. Rowling,,same,0,0,1,0,0,0,all,0,307,1922,186,17,32,5207,1,Not Rated,Creator Chose Not To Use Archive Warnings,M/M,English,,30 Aug 2026,9.67741935483871,0.8844953173777315,1.664932362122789,17.20430107526882,357.21144613020937,32.64835797964279,61.45573266756289,True,False
2026-09-10T22:08:01+00:00,2026-09-10,cohort,53505706|same|0|0|1|0|0|0|all|0,53505706,blood rot,Harry Potter - J. K. Rowling,Harry Potter - J. K. Rowling,,same,0,0,1,0,0,0,all,0,307,5764,245,73,59,31145,6,Mature,"Graphic Depictions Of Violence, Gen, Multi",,English,,30 Aug 2026,4.250520471894518,1.2664816099930605,1.0235947258848022,24.081632653061224,78.66431208861775,23.438754214159577,18.94365066623856,True,False
2026-09-10T22:08:01+00:00,2026-09-10,cohort,90069071|same|0|0|1|0|0|0|all|0,90069071,Invisible: the Prisoner of Azkaban,Harry Potter - J. K. Rowling,Harry Potter - J. K. Rowling,,same,0,0,1,0,0,0,all,0,307,77,5,0,2,29557,5,General Audiences,No Archive Warnings Apply,Gen,English,,30 Aug 2026,6.493506493506493,0.0,2.5974025974025974,40.0,1.6916466488479884,0.0,0.6766586595391955,True,False
2026-09-10T22:08:01+00:00,2026-09-10,cohort,91675636|same|0|0|1|0|0|0|all|0,91675636,Wildflower,Harry Potter - J. K. Rowling,Harry Potter - J. K. Rowling,,same,0,0,1,0,0,0,all,0,307,272,6,0,2,10589,1,Teen And Up Audiences,No Archive Warnings Apply,F/M,English,,30 Aug 2026,2.2058823529411766,0.0,0.7352941176470588,33.33333333333333,5.666257436962886,0.0,1.8887524789876287,True,False
2026-09-10T22:08:01+00:00,2026-09-10,cohort,832559|same|0|0|1|0|0|0|all|0,832559,Keep Your Enemies Closer,Harry Potter - J. K. Rowling,Harry Potter - Fandom,,same,0,0,1,0,0,0,all,0,308,165861,2815,1048,1021,312537,40,Mature,"Graphic Depictions Of Violence, Gen, Other",,English,,31 Aug 2026,1.697204285516185,0.6318543840927041,0.615575692899476,36.269982238010655,90.0693357906424,33.532029807670774,32.668132093160175,True,False
2026-09-10T22:08:01+00:00,2026-09-10,cohort,91679821|same|0|0|1|0|0|0|all|0,91679821,My Phone Told Him to Fuck Me,Harry Potter - J. K. Rowling,Harry Potter - J. K. Rowling,,same,0,0,1,0,0,0,all,0,308,1005,99,11,2,3467,1,Not Rated,Creator Chose Not To Use Archive Warnings,M/M,English,,30 Aug 2026,9.850746268656717,1.0945273631840797,0.1990049751243781,2.0202020202020203,285.5494663974618,31.727718488606865,5.768676088837611,True,False
2026-09-10T22:08:01+00:00,2026-09-10,cohort,85462486|same|0|0|1|0|0|0|all|0,85462486,Our Façades,Harry Potter - J. K. Rowling,Harry Potter - J. K. Rowling,,same,0,0,1,0,0,0,all,0,308,5597,361,72,143,19544,6,Explicit,Creator Chose Not To Use Archive Warnings,M/M,English,,30 Aug 2026,6.449883866356977,1.2864034304091478,2.5549401465070574,39.612188365650965,184.71142038477282,36.839950880065494,73.16823577568563,True,False
2026-09-10T22:08:01+00:00,2026-09-10,cohort,45601906|same|0|0|1|0|0|0|all|0,45601906,Hate That I Want You,Harry Potter - J. K. Rowling,Harry Potter - J. K. Rowling,,same,0,0,1,0,0,0,all,0,308,327,14,1,4,2902,2,Teen And Up Audiences,Creator Chose Not To Use Archive Warnings,M/M,English,,30 Aug 2026,4.281345565749235,0.3058103975535168,1.2232415902140672,28.57142857142857,48.24259131633356,3.4458993797381114,13.783597518952446,True,False
2026-09-10T22:08:01+00:00,2026-09-10,cohort,78191806|same|0|0|1|0|0|0|all|0,78191806,Echoes of a Future Past,Harry Potter - J. K. Rowling,Harry Potter - J. K. Rowling,,same,0,0,1,0,0,0,all,0,308,17264,571,150,174,136553,26,Mature,Major Character Death,M/M,English,,30 Aug 2026,3.307460611677479,0.8688600556070436,1.0078776645041705,30.472854640980735,41.815265867465385,10.98474584959686,12.742305185532357,True,False
2026-09-10T22:08:01+00:00,2026-09-10,cohort,91679426|same|0|0|1|0|0|0|all|0,91679426,Tell me what you want,Harry Potter - J. K. Rowling,Harry Potter - J. K. Rowling,,same,0,0,1,0,0,0,all,0,308,292,10,1,0,1023,1,Explicit,Creator Chose Not To Use Archive Warnings,M/M,English,,30 Aug 2026,3.4246575342465753,0.3424657534246575,0.0,0.0,97.75171065493646,9.775171065493646,0.0,True,False
2026-09-10T22:08:01+00:00,2026-09-10,cohort,91678956|same|0|0|1|0|0|0|all|0,91678956,Backtalk,Harry Potter - J. K. Rowling,Harry Potter - J. K. Rowling,,same,0,0,1,0,0,0,all,0,308,544,20,4,0,100,1,Mature,No Archive Warnings Apply,F/M,English,,30 Aug 2026,3.6764705882352944,0.7352941176470588,0.0,0.0,2000.0,400.0,0.0,True,False
2026-09-10T22:08:01+00:00,2026-09-10,cohort,86168131|same|0|0|1|0|0|0|all|0,86168131,In the Margins of Memory,Harry Potter - J. K. Rowling,Harry Potter - J. K. Rowling,,same,0,0,1,0,0,0,all,0,308,13172,384,149,302,163107,25,Not Rated,Major Character Death,F/M,English,,30 Aug 2026,2.915274825387185,1.1311873671424233,2.29274218038263,78.64583333333334,23.542827714322502,9.135107628734511,18.515453046159884,True,False
2026-09-10T22:08:01+00:00,2026-09-10,cohort,77658896|same|0|0|1|0|0|0|all|0,77658896,Baby Deer,Harry Potter - J. K. Rowling,Harry Potter - J. K. Rowling,,same,0,0,1,0,0,0,all,0,308,7114,368,26,60,71664,30,Teen And Up Audiences,"No Archive Warnings Apply, F/M, Multi",,Español,,30 Aug 2026,5.17289850998032,0.3654765251616531,0.843407365757661,16.304347826086957,51.350747934806876,3.6280419736548337,8.372404554588078,True,False
2026-09-10T22:08:01+00:00,2026-09-10,cohort,91678516|same|0|0|1|0|0|0|all|0,91678516,Avalon's Rebirth,Harry Potter - J. K. Rowling,Harry Potter - J. K. Rowling,,same,0,0,1,0,0,0,all,0,308,390,2,4,0,3317,1,Explicit,"Graphic Depictions Of Violence, Major Character Death, Rape/Non-Con, Underage Sex, F/F, F/M, Multi, Other",,English,,30 Aug 2026,0.5128205128205128,1.0256410256410255,0.0,0.0,6.029544769369912,12.059089538739824,0.0,True,False
2026-09-10T22:08:01+00:00,2026-09-10,cohort,69066591|same|0|0|1|0|0|0|all|0,69066591,The Dark Mistress,Harry Potter - J. K. Rowling,Harry Potter - J. K. Rowling,,same,0,0,1,0,0,0,all,0,308,7613,116,58,0,27278,27,Mature,"Graphic Depictions Of Violence, Major Character Death",F/F,English,,30 Aug 2026,1.5237094443714698,0.7618547221857349,0.0,0.0,42.5251118117164,21.2625559058582,0.0,True,False
2026-09-10T22:08:01+00:00,2026-09-10,cohort,88681771|same|0|0|1|0|0|0|all|0,88681771,Shed Some Light On Me,Harry Potter - J. K. Rowling,Harry Potter - J. K. Rowling,,same,0,0,1,0,0,0,all,0,308,52,4,0,2,9331,3,Mature,Graphic Depictions Of Violence,Multi,English,,30 Aug 2026,7.6923076923076925,0.0,3.8461538461538463,50.0,4.286785982209838,0.0,2.143392991104919,True,False
2026-09-10T22:08:01+00:00,2026-09-10,cohort,88749731|same|0|0|1|0|0|0|all|0,88749731,The Twins,Harry Potter - J. K. Rowling,Harry Potter - J. K. Rowling,,same,0,0,1,0,0,0,all,0,308,133,3,0,1,19270,9,Mature,Graphic Depictions Of Violence,Gen,English,,30 Aug 2026,2.2556390977443606,0.0,0.7518796992481203,33.33333333333333,1.5568240788790868,0.0,0.5189413596263622,True,False
2026-09-10T22:08:01+00:00,2026-09-10,cohort,76667251|same|0|0|1|0|0|0|all|0,76667251,The Rules of Time Travel & How to Break Them,Harry Potter - J. K. Rowling,Harry Potter - J. K. Rowling,,same,0,0,1,0,0,0,all,0,308,6769,321,42,422,100059,28,Mature,Creator Chose Not To Use Archive Warnings,F/M,English,,30 Aug 2026,4.742207120697296,0.6204756980351602,6.234303442162801,131.46417445482865,32.08107216742122,4.197523461157917,42.17511668115812,True,False
2026-09-10T22:08:01+00:00,2026-09-10,cohort,86613036|same|0|0|1|0|0|0|all|0,86613036,"Dear Daddy, with Love",Harry Potter - J. K. Rowling,Harry Potter - J. K. Rowling,,same,0,0,1,0,0,0,all,0,308,6243,395,70,193,11388,5,Explicit,No Archive Warnings Apply,F/M,English,,30 Aug 2026,6.327086336697101,1.1212558065032836,3.091462437930482,48.860759493670884,346.8563400070249,61.46821215314366,169.4766420793818,True,False
2026-09-10T22:08:01+00:00,2026-09-10,cohort,90779001|same|0|0|1|0|0|0|all|0,90779001,Deceive Me,Harry Potter - J. K. Rowling,Harry Potter - J. K. Rowling,,same,0,0,1,0,0,0,all,0,308,250,11,6,6,20611,4,Mature,Graphic Depictions Of Violence,M/M,English,,30 Aug 2026,4.3999999999999995,2.4,2.4,54.54545454545454,5.336955994371937,2.9110669060210568,2.9110669060210568,True,False
2026-09-10T22:08:01+00:00,2026-09-10,cohort,80276631|same|0|0|1|0|0|0|all|0,80276631,Can I speak to the pharmacist,Harry Potter - J. K. Rowling,Harry Potter - J. K. Rowling,,same,0,0,1,0,0,0,all,0,308,102,7,1,0,3112,2,Teen And Up Audiences,"No Archive Warnings Apply, F/F, F/M, M/M",,English,,30 Aug 2026,6.862745098039216,0.9803921568627451,0.0,0.0,22.493573264781492,3.2133676092544983,0.0,True,False
2026-09-10T22:08:01+00:00,2026-09-10,cohort,88237551|same|0|0|1|0|0|0|all|0,88237551,Changing The World,Harry Potter - J. K. Rowling,Harry Potter - J. K. Rowling,,same,0,0,1,0,0,0,all,0,308,5369,120,33,23,62749,21,Explicit,Graphic Depictions Of Violence,F/M,English,,30 Aug 2026,2.2350530825107096,0.6146395976904451,0.428385174147886,19.166666666666668,19.123810738019728,5.2590479529554255,3.665397058120448,True,False
2026-09-10T22:08:01+00:00,2026-09-10,cohort,58839298|same|0|0|1|0|0|0|all|0,58839298,The Grangerification of Malfoy Manor,Harry Potter - J. K. Rowling,Harry Potter - J. K. Rowling,,same,0,0,1,0,0,0,all,0,309,41929,504,537,518,404530,27,Explicit,Graphic Depictions Of Violence,F/M,English,,30 Aug 2026,1.202032006487157,1.2807364831023873,1.2354217844451334,102.77777777777777,12.45890292438138,13.274664425382543,12.804983561169752,True,False
2026-09-10T22:08:01+00:00,2026-09-10,cohort,90486351|same|0|0|1|0|0|0|all|0,90486351,I'm Going Your Way,Harry Potter - J. K. Rowling,Harry Potter - J. K. Rowling,,same,0,0,1,0,0,0,all,0,309,2044,35,4,3,19681,10,General Audiences,No Archive Warnings Apply,F/M,English,,30 Aug 2026,1.7123287671232876,0.19569471624266144,0.14677103718199608,8.571428571428571,17.78364920481683,2.032417051979066,1.5243127889842996,True,False
2026-09-10T22:08:01+00:00,2026-09-10,cohort,91676721|same|0|0|1|0|0|0|all|0,91676721,Nothing But Noise,Harry Potter - J. K. Rowling,Harry Potter - J. K. Rowling,,same,0,0,1,0,0,0,all,0,309,137,11,5,2,5846,1,Explicit,"No Archive Warnings Apply, M/M, F/M",,English,,30 Aug 2026,8.02919708029197,3.64963503649635,1.4598540145985401,18.181818181818183,18.81628463906945,8.552856654122477,3.421142661648991,True,False
2026-09-10T22:08:01+00:00,2026-09-10,cohort,90634531|same|0|0|1|0|0|0|all|0,90634531,I was born to do this,Harry Potter - J. K. Rowling,Harry Potter - J. K. Rowling,,same,0,0,1,0,0,0,all,0,309,236,17,2,4,10977,2,Teen And Up Audiences,"Creator Chose Not To Use Archive Warnings, No Archive Warnings Apply",M/M,English,,30 Aug 2026,7.203389830508475,0.847457627118644,1.694915254237288,23.52941176470588,15.486927211442106,1.8219914366402479,3.6439828732804957,True,False
2026-09-10T22:08:01+00:00,2026-09-10,cohort,43102806|same|0|0|1|0|0|0|all|0,43102806,"Weasley, Weasley, Weasley, and Greengrass",Harry Potter - J. K. Rowling,Harry Potter - J. K. Rowling,,same,0,0,1,0,0,0,all,0,309,31366,923,345,177,62648,17,Teen And Up Audiences,Creator Chose Not To Use Archive Warnings,F/M,English,,30 Aug 2026,2.942676783778614,1.0999171076962315,0.5643052987311101,19.176598049837487,147.33111990805773,55.069595198569786,28.253096667092322,True,False
2026-09-10T22:08:01+00:00,2026-09-10,cohort,43676730|same|0|0|1|0|0|0|all|0,43676730,"All That Burns, All That Rises",Harry Potter - J. K. Rowling,Harry Potter - J. K. Rowling,,same,0,0,1,0,0,0,all,0,309,23016,474,164,564,251625,42,Mature,"Graphic Depictions Of Violence, F/M, M/M",,English,,30 Aug 2026,2.059436913451512,0.7125477928397637,2.450469238790407,118.9873417721519,18.837555886736215,6.5176353700943865,22.41430700447094,True,False
2026-09-10T22:08:01+00:00,2026-09-10,cohort,91676466|same|0|0|1|0|0|0|all|0,91676466,A Life Well-Lived,Harry Potter - J. K. Rowling,Harry Potter - J. K. Rowling,,same,0,0,1,0,0,0,all,0,309,404,45,4,4,2154,1,General Audiences,Creator Chose Not To Use Archive Warnings,F/M,English,,30 Aug 2026,11.138613861386139,0.9900990099009901,0.9900990099009901,8.88888888888889,208.91364902506965,18.570102135561747,18.570102135561747,True,False
2026-09-10T22:08:01+00:00,2026-09-10,cohort,91676301|same|0|0|1|0|0|0|all|0,91676301,Locked In!,Harry Potter - J. K. Rowling,Harry Potter - J. K. Rowling,,same,0,0,1,0,0,0,all,0,309,1127,80,7,8,4708,1,Explicit,Underage Sex,M/M,English,,30 Aug 2026,7.09849157054126,0.6211180124223602,0.709849157054126,10.0,169.92353440951572,14.868309260832625,16.99235344095157,True,False
2026-09-10T22:08:01+00:00,2026-09-10,cohort,83029166|same|0|0|1|0|0|0|all|0,83029166,Homeward Hands,Harry Potter - J. K. Rowling,Harry Potter - J. K. Rowling,,same,0,0,1,0,0,0,all,0,309,914,338,5,26,51218,20,Mature,Creator Chose Not To Use Archive Warnings,F/F,English,,30 Aug 2026,36.98030634573304,0.5470459518599562,2.8446389496717726,7.6923076923076925,65.99242453824827,0.9762192979030809,5.076340349096021,True,False
2026-09-10T22:08:01+00:00,2026-09-10,cohort,85899326|same|0|0|1|0|0|0|all|0,85899326,The Scars We Share,Harry Potter - J. K. Rowling,Harry Potter - J. K. Rowling,,same,0,0,1,0,0,0,all,0,309,11024,376,119,199,70292,20,Teen And Up Audiences,Creator Chose Not To Use Archive Warnings,F/M,English,,30 Aug 2026,3.4107402031930336,1.0794629898403483,1.8051523947750363,52.92553191489362,53.49115119786035,16.929380299322826,28.31047629886758,True,False
2026-09-10T22:08:01+00:00,2026-09-10,cohort,71919151|same|0|0|1|0|0|0|all|0,71919151,"Marriage, Murder, and Other Misfortunes (Брак, Убийство и Прочие Неприятности)",Harry Potter - J. K. Rowling,Harry Potter - J. K. Rowling,,same,0,0,1,0,0,0,all,0,309,3649,25,5,11,133912,22,Explicit,"Graphic Depictions Of Violence, F/M, M/M",,Русский,,30 Aug 2026,0.6851192107426692,0.13702384214853383,0.30145245272677446,44.0,1.8668976641376427,0.3733795328275285,0.8214349722205627,True,False
2026-09-10T22:08:01+00:00,2026-09-10,cohort,91673416|same|0|0|1|0|0|0|all|0,91673416,"Looking For Lovegood, Mostly",Harry Potter - J. K. Rowling,Harry Potter - J. K. Rowling,,same,0,0,1,0,0,0,all,0,309,252,4,1,0,9238,3,Mature,"Creator Chose Not To Use Archive Warnings, F/M, M/M",,English,,30 Aug 2026,1.5873015873015872,0.3968253968253968,0.0,0.0,4.329941545789132,1.082485386447283,0.0,True,False
2026-09-10T22:08:01+00:00,2026-09-10,cohort,68805171|same|0|0|1|0|0|0|all|0,68805171,Waking up to Beige and Brown,Harry Potter - J. K. Rowling,Harry Potter - J. K. Rowling,,same,0,0,1,0,0,0,all,0,309,6033,185,23,111,46636,22,Explicit,No Archive Warnings Apply,F/M,English,,30 Aug 2026,3.0664677606497595,0.38123653240510524,1.8398806563898558,60.0,39.668925293764474,4.931812333819367,23.801355176258685,True,False
2026-09-10T22:08:01+00:00,2026-09-10,cohort,75473371|same|0|0|1|0|0|0|all|0,75473371,AN UNHELPFUL GUIDE TO SURVIVE TRUE LOVE,Harry Potter - J. K. Rowling,Harry Potter - J. K. Rowling,,same,0,0,1,0,0,0,all,0,309,3070,100,22,67,150547,13,Mature,"Graphic Depictions Of Violence, Major Character Death, Underage Sex",M/M,English,,30 Aug 2026,3.257328990228013,0.7166123778501629,2.182410423452769,67.0,6.642443887955256,1.4613376553501565,4.450437404930022,True,False
2026-09-10T22:08:01+00:00,2026-09-10,cohort,87525456|same|0|0|1|0|0|0|all|0,87525456,The Wires,Harry Potter - J. K. Rowling,Harry Potter - J. K. Rowling,,same,0,0,1,0,0,0,all,0,309,643,22,2,37,29727,10,Teen And Up Audiences,"Creator Chose Not To Use Archive Warnings, F/F, M/M",,English,,30 Aug 2026,3.421461897356143,0.3110419906687403,5.7542768273716955,168.1818181818182,7.400679516937465,0.6727890469943149,12.446597369394826,True,False
2026-09-10T22:08:01+00:00,2026-09-10,cohort,77644161|same|0|0|1|0|0|0|all|0,77644161,Tomorrow and Tomorrow (After the War),Harry Potter - J. K. Rowling,Harry Potter - J. K. Rowling,,same,0,0,1,0,0,0,all,0,310,3971,74,16,77,10448,11,Teen And Up Audiences,No Archive Warnings Apply,F/M,English,,30 Aug 2026,1.8635104507680684,0.4029211785444472,1.9390581717451523,104.05405405405406,70.82695252679939,15.313935681470138,73.69831546707505,True,False
2026-09-10T22:08:01+00:00,2026-09-10,cohort,76237946|same|0|0|1|0|0|0|all|0,76237946,The Alchemy of Unreason,Harry Potter - J. K. Rowling,Harry Potter - J. K. Rowling,,same,0,0,1,0,0,0,all,0,310,1165,52,10,16,14597,5,Explicit,Creator Chose Not To Use Archive Warnings,F/M,English,,30 Aug 2026,4.463519313304721,0.8583690987124464,1.3733905579399142,30.76923076923077,35.62375830650134,6.850722751250258,10.96115640200041,True,False
2026-09-10T22:08:01+00:00,2026-09-10,cohort,91673316|same|0|0|1|0|0|0|all|0,91673316,WILD FOOLS,Harry Potter - J. K. Rowling,Harry Potter - J. K. Rowling,,same,0,0,1,0,0,0,all,0,310,64,7,0,7,695,1,Teen And Up Audiences,No Archive Warnings Apply,M/M,English,,30 Aug 2026,10.9375,0.0,10.9375,100.0,100.71942446043164,0.0,100.71942446043164,True,False
2026-09-10T22:08:01+00:00,2026-09-10,cohort,82980321|same|0|0|1|0|0|0|all|0,82980321,Wezwij doktor Granger!,Harry Potter - J. K. Rowling,Harry Potter - J. K. Rowling,,same,0,0,1,0,0,0,all,0,310,4015,116,5,13,79413,25,Explicit,Creator Chose Not To Use Archive Warnings,F/M,Polski,,30 Aug 2026,2.8891656288916563,0.12453300124533001,0.32378580323785805,11.206896551724139,14.607180184604536,0.6296198355432989,1.6370115724125773,True,False
2026-09-10T22:08:01+00:00,2026-09-10,cohort,53627251|same|0|0|1|0|0|0|all|0,53627251,Gdzie diabeł nie może...,Harry Potter - J. K. Rowling,Harry Potter - J. K. Rowling,,same,0,0,1,0,0,0,all,0,310,454,12,2,20,34866,11,General Audiences,Creator Chose Not To Use Archive Warnings,Gen,Polski,,30 Aug 2026,2.643171806167401,0.4405286343612335,4.405286343612335,166.66666666666669,3.4417484081913616,0.5736247346985601,5.736247346985603,True,False
2026-09-10T22:08:01+00:00,2026-09-10,cohort,57589288|same|0|0|1|0|0|0|all|0,57589288,Ball is Life,Harry Potter - J. K. Rowling,Harry Potter - J. K. Rowling,,same,0,0,1,0,0,0,all,0,310,8990,279,62,248,42271,27,Teen And Up Audiences,"Creator Chose Not To Use Archive Warnings, No Archive Warnings Apply",Gen,English,,30 Aug 2026,3.103448275862069,0.6896551724137931,2.7586206896551726,88.88888888888889,66.00269688438883,14.667265974308629,58.669063897234516,True,False
2026-09-10T22:08:01+00:00,2026-09-10,cohort,30617453|same|0|0|1|0|0|0|all|0,30617453,Call me what you want,Harry Potter - J. K. Rowling,Harry Potter - J. K. Rowling,,same,0,0,1,0,0,0,all,0,310,829,21,6,6,27690,17,Teen And Up Audiences,Creator Chose Not To Use Archive Warnings,F/M,English,,30 Aug 2026,2.5331724969843186,0.7237635705669482,0.7237635705669482,28.57142857142857,7.583965330444204,2.1668472372697725,2.1668472372697725,True,False
2026-09-10T22:08:01+00:00,2026-09-10,cohort,91672026|same|0|0|1|0|0|0|all|0,91672026,【德赫】老手上路,Harry Potter - J. K. Rowling,Harry Potter - J. K. Rowling,,same,0,0,1,0,0,0,all,0,310,217,8,0,0,4454,1,Explicit,Creator Chose Not To Use Archive Warnings,F/M,中文-普通话 國語,,30 Aug 2026,3.686635944700461,0.0,0.0,0.0,17.96138302649304,0.0,0.0,True,False
2026-09-10T22:08:01+00:00,2026-09-10,cohort,68215541|same|0|0|1|0|0|0|all|0,68215541,The 19 years between.,Harry Potter - J. K. Rowling,Harry Potter - J. K. Rowling,,same,0,0,1,0,0,0,all,0,310,3867,63,14,41,23986,14,Mature,Creator Chose Not To Use Archive Warnings,F/M,English,,30 Aug 2026,1.6291698991466252,0.3620377553659167,1.0602534264287562,65.07936507936508,26.26532143750521,5.836738097223381,17.093304427582755,True,False
2026-09-10T22:08:01+00:00,2026-09-10,cohort,68169361|same|0|0|1|0|0|0|all|0,68169361,Saving Padfoot,Harry Potter - J. K. Rowling,Harry Potter - J. K. Rowling,,same,0,0,1,0,0,0,all,0,310,2451,84,14,14,34168,19,Mature,Creator Chose Not To Use Archive Warnings,F/M,English,,30 Aug 2026,3.4271725826193387,0.5711954304365565,0.5711954304365565,16.666666666666664,24.58440646218684,4.09740107703114,4.09740107703114,True,False
2026-09-10T22:08:01+00:00,2026-09-10,cohort,86331376|same|0|0|1|0|0|0|all|0,86331376,Cicatrices -To Break Free: The story of Alex and Charlie Weasley,Harry Potter - J. K. Rowling,Harry Potter - J. K. Rowling,,same,0,0,1,0,0,0,all,0,310,180,2,1,0,31084,5,Mature,Creator Chose Not To Use Archive Warnings,M/M,English,,30 Aug 2026,1.1111111111111112,0.5555555555555556,0.0,0.0,0.6434178355424013,0.32170891777120064,0.0,True,False
2026-09-10T22:08:01+00:00,2026-09-10,cohort,91670841|same|0|0|1|0|0|0|all|0,91670841,The Opposite of Icarus,Harry Potter - J. K. Rowling,Harry Potter - J. K. Rowling,,same,0,0,1,0,0,0,all,0,310,229,19,5,13,3114,1,Mature,Creator Chose Not To Use Archive Warnings,Gen,English,,30 Aug 2026,8.296943231441048,2.1834061135371177,5.676855895196507,68.42105263157895,61.014771997430955,16.056518946692357,41.74694926140013,True,False
2026-09-11T01:39:17+00:00,2026-09-11,cohort,91188396|same|0|0|1|0|0|0|all|0,91188396,【德哈】热甜饼和冰牛奶,Harry Potter - J. K. Rowling,Harry Potter - J. K. Rowling,,same,0,0,1,0,0,0,all,0,450,52,4,0,0,4333,1,General Audiences,No Archive Warnings Apply,M/M,中文-普通话 國語,,23 Aug 2026,7.6923076923076925,0.0,0.0,0.0,9.231479344564967,0.0,0.0,True,False
2026-09-11T01:39:17+00:00,2026-09-11,cohort,80744686|same|0|0|1|0|0|0|all|0,80744686,Bound by Scars,Harry Potter - J. K. Rowling,Harry Potter - J. K. Rowling,,same,0,0,1,0,0,0,all,0,450,10351,565,33,211,67460,52,Explicit,"Rape/Non-Con, Graphic Depictions Of Violence",F/M,English,,23 Aug 2026,5.458409815476766,0.3188097768331562,2.038450391266544,37.34513274336283,83.75333530981322,4.891787726059888,31.277794248443524,True,False
2026-09-11T01:39:17+00:00,2026-09-11,cohort,55459804|same|0|0|1|0|0|0|all|0,55459804,The Story of the Prince (Italian/English),Harry Potter - J. K. Rowling,Harry Potter - J. K. Rowling,,same,0,0,1,0,0,0,all,0,450,4332,72,25,33,230819,37,Mature,"Major Character Death, Graphic Depictions Of Violence, F/M, M/M, Multi, F/F",,English,,23 Aug 2026,1.662049861495845,0.577100646352724,0.7617728531855956,45.83333333333333,3.1193272650864965,1.0830997448217001,1.4296916631646441,True,False
2026-09-11T01:39:17+00:00,2026-09-11,cohort,91103976|same|0|0|1|0|0|0|all|0,91103976,Character Art Archive,Harry Potter - J. K. Rowling,Harry Potter - J. K. Rowling,,same,0,0,1,0,0,0,all,0,450,3125,4,4,0,18,2,Explicit,Creator Chose Not To Use Archive Warnings,Multi,English,,23 Aug 2026,0.128,0.128,0.0,0.0,2222.222222222222,2222.222222222222,0.0,True,False
2026-09-11T01:39:17+00:00,2026-09-11,cohort,91154916|same|0|0|1|0|0|0|all|0,91154916,A Slice of Harmony,Harry Potter - J. K. Rowling,Harry Potter - J. K. Rowling,,same,0,0,1,0,0,0,all,0,450,227,15,1,11,6474,1,Mature,Creator Chose Not To Use Archive Warnings,F/M,English,,23 Aug 2026,6.607929515418502,0.4405286343612335,4.845814977973569,73.33333333333333,23.169601482854493,1.5446400988569664,16.99104108742663,True,False
2026-09-11T01:39:17+00:00,2026-09-11,cohort,80319726|same|0|0|1|0|0|0|all|0,80319726,Begin Again,Harry Potter - J. K. Rowling,Harry Potter - J. K. Rowling,,same,0,0,1,0,0,0,all,0,450,1153,52,16,53,24674,6,Explicit,Creator Chose Not To Use Archive Warnings,F/M,English,,23 Aug 2026,4.509973980919341,1.3876843018213356,4.5967042497831745,101.92307692307692,21.07481559536354,6.484558644727244,21.480100510658996,True,False
2026-09-11T01:39:17+00:00,2026-09-11,cohort,91186156|same|0|0|1|0|0|0|all|0,91186156,Astra morientia tenere,Harry Potter - J. K. Rowling,Harry Potter - J. K. Rowling,,same,0,0,1,0,0,0,all,0,450,78,3,0,3,1310,1,Not Rated,"Graphic Depictions Of Violence, Major Character Death, Underage Sex, M/M, Multi",,English,,23 Aug 2026,3.8461538461538463,0.0,3.8461538461538463,100.0,22.900763358778626,0.0,22.900763358778626,True,False
2026-09-11T01:39:17+00:00,2026-09-11,cohort,91185701|same|0|0|1|0|0|0|all|0,91185701,The Plan Was Working,Harry Potter - J. K. Rowling,Harry Potter - J. K. Rowling,,same,0,0,1,0,0,0,all,0,450,795,60,7,1,4001,1,Not Rated,Creator Chose Not To Use Archive Warnings,M/M,English,,23 Aug 2026,7.547169811320755,0.8805031446540881,0.12578616352201258,1.6666666666666667,149.96250937265685,17.49562609347663,2.4993751562109474,True,False
2026-09-11T01:39:17+00:00,2026-09-11,cohort,87841761|same|0|0|1|0|0|0|all|0,87841761,[SBRB] 哥哥从来不爱我,Harry Potter - J. K. Rowling,Harry Potter - J. K. Rowling,,same,0,0,1,0,0,0,all,0,450,1488,63,3,20,70585,15,Explicit,"Rape/Non-Con, Underage Sex, M/M, Multi, Other",,中文-普通话 國語,,23 Aug 2026,4.233870967741935,0.20161290322580644,1.3440860215053763,31.746031746031743,8.925409081249557,0.42501948005950274,2.833463200396685,True,False
2026-09-11T01:39:17+00:00,2026-09-11,cohort,91043606|same|0|0|1|0|0|0|all|0,91043606,A Giant in a Joke shop-EN,Harry Potter - J. K. Rowling,Harry Potter - J. K. Rowling,,same,0,0,1,0,0,0,all,0,450,277,9,2,0,13122,3,Explicit,"Creator Chose Not To Use Archive Warnings, F/M, M/M, Multi",,English,,23 Aug 2026,3.2490974729241873,0.7220216606498195,0.0,0.0,6.858710562414266,1.5241579027587258,0.0,True,False
2026-09-11T01:39:17+00:00,2026-09-11,cohort,79360711|same|0|0|1|0|0|0|all|0,79360711,[All哈]Till the Rain Subsides,Harry Potter - J. K. Rowling,Harry Potter - J. K. Rowling,,same,0,0,1,0,0,0,all,0,450,2554,36,0,4,2688,2,Explicit,"Creator Chose Not To Use Archive Warnings, Rape/Non-Con, Underage Sex",M/M,中文-普通话 國語,,23 Aug 2026,1.4095536413469067,0.0,0.15661707126076743,11.11111111111111,133.92857142857142,0.0,14.88095238095238,True,False
2026-09-11T01:39:17+00:00,2026-09-11,cohort,91184756|same|0|0|1|0|0|0|all|0,91184756,Fleurs de plage : une tradition belge,Harry Potter - J. K. Rowling,Harry Potter - J. K. Rowling,,same,0,0,1,0,0,0,all,0,450,101,12,1,0,760,1,Not Rated,"Creator Chose Not To Use Archive Warnings, No Archive Warnings Apply",F/F,Français,,23 Aug 2026,11.881188118811881,0.9900990099009901,0.0,0.0,157.89473684210526,13.157894736842104,0.0,True,False
2026-09-11T01:39:17+00:00,2026-09-11,cohort,64479313|same|0|0|1|0|0|0|all|0,64479313,We Can Patch It Up Together,Harry Potter - J. K. Rowling,Harry Potter - J. K. Rowling,,same,0,0,1,0,0,0,all,0,450,6052,274,157,39,38244,6,Mature,Creator Chose Not To Use Archive Warnings,Multi,English,,23 Aug 2026,4.527428949107732,2.594183740912095,0.644415069398546,14.233576642335766,71.64522539483318,41.05219119338982,10.197678067147788,True,False
2026-09-11T01:39:17+00:00,2026-09-11,cohort,68569546|same|0|0|1|0|0|0|all|0,68569546,"Kindness exists for esteem, while evil for kindness",Harry Potter - J. K. Rowling,Harry Potter - J. K. Rowling,,same,0,0,1,0,0,0,all,0,450,6649,344,102,50,22053,5,Explicit,"Graphic Depictions Of Violence, Underage Sex, Major Character Death, F/F, F/M, M/M, Multi",,English,,23 Aug 2026,5.173710332380809,1.5340652729733795,0.7519927808693037,14.534883720930234,155.9878474583957,46.25221058359407,22.67265224685984,True,False
2026-09-11T01:39:17+00:00,2026-09-11,cohort,67791501|same|0|0|1|0|0|0|all|0,67791501,Choosing Light,Harry Potter - J. K. Rowling,Harry Potter - J. K. Rowling,,same,0,0,1,0,0,0,all,0,450,6958,119,24,57,129993,23,Explicit,Graphic Depictions Of Violence,M/M,English,,23 Aug 2026,1.710261569416499,0.3449267030755964,0.8192009198045416,47.89915966386555,9.154339079796605,1.8462532597909118,4.384851492003415,True,False
2026-09-11T01:39:17+00:00,2026-09-11,cohort,91073691|same|0|0|1|0|0|0|all|0,91073691,please leave open your most quiet door,Harry Potter - J. K. Rowling,Harry Potter - J. K. Rowling,,same,0,0,1,0,0,0,all,0,450,2220,352,52,29,11746,2,Teen And Up Audiences,Creator Chose Not To Use Archive Warnings,Gen,English,,23 Aug 2026,15.855855855855856,2.3423423423423424,1.3063063063063063,8.238636363636363,299.67648561212326,44.27038991997276,24.689255916907882,True,False
2026-09-11T01:39:17+00:00,2026-09-11,cohort,78310971|same|0|0|1|0|0|0|all|0,78310971,"Lost in My Mind, Book 2",Harry Potter - J. K. Rowling,Harry Potter - J. K. Rowling,,same,0,0,1,0,0,0,all,0,451,11070,238,55,335,236636,35,Teen And Up Audiences,No Archive Warnings Apply,F/M,English,,23 Aug 2026,2.149954832881662,0.49683830171635046,3.026196928635953,140.75630252100842,10.057641271826773,2.324244831724674,14.156763975050287,True,False
2026-09-11T01:39:17+00:00,2026-09-11,cohort,41160495|same|0|0|1|0|0|0|all|0,41160495,Past Zero Hour,Harry Potter - J. K. Rowling,Harry Potter - J. K. Rowling,,same,0,0,1,0,0,0,all,0,451,102213,2238,630,3752,306087,94,Mature,"Creator Chose Not To Use Archive Warnings, Gen, M/M",,English,,23 Aug 2026,2.189545361157583,0.6163599542132606,3.6707659495367513,167.6496872207328,73.1164668868655,20.582383440002353,122.57952804268068,True,False
2026-09-11T01:39:17+00:00,2026-09-11,cohort,88541141|same|0|0|1|0|0|0|all|0,88541141,The sunset in a cup,Harry Potter - J. K. Rowling,Harry Potter - J. K. Rowling,,same,0,0,1,0,0,0,all,0,451,3506,216,42,56,45072,9,Not Rated,Creator Chose Not To Use Archive Warnings,M/M,English,,23 Aug 2026,6.160867084997148,1.1979463776383343,1.5972618368511124,25.925925925925924,47.92332268370607,9.31842385516507,12.424565140220093,True,False
2026-09-11T01:39:17+00:00,2026-09-11,cohort,91048061|same|0|0|1|0|0|0|all|0,91048061,【德哈】雏,Harry Potter - J. K. Rowling,Harry Potter - J. K. Rowling,,same,0,0,1,0,0,0,all,0,451,972,27,2,0,8795,2,Explicit,Underage Sex,M/M,中文-普通话 國語,,23 Aug 2026,2.7777777777777777,0.205761316872428,0.0,0.0,30.699260943718023,2.2740193291642976,0.0,True,False
2026-09-11T01:39:17+00:00,2026-09-11,cohort,91180971|same|0|0|1|0|0|0|all|0,91180971,꒰ Downpour ⵌ03: Study Sesh ꒱,Harry Potter - J. K. Rowling,Harry Potter - J. K. Rowling,,same,0,0,1,0,0,0,all,0,451,74,10,1,6,1164,1,General Audiences,"Creator Chose Not To Use Archive Warnings, No Archive Warnings Apply, F/M, M/M, Other",,English,,23 Aug 2026,13.513513513513514,1.3513513513513513,8.108108108108109,60.0,85.9106529209622,8.59106529209622,51.54639175257732,True,False
2026-09-11T01:39:17+00:00,2026-09-11,cohort,91180761|same|0|0|1|0|0|0|all|0,91180761,Buttercup,Harry Potter - J. K. Rowling,Harry Potter - J. K. Rowling,,same,0,0,1,0,0,0,all,0,451,139,11,0,0,2736,1,Not Rated,No Archive Warnings Apply,Gen,English,,23 Aug 2026,7.913669064748201,0.0,0.0,0.0,40.2046783625731,0.0,0.0,True,False
2026-09-11T01:39:17+00:00,2026-09-11,cohort,74679456|same|0|0|1|0|0|0|all|0,74679456,Hidden Roots,Harry Potter - J. K. Rowling,Harry Potter - J. K. Rowling,,same,0,0,1,0,0,0,all,0,451,3657,120,39,114,22838,9,Teen And Up Audiences,"No Archive Warnings Apply, Gen, M/M, Other",,English,,23 Aug 2026,3.281378178835111,1.0664479081214109,3.1173092698933553,95.0,52.544005604693936,17.076801821525528,49.91680532445923,True,False
2026-09-11T01:39:17+00:00,2026-09-11,cohort,91180611|same|0|0|1|0|0|0|all|0,91180611,the place you wanted,Harry Potter - J. K. Rowling,Harry Potter - J. K. Rowling,,same,0,0,1,0,0,0,all,0,451,1975,257,34,3,5572,1,Not Rated,Creator Chose Not To Use Archive Warnings,M/M,English,,23 Aug 2026,13.012658227848101,1.7215189873417722,0.1518987341772152,1.1673151750972763,461.23474515434316,61.01938262742283,5.384063173007896,True,False
2026-09-11T01:39:17+00:00,2026-09-11,cohort,84345681|same|0|0|1|0|0|0|all|0,84345681,The Golden Boy's downfall,Harry Potter - J. K. Rowling,Harry Potter - J. K. Rowling,,same,0,0,1,0,0,0,all,0,451,9772,326,75,108,59131,24,Teen And Up Audiences,"Graphic Depictions Of Violence, No category",,English,,23 Aug 2026,3.336062218583709,0.7674989766680311,1.1051985264019648,33.12883435582822,55.1318259457814,12.683702288139893,18.264531294921444,True,False
2026-09-11T01:39:17+00:00,2026-09-11,cohort,77921966|same|0|0|1|0|0|0|all|0,77921966,i found my heart inside your chest,Harry Potter - J. K. Rowling,Harry Potter - J. K. Rowling,,same,0,0,1,0,0,0,all,0,451,5473,202,47,128,129180,28,Mature,Creator Chose Not To Use Archive Warnings,M/M,English,,23 Aug 2026,3.690845971131007,0.858761191302759,2.3387538826968757,63.366336633663366,15.637095525623161,3.638334107446973,9.908654590493883,True,False
2026-09-11T01:39:17+00:00,2026-09-11,cohort,63773221|same|0|0|1|0|0|0|all|0,63773221,Breaking In,Harry Potter - J. K. Rowling,Harry Potter - J. K. Rowling,,same,0,0,1,0,0,0,all,0,451,35968,505,145,1129,459184,42,Explicit,Creator Chose Not To Use Archive Warnings,M/M,English,,23 Aug 2026,1.4040258007117439,0.4031361209964413,3.1389012455516014,223.5643564356436,10.997769957141363,3.15777553224851,24.587093626955646,True,False
2026-09-11T01:39:17+00:00,2026-09-11,cohort,78272481|same|0|0|1|0|0|0|all|0,78272481,Some people just need to die,Harry Potter - J. K. Rowling,Harry Potter - J. K. Rowling,,same,0,0,1,0,0,0,all,0,451,606,9,13,9,31972,8,Mature,"Graphic Depictions Of Violence, F/M, Gen",,English,,23 Aug 2026,1.4851485148514851,2.145214521452145,1.4851485148514851,100.0,2.814963092706118,4.0660578005755035,2.814963092706118,True,False
2026-09-11T01:39:17+00:00,2026-09-11,cohort,90168546|same|0|0|1|0|0|0|all|0,90168546,Father Figure,Harry Potter - J. K. Rowling,Harry Potter - J. K. Rowling,,same,0,0,1,0,0,0,all,0,452,231,14,0,0,41093,4,Mature,"Graphic Depictions Of Violence, Major Character Death",F/M,English,,23 Aug 2026,6.0606060606060606,0.0,0.0,0.0,3.4069062857420973,0.0,0.0,True,False
2026-09-11T01:39:17+00:00,2026-09-11,cohort,91111126|same|0|0|1|0|0|0|all|0,91111126,Secrets until sunrise,Harry Potter - J. K. Rowling,Harry Potter - J. K. Rowling,,same,0,0,1,0,0,0,all,0,452,285,8,3,0,9902,5,Explicit,Creator Chose Not To Use Archive Warnings,F/M,English,,23 Aug 2026,2.807017543859649,1.0526315789473684,0.0,0.0,8.079175924055745,3.029690971520905,0.0,True,False
2026-09-11T01:39:17+00:00,2026-09-11,cohort,91179241|same|0|0|1|0|0|0|all|0,91179241,Let me love you even when it's dark (Jegulus / Starchaser),Harry Potter - J. K. Rowling,Harry Potter - J. K. Rowling,,same,0,0,1,0,0,0,all,0,452,63,7,2,0,3493,1,Not Rated,No Archive Warnings Apply,M/M,English,,23 Aug 2026,11.11111111111111,3.1746031746031744,0.0,0.0,20.040080160320638,5.7257371886630395,0.0,True,False
2026-09-11T01:39:17+00:00,2026-09-11,cohort,90654031|same|0|0|1|0|0|0|all|0,90654031,Waking up,Harry Potter - J. K. Rowling,Harry Potter - J. K. Rowling,,same,0,0,1,0,0,0,all,0,452,143,9,1,3,2508,2,Explicit,Creator Chose Not To Use Archive Warnings,M/M,English,,23 Aug 2026,6.293706293706294,0.6993006993006993,2.097902097902098,33.33333333333333,35.885167464114836,3.9872408293460926,11.961722488038276,True,False
2026-09-11T01:39:17+00:00,2026-09-11,cohort,66855781|same|0|0|1|0|0|0|all|0,66855781,To Be Known,Harry Potter - J. K. Rowling,Harry Potter - J. K. Rowling,,same,0,0,1,0,0,0,all,0,452,299,11,3,4,17312,6,Mature,Creator Chose Not To Use Archive Warnings,F/M,English,,23 Aug 2026,3.678929765886288,1.0033444816053512,1.3377926421404682,36.36363636363637,6.353974121996304,1.732902033271719,2.310536044362292,True,False
2026-09-11T01:39:17+00:00,2026-09-11,cohort,89040371|same|0|0|1|0|0|0|all|0,89040371,"Losing It (my mind, time, you)",Harry Potter - J. K. Rowling,Harry Potter - J. K. Rowling,,same,0,0,1,0,0,0,all,0,452,1055,79,11,32,17239,4,Teen And Up Audiences,No Archive Warnings Apply,M/M,English,,23 Aug 2026,7.488151658767772,1.042654028436019,3.033175355450237,40.50632911392405,45.82632403271652,6.380880561517489,18.562561633505425,True,False
2026-09-11T01:39:17+00:00,2026-09-11,cohort,65452003|same|0|0|1|0|0|0|all|0,65452003,Ron and the Medallion (Alternative Ending),Harry Potter - J. K. Rowling,Harry Potter - J. K. Rowling,,same,0,0,1,0,0,0,all,0,452,16701,73,36,12,76256,12,Explicit,"Rape/Non-Con, F/F, F/M, Multi",,English,,23 Aug 2026,0.43709957487575596,0.21555595473324948,0.07185198491108317,16.43835616438356,9.573017205203525,4.720939991607218,1.5736466638690725,True,False
2026-09-11T01:39:17+00:00,2026-09-11,cohort,89891406|same|0|0|1|0|0|0|all|0,89891406,Made For Us,Harry Potter - J. K. Rowling,Harry Potter - J. K. Rowling,,same,0,0,1,0,0,0,all,0,452,984,24,5,4,14177,2,Explicit,No Archive Warnings Apply,Multi,English,,23 Aug 2026,2.4390243902439024,0.5081300813008129,0.40650406504065045,16.666666666666664,16.92882838400226,3.526839246667137,2.8214713973337093,True,False
2026-09-11T01:39:17+00:00,2026-09-11,cohort,70368251|same|0|0|1|0|0|0|all|0,70368251,Make a Contract With Me and Bear My Child,Harry Potter - J. K. Rowling,Harry Potter - J. K. Rowling,,same,0,0,1,0,0,0,all,0,452,17181,485,134,86,129385,19,Mature,Creator Chose Not To Use Archive Warnings,M/M,English,,23 Aug 2026,2.822885745882079,0.7799313194808218,0.5005529363832141,17.7319587628866,37.485025312053175,10.356687405804381,6.646829230590873,True,False
2026-09-11T01:39:17+00:00,2026-09-11,cohort,29321115|same|0|0|1|0|0|0|all|0,29321115,You Will Hide and I Will Love You,Harry Potter - J. K. Rowling,Harry Potter - J. K. Rowling,,same,0,0,1,0,0,0,all,0,452,1783,61,14,13,53429,6,Mature,No Archive Warnings Apply,M/M,English,,23 Aug 2026,3.4212002243409985,0.7851934941110488,0.7291082445316881,21.311475409836063,11.417020719085142,2.620299837167081,2.433135563083719,True,False
2026-09-11T01:39:17+00:00,2026-09-11,cohort,91176711|same|0|0|1|0|0|0|all|0,91176711,【HP乙女】人善被人嬷,Harry Potter - J. K. Rowling,Harry Potter - J. K. Rowling,,same,0,0,1,0,0,0,all,0,452,808,19,0,0,4531,1,Teen And Up Audiences,"Rape/Non-Con, Underage Sex",F/M,中文-普通话 國語,,23 Aug 2026,2.3514851485148514,0.0,0.0,0.0,41.933348046788794,0.0,0.0,True,False
2026-09-11T01:39:17+00:00,2026-09-11,cohort,86166436|same|0|0|1|0|0|0|all|0,86166436,The Cadence of Part-time Poets (ქართულად/In Georgian),Harry Potter - J. K. Rowling,Harry Potter - J. K. Rowling,,same,0,0,1,0,0,0,all,0,452,144,8,0,10,11467,4,Mature,No Archive Warnings Apply,M/M,ქართული,,23 Aug 2026,5.555555555555555,0.0,6.944444444444445,125.0,6.976541379611058,0.0,8.720676724513822,True,False
2026-09-11T01:39:17+00:00,2026-09-11,cohort,79977861|same|0|0|1|0|0|0|all|0,79977861,The Muggle-Born Prince,Harry Potter - J. K. Rowling,Harry Potter - J. K. Rowling,,same,0,0,1,0,0,0,all,0,452,1303,85,9,29,28283,4,Mature,"Creator Chose Not To Use Archive Warnings, F/M, Gen",,English,,23 Aug 2026,6.523407521105142,0.6907137375287797,2.225633154259401,34.11764705882353,30.05338896156702,3.182123537107096,10.253509175122867,True,False
2026-09-11T01:39:17+00:00,2026-09-11,cohort,86131971|same|0|0|1|0|0|0|all|0,86131971,The Rest is Silence,Harry Potter - J. K. Rowling,Harry Potter - J. K. Rowling,,same,0,0,1,0,0,0,all,0,452,275,15,0,15,14186,7,Teen And Up Audiences,"No Archive Warnings Apply, F/M, M/M, Multi",,English,,23 Aug 2026,5.454545454545454,0.0,5.454545454545454,100.0,10.573805160016917,0.0,10.573805160016917,True,False
2026-09-11T01:39:17+00:00,2026-09-11,cohort,70402431|same|0|0|1|0|0|0|all|0,70402431,A Man Possessed,Harry Potter - J. K. Rowling,Harry Potter - J. K. Rowling,,same,0,0,1,0,0,0,all,0,452,280,8,6,0,11210,4,Explicit,No Archive Warnings Apply,F/M,English,,23 Aug 2026,2.857142857142857,2.142857142857143,0.0,0.0,7.136485280999108,5.352363960749331,0.0,True,False
2026-09-11T01:39:17+00:00,2026-09-11,cohort,91149306|same|0|0|1|0|0|0|all|0,91149306,These Broken Stars,Harry Potter - J. K. Rowling,Harry Potter - J. K. Rowling,,same,0,0,1,0,0,0,all,0,455,83,3,0,0,10367,2,Teen And Up Audiences,Creator Chose Not To Use Archive Warnings,F/M,English,,23 Aug 2026,3.614457831325301,0.0,0.0,0.0,2.8937976270859456,0.0,0.0,True,False
2026-09-11T01:39:17+00:00,2026-09-11,cohort,90170686|same|0|0|1|0|0|0|all|0,90170686,Somebody's Watching Me,Harry Potter - J. K. Rowling,Harry Potter - J. K. Rowling,,same,0,0,1,0,0,0,all,0,455,221,19,1,2,71,1,Explicit,"Creator Chose Not To Use Archive Warnings, No category",,English,,23 Aug 2026,8.597285067873303,0.4524886877828055,0.904977375565611,10.526315789473683,2676.0563380281687,140.8450704225352,281.6901408450704,True,False
2026-09-11T01:39:17+00:00,2026-09-11,cohort,90350131|same|0|0|1|0|0|0|all|0,90350131,Damsel Fetish,Harry Potter - J. K. Rowling,Harry Potter - J. K. Rowling,,same,0,0,1,0,0,0,all,0,455,452,29,3,6,4386,1,Explicit,"No Archive Warnings Apply, M/M, Multi",,English,,23 Aug 2026,6.415929203539823,0.6637168141592921,1.3274336283185841,20.689655172413794,66.11947104423164,6.839945280437757,13.679890560875513,True,False
2026-09-11T01:39:17+00:00,2026-09-11,cohort,90577286|same|0|0|1|0|0|0|all|0,90577286,Make It So,Harry Potter - J. K. Rowling,Harry Potter - J. K. Rowling,,same,0,0,1,0,0,0,all,0,455,609,39,5,2,17814,1,Explicit,Creator Chose Not To Use Archive Warnings,F/F,English,,23 Aug 2026,6.403940886699508,0.8210180623973727,0.3284072249589491,5.128205128205128,21.892893230043786,2.8067811833389467,1.1227124733355787,True,False
2026-09-11T01:39:17+00:00,2026-09-11,cohort,85307561|same|0|0|1|0|0|0|all|0,85307561,Harry Potter Reborn A reader's rewrite,Harry Potter - J. K. Rowling,Harry Potter - J. K. Rowling,,same,0,0,1,0,0,0,all,0,455,2244,25,6,8,47642,16,Mature,Creator Chose Not To Use Archive Warnings,F/M,English,,23 Aug 2026,1.1140819964349375,0.267379679144385,0.35650623885918004,32.0,5.247470719113387,1.2593929725872128,1.679190630116284,True,False
2026-09-11T01:39:17+00:00,2026-09-11,cohort,91171006|same|0|0|1|0|0|0|all|0,91171006,Heart Made Of Acid,Harry Potter - J. K. Rowling,Harry Potter - J. K. Rowling,,same,0,0,1,0,0,0,all,0,455,69,21,0,0,2878,1,Teen And Up Audiences,No Archive Warnings Apply,Gen,English,,23 Aug 2026,30.434782608695656,0.0,0.0,0.0,72.9673384294649,0.0,0.0,True,False
2026-09-11T01:39:17+00:00,2026-09-11,cohort,91170861|same|0|0|1|0|0|0|all|0,91170861,Othersiders,Harry Potter - J. K. Rowling,Harry Potter - J. K. Rowling,,same,0,0,1,0,0,0,all,0,455,330,45,4,12,4563,1,General Audiences,No Archive Warnings Apply,F/F,English,,23 Aug 2026,13.636363636363635,1.2121212121212122,3.6363636363636362,26.666666666666668,98.61932938856016,8.766162612316458,26.298487836949377,True,False
2026-09-11T01:39:17+00:00,2026-09-11,cohort,83226806|same|0|0|1|0|0|0|all|0,83226806,Orphic,Harry Potter - J. K. Rowling,Harry Potter - J. K. Rowling,,same,0,0,1,0,0,0,all,0,455,40882,2118,603,464,86765,14,Explicit,Graphic Depictions Of Violence,M/M,English,,23 Aug 2026,5.180764150481874,1.4749767623893155,1.1349738271121765,21.907459867799812,244.1076470927217,69.4980694980695,53.477784821068404,True,False
2026-09-11T01:39:17+00:00,2026-09-11,cohort,91170391|same|0|0|1|0|0|0|all|0,91170391,In Time,Harry Potter - J. K. Rowling,Harry Potter - J. K. Rowling,,same,0,0,1,0,0,0,all,0,455,111,25,0,0,6658,2,Teen And Up Audiences,"Underage Sex, No Archive Warnings Apply",F/M,English,,23 Aug 2026,22.52252252252252,0.0,0.0,0.0,37.548813457494745,0.0,0.0,True,False
2026-09-11T01:39:17+00:00,2026-09-11,cohort,85071871|same|0|0|1|0|0|0|all|0,85071871,Legally Bound,Harry Potter - J. K. Rowling,Harry Potter - J. K. Rowling,,same,0,0,1,0,0,0,all,0,455,11398,578,55,238,55771,51,Explicit,Creator Chose Not To Use Archive Warnings,F/M,English,,23 Aug 2026,5.0710650991402,0.48254079663098787,2.0880856290577294,41.17647058823529,103.63809148123578,9.861756109806171,42.67450825697943,True,False
2026-09-11T01:39:17+00:00,2026-09-11,cohort,73769926|same|0|0|1|0|0|0|all|0,73769926,Bucketlisters,Harry Potter - J. K. Rowling,Harry Potter - J. K. Rowling,,same,0,0,1,0,0,0,all,0,455,1748,113,9,26,18143,8,Mature,Creator Chose Not To Use Archive Warnings,M/M,English,,23 Aug 2026,6.464530892448512,0.5148741418764302,1.4874141876430207,23.008849557522122,62.282974149809846,4.960590861489279,14.330595822080141,True,False
2026-09-11T01:39:17+00:00,2026-09-11,cohort,82151996|same|0|0|1|0|0|0|all|0,82151996,Shadows Over Hogwarts,Harry Potter - J. K. Rowling,Harry Potter - J. K. Rowling,,same,0,0,1,0,0,0,all,0,455,2694,259,15,22,38814,43,Explicit,Creator Chose Not To Use Archive Warnings,F/M,English,,23 Aug 2026,9.613956941351152,0.5567928730512249,0.8166295471417966,8.494208494208493,66.72850002576389,3.86458494357706,5.6680579172463545,True,False
2026-09-11T01:39:17+00:00,2026-09-11,cohort,79588856|same|0|0|1|0|0|0|all|0,79588856,The other woman,Harry Potter - J. K. Rowling,Harry Potter - J. K. Rowling,,same,0,0,1,0,0,0,all,0,455,828,39,10,19,50506,9,Explicit,"Graphic Depictions Of Violence, F/M, Multi",,English,,23 Aug 2026,4.710144927536232,1.2077294685990339,2.2946859903381642,48.717948717948715,7.721854829129212,1.9799627766997983,3.761929275729616,True,False
2026-09-11T01:39:17+00:00,2026-09-11,cohort,74945486|same|0|0|1|0|0|0|all|0,74945486,【哈德】和我签订契约生下孩子吧！,Harry Potter - J. K. Rowling,Harry Potter - J. K. Rowling,,same,0,0,1,0,0,0,all,0,455,3716,203,30,36,175909,19,Mature,Creator Chose Not To Use Archive Warnings,M/M,中文-普通话 國語,,23 Aug 2026,5.46286329386437,0.8073196986006458,0.9687836383207751,17.733990147783253,11.540057643440642,1.705427237946893,2.0465126855362716,True,False
2026-09-11T01:39:17+00:00,2026-09-11,cohort,91112636|same|0|0|1|0|0|0|all|0,91112636,yes baby,Harry Potter - J. K. Rowling,Harry Potter - J. K. Rowling,,same,0,0,1,0,0,0,all,0,456,5177,340,56,27,10284,1,Explicit,Creator Chose Not To Use Archive Warnings,M/M,English,,23 Aug 2026,6.567510141008307,1.0817075526366622,0.5215375700212479,7.941176470588235,330.61065733177753,54.4535200311163,26.254375729288217,True,False
2026-09-11T01:39:17+00:00,2026-09-11,cohort,50616085|same|0|0|1|0|0|0|all|0,50616085,The Twice Marked King,Harry Potter - J. K. Rowling,Harry Potter - J. K. Rowling,,same,0,0,1,0,0,0,all,0,456,1807,120,20,51,8598,7,Mature,Graphic Depictions Of Violence,F/M,English,,23 Aug 2026,6.640841173215274,1.1068068622025455,2.8223574986164914,42.5,139.56734124214933,23.261223540358223,59.31612002791347,True,False
2026-09-11T01:39:17+00:00,2026-09-11,cohort,83716821|same|0|0|1|0|0|0|all|0,83716821,Family of The Phoenix,Harry Potter - J. K. Rowling,Harry Potter - J. K. Rowling,,same,0,0,1,0,0,0,all,0,456,5704,256,56,98,54856,11,Explicit,Creator Chose Not To Use Archive Warnings,F/M,English,,23 Aug 2026,4.488078541374474,0.9817671809256662,1.7180925666199158,38.28125,46.667638909143946,10.208546011375237,17.864955519906665,True,False
2026-09-11T01:39:17+00:00,2026-09-11,cohort,14421231|same|0|0|1|0|0|0|all|0,14421231,Behind the Sketches,Harry Potter - J. K. Rowling,Harry Potter - J. K. Rowling,,same,0,0,1,0,0,0,all,0,456,1570,23,4,2,408040,46,Mature,"Graphic Depictions Of Violence, Major Character Death, No category",,English,,23 Aug 2026,1.4649681528662422,0.25477707006369427,0.12738853503184713,8.695652173913043,0.5636702284089795,0.09802960494069209,0.04901480247034604,True,False
2026-09-11T01:39:17+00:00,2026-09-11,cohort,91165436|same|0|0|1|0|0|0|all|0,91165436,The Nutcracker,Harry Potter - J. K. Rowling,Harry Potter - J. K. Rowling,,same,0,0,1,0,0,0,all,0,456,59,4,0,1,5072,1,Mature,Creator Chose Not To Use Archive Warnings,M/M,Español,,23 Aug 2026,6.779661016949152,0.0,1.694915254237288,25.0,7.886435331230284,0.0,1.971608832807571,True,False
2026-09-11T01:39:17+00:00,2026-09-11,cohort,91165111|same|0|0|1|0|0|0|all|0,91165111,Delicate,Harry Potter - J. K. Rowling,Harry Potter - J. K. Rowling,,same,0,0,1,0,0,0,all,0,456,76,3,0,3,998,1,Mature,Graphic Depictions Of Violence,F/M,English,,23 Aug 2026,3.9473684210526314,0.0,3.9473684210526314,100.0,30.060120240480963,0.0,30.060120240480963,True,False
2026-09-11T01:39:17+00:00,2026-09-11,cohort,91164281|same|0|0|1|0|0|0|all|0,91164281,Now This House Ain't A Home,Harry Potter - J. K. Rowling,Harry Potter - J. K. Rowling,,same,0,0,1,0,0,0,all,0,456,126,5,0,3,4934,1,Teen And Up Audiences,"No Archive Warnings Apply, No category",,English,,23 Aug 2026,3.968253968253968,0.0,2.380952380952381,60.0,10.133765707336845,0.0,6.080259424402108,True,False
2026-09-11T01:39:17+00:00,2026-09-11,cohort,90008381|same|0|0|1|0|0|0|all|0,90008381,The Proper Use of Magic,Harry Potter - J. K. Rowling,Harry Potter - J. K. Rowling,,same,0,0,1,0,0,0,all,0,456,988,41,23,8,8346,2,Teen And Up Audiences,Creator Chose Not To Use Archive Warnings,F/F,English,,23 Aug 2026,4.149797570850203,2.327935222672065,0.8097165991902834,19.51219512195122,49.125329499161275,27.5581116702612,9.58543014617781,True,False
2026-09-11T01:39:17+00:00,2026-09-11,cohort,91161586|same|0|0|1|0|0|0|all|0,91161586,Do not read,Harry Potter - J. K. Rowling,Harry Potter - J. K. Rowling,,same,0,0,1,0,0,0,all,0,456,478,69,7,24,5780,1,General Audiences,No Archive Warnings Apply,M/M,English,,23 Aug 2026,14.435146443514643,1.4644351464435146,5.02092050209205,34.78260869565217,119.37716262975779,12.110726643598616,41.52249134948097,True,False
2026-09-11T01:39:17+00:00,2026-09-11,cohort,84423426|same|0|0|1|0|0|0|all|0,84423426,[ART] Rouge the Lillie Artbook,Harry Potter - J. K. Rowling,Harry Potter - J. K. Rowling,,same,0,0,1,0,0,0,all,0,456,946,13,0,8,0,7,Not Rated,"Creator Chose Not To Use Archive Warnings, Gen, Multi",,English,,23 Aug 2026,1.3742071881606766,0.0,0.8456659619450317,61.53846153846154,0.0,0.0,0.0,False,False
2026-09-11T01:39:17+00:00,2026-09-11,cohort,82135266|same|0|0|1|0|0|0|all|0,82135266,Harry Potter and the Boy Who Lived Twice (Philosopher's Stone),Harry Potter - J. K. Rowling,Harry Potter - J. K. Rowling,,same,0,0,1,0,0,0,all,0,456,4040,75,28,15,51217,19,Teen And Up Audiences,"Creator Chose Not To Use Archive Warnings, F/M, Gen, Other",,English,,23 Aug 2026,1.8564356435643563,0.6930693069306931,0.3712871287128713,20.0,14.64357537536365,5.466934806802429,2.9287150750727298,True,False
2026-09-11T01:39:17+00:00,2026-09-11,cohort,91161491|same|0|0|1|0|0|0|all|0,91161491,What Remains After the Flames,Harry Potter - J. K. Rowling,Harry Potter - J. K. Rowling,,same,0,0,1,0,0,0,all,0,456,972,15,5,1,13994,4,Teen And Up Audiences,"No Archive Warnings Apply, F/M, Gen",,English,,23 Aug 2026,1.5432098765432098,0.51440329218107,0.102880658436214,6.666666666666667,10.718879519794196,3.5729598399313995,0.7145919679862798,True,False
2026-09-11T01:39:17+00:00,2026-09-11,cohort,91163631|same|0|0|1|0|0|0|all|0,91163631,【哈德】神锋无影,Harry Potter - J. K. Rowling,Harry Potter - J. K. Rowling,,same,0,0,1,0,0,0,all,0,456,413,24,4,4,4698,1,Explicit,Rape/Non-Con,M/M,中文-普通话 國語,,23 Aug 2026,5.811138014527845,0.9685230024213075,0.9685230024213075,16.666666666666664,51.08556832694764,8.514261387824606,8.514261387824606,True,False
2026-09-11T01:39:17+00:00,2026-09-11,cohort,84956651|same|0|0|1|0|0|0|all|0,84956651,Heart of the Serpent,Harry Potter - J. K. Rowling,Harry Potter - J. K. Rowling,,same,0,0,1,0,0,0,all,0,456,854,40,7,20,57269,18,Mature,Creator Chose Not To Use Archive Warnings,F/M,English,,23 Aug 2026,4.683840749414521,0.819672131147541,2.3419203747072603,50.0,6.984581536258709,1.222301768845274,3.4922907681293545,True,False
2026-09-11T01:39:17+00:00,2026-09-11,cohort,91162216|same|0|0|1|0|0|0|all|0,91162216,【All德】The boy with many faces,Harry Potter - J. K. Rowling,Harry Potter - J. K. Rowling,,same,0,0,1,0,0,0,all,0,456,184,14,4,2,12817,2,Teen And Up Audiences,"Creator Chose Not To Use Archive Warnings, Rape/Non-Con",M/M,中文-普通话 國語,,23 Aug 2026,7.608695652173914,2.1739130434782608,1.0869565217391304,14.285714285714285,10.922992900054615,3.1208551143013183,1.5604275571506592,True,False
2026-09-11T01:39:17+00:00,2026-09-11,cohort,91161076|same|0|0|1|0|0|0|all|0,91161076,【哈德】Wild and free,Harry Potter - J. K. Rowling,Harry Potter - J. K. Rowling,,same,0,0,1,0,0,0,all,0,456,132,12,2,0,28162,1,Not Rated,Creator Chose Not To Use Archive Warnings,M/M,中文-普通话 國語,,23 Aug 2026,9.090909090909092,1.5151515151515151,0.0,0.0,4.261061004190043,0.7101768340316739,0.0,True,False
2026-09-11T01:39:17+00:00,2026-09-11,cohort,67289302|same|0|0|1|0|0|0|all|0,67289302,A thing for my friend,Harry Potter - J. K. Rowling,Harry Potter - J. K. Rowling,,same,0,0,1,0,0,0,all,0,457,1937,28,5,33,17069,21,Mature,Creator Chose Not To Use Archive Warnings,F/M,English,,23 Aug 2026,1.4455343314403717,0.2581311306143521,1.7036654620547238,117.85714285714286,16.40400726463179,2.9292870115413905,19.33329427617318,True,False
2026-09-11T01:39:17+00:00,2026-09-11,cohort,90952666|same|0|0|1|0|0|0|all|0,90952666,It's Whenever (on my time),Harry Potter - J. K. Rowling,Harry Potter - J. K. Rowling,,same,0,0,1,0,0,0,all,0,457,182,15,2,3,13642,2,Mature,"Creator Chose Not To Use Archive Warnings, M/M, Multi, Other",,English,,23 Aug 2026,8.241758241758241,1.098901098901099,1.6483516483516485,20.0,10.99545521184577,1.4660606949127692,2.199091042369154,True,False
2026-09-11T01:39:17+00:00,2026-09-11,cohort,56398450|same|0|0|1|0|0|0|all|0,56398450,"We've Got You, Love",Harry Potter - J. K. Rowling,Harry Potter - J. K. Rowling,,same,0,0,1,0,0,0,all,0,457,4528,116,22,15,118201,43,Mature,"Creator Chose Not To Use Archive Warnings, F/M, M/M, Multi",,English,,23 Aug 2026,2.5618374558303887,0.48586572438162545,0.33127208480565373,12.931034482758621,9.81379176149102,1.8612363685586417,1.2690247967445283,True,False
2026-09-11T01:39:17+00:00,2026-09-11,cohort,56850427|same|0|0|1|0|0|0|all|0,56850427,The Sensation of Screaming,Harry Potter - J. K. Rowling,Harry Potter - J. K. Rowling,,same,0,0,1,0,0,0,all,0,457,138459,1675,532,5305,1623920,163,Explicit,"Graphic Depictions Of Violence, Rape/Non-Con, Major Character Death, Underage Sex, F/F, F/M, M/M, Gen, Multi",,English,,23 Aug 2026,1.2097444008695715,0.38422926642544003,3.831459132306315,316.7164179104478,10.314547514655894,3.2760234494310065,32.66786541208926,True,False
2026-09-11T01:39:17+00:00,2026-09-11,cohort,67203154|same|0|0|1|0|0|0|all|0,67203154,"Stasis, Rupture",Harry Potter - J. K. Rowling,Harry Potter - J. K. Rowling,,same,0,0,1,0,0,0,all,0,457,1118,146,9,9,5139,4,Mature,No Archive Warnings Apply,F/M,English,,23 Aug 2026,13.059033989266547,0.8050089445438283,0.8050089445438283,6.164383561643835,284.1019653629111,17.513134851138354,17.513134851138354,True,False
2026-09-11T01:39:17+00:00,2026-09-11,cohort,90599651|same|0|0|1|0|0|0|all|0,90599651,Reflections of Ghosts,Harry Potter - J. K. Rowling,Harry Potter - J. K. Rowling,,same,0,0,1,0,0,0,all,0,457,405,23,4,15,12928,5,Mature,"Graphic Depictions Of Violence, Major Character Death, Multi, M/M",,English,,23 Aug 2026,5.679012345679013,0.9876543209876543,3.7037037037037033,65.21739130434783,17.790841584158418,3.094059405940594,11.602722772277227,True,False
2026-09-11T01:39:17+00:00,2026-09-11,cohort,66656167|same|0|0|1|0|0|0|all|0,66656167,"Stars Glow, Shadows Fall: Act III",Harry Potter - J. K. Rowling,Harry Potter - J. K. Rowling,,same,0,0,1,0,0,0,all,0,457,862,23,5,6,60798,10,Mature,"Graphic Depictions Of Violence, Major Character Death, No category",,English,,23 Aug 2026,2.668213457076566,0.580046403712297,0.6960556844547563,26.08695652173913,3.783019178262443,0.8223954735353136,0.9868745682423764,True,False
2026-09-11T01:39:17+00:00,2026-09-11,cohort,91159141|same|0|0|1|0|0|0|all|0,91159141,Только для тебя,Harry Potter - J. K. Rowling,Harry Potter - J. K. Rowling,,same,0,0,1,0,0,0,all,0,457,98,8,2,0,5411,1,Mature,Creator Chose Not To Use Archive Warnings,M/M,Русский,,23 Aug 2026,8.16326530612245,2.0408163265306123,0.0,0.0,14.784697837737943,3.6961744594344856,0.0,True,False
2026-09-11T01:39:17+00:00,2026-09-11,cohort,57544837|same|0|0|1|0|0|0|all|0,57544837,MNLV: All Routes Lead to Doom!,Harry Potter - J. K. Rowling,Harry Potter - J. K. Rowling,,same,0,0,1,0,0,0,all,0,457,96420,2666,1016,747,293048,33,Teen And Up Audiences,Creator Chose Not To Use Archive Warnings,Multi,English,,23 Aug 2026,2.7649865173200583,1.0537232939224226,0.7747355320472932,28.019504876219052,90.97485736125141,34.670088176680956,25.490704594469165,True,False
2026-09-11T01:39:17+00:00,2026-09-11,cohort,91157766|same|0|0|1|0|0|0|all|0,91157766,maybe potions wasn't such a bad class,Harry Potter - J. K. Rowling,Harry Potter - J. K. Rowling,,same,0,0,1,0,0,0,all,0,457,345,48,8,8,703,1,General Audiences,No Archive Warnings Apply,M/M,English,,23 Aug 2026,13.91304347826087,2.318840579710145,2.318840579710145,16.666666666666664,682.7880512091039,113.79800853485065,113.79800853485065,True,False
2026-09-11T01:39:17+00:00,2026-09-11,cohort,67011793|same|0|0|1|0|0|0|all|0,67011793,You'll Burn in Hell for Your Sins,Harry Potter - J. K. Rowling,Harry Potter - J. K. Rowling,,same,0,0,1,0,0,0,all,0,457,9378,227,120,127,122022,12,Not Rated,"Graphic Depictions Of Violence, F/F, F/M, M/M",,English,,23 Aug 2026,2.4205587545318834,1.2795905310300704,1.3542333120068246,55.947136563876654,18.603202701152252,9.834292176820574,10.40795922046844,True,False
2026-09-11T01:39:17+00:00,2026-09-11,cohort,91156846|same|0|0|1|0|0|0|all|0,91156846,When are we getting married?,Harry Potter - J. K. Rowling,Harry Potter - J. K. Rowling,,same,0,0,1,0,0,0,all,0,457,251,17,6,0,1692,1,General Audiences,Creator Chose Not To Use Archive Warnings,M/M,English,,23 Aug 2026,6.772908366533864,2.3904382470119523,0.0,0.0,100.4728132387707,35.46099290780142,0.0,True,False
2026-09-11T01:39:17+00:00,2026-09-11,cohort,90910051|same|0|0|1|0|0|0|all|0,90910051,Behind Closed Doors,Harry Potter - J. K. Rowling,Harry Potter - J. K. Rowling,,same,0,0,1,0,0,0,all,0,457,1316,18,33,0,14751,5,Explicit,"Creator Chose Not To Use Archive Warnings, Underage Sex, F/M, Multi",,English,,23 Aug 2026,1.3677811550151975,2.507598784194529,0.0,0.0,12.202562538133007,22.371364653243848,0.0,True,False
2026-09-11T01:39:17+00:00,2026-09-11,cohort,88828391|same|0|0|1|0|0|0|all|0,88828391,"Not A Hero, Thankfully",Harry Potter - J. K. Rowling,Harry Potter - J. K. Rowling,,same,0,0,1,0,0,0,all,0,457,663,49,10,23,31108,8,Mature,Graphic Depictions Of Violence,F/M,English,,23 Aug 2026,7.390648567119156,1.5082956259426847,3.469079939668175,46.93877551020408,15.75157515751575,3.2146071750032146,7.393596502507394,True,False
2026-09-11T01:39:17+00:00,2026-09-11,cohort,90607636|same|0|0|1|0|0|0|all|0,90607636,En otro universo,Harry Potter - J. K. Rowling,Harry Potter - J. K. Rowling,,same,0,0,1,0,0,0,all,0,458,53,2,0,0,5261,4,Teen And Up Audiences,"Rape/Non-Con, F/M, Gen, M/M, Multi",,Español,,23 Aug 2026,3.7735849056603774,0.0,0.0,0.0,3.8015586390420073,0.0,0.0,True,False
2026-09-11T01:39:17+00:00,2026-09-11,cohort,86953906|same|0|0|1|0|0|0|all|0,86953906,Vuelve vida mia,Harry Potter - J. K. Rowling,Harry Potter - J. K. Rowling,,same,0,0,1,0,0,0,all,0,458,999,57,11,12,17084,8,Explicit,"Graphic Depictions Of Violence, Rape/Non-Con",M/M,Español,,23 Aug 2026,5.7057057057057055,1.1011011011011012,1.2012012012012012,21.052631578947366,33.36455162725357,6.438773121048934,7.024116132053383,True,False
2026-09-11T01:39:17+00:00,2026-09-11,cohort,91155286|same|0|0|1|0|0|0|all|0,91155286,Paint it Black,Harry Potter - J. K. Rowling,Harry Potter - J. K. Rowling,,same,0,0,1,0,0,0,all,0,458,55,4,1,0,1847,1,Explicit,"Graphic Depictions Of Violence, Major Character Death, Rape/Non-Con, Underage Sex, F/F, F/M, M/M",,English,,23 Aug 2026,7.2727272727272725,1.8181818181818181,0.0,0.0,21.65674066053059,5.414185165132648,0.0,True,False
2026-09-11T01:39:17+00:00,2026-09-11,cohort,90363231|same|0|0|1|0|0|0|all|0,90363231,an inconvenient sort of courage (potter wasn't part of the plan),Harry Potter - J. K. Rowling,Harry Potter - J. K. Rowling,,same,0,0,1,0,0,0,all,0,458,3321,421,43,41,18866,5,General Audiences,Creator Chose Not To Use Archive Warnings,M/M,English,,23 Aug 2026,12.676904546823245,1.2947907256850346,1.2345679012345678,9.73871733966746,223.15276158168135,22.792324817131345,21.732216686101985,True,False
2026-09-11T01:39:17+00:00,2026-09-11,cohort,90026641|same|0|0|1|0|0|0|all|0,90026641,Love Thy Neighbor,Harry Potter - J. K. Rowling,Harry Potter - J. K. Rowling,,same,0,0,1,0,0,0,all,0,458,718,22,7,1,2393,2,Teen And Up Audiences,Creator Chose Not To Use Archive Warnings,M/M,English,,23 Aug 2026,3.064066852367688,0.9749303621169917,0.1392757660167131,4.545454545454546,91.9348098620978,29.251984956122023,4.178854993731718,True,False
2026-09-11T01:39:17+00:00,2026-09-11,cohort,80007331|same|0|0|1|0|0|0|all|0,80007331,Wolf in a Sheep's Clothing,Harry Potter - J. K. Rowling,Harry Potter - J. K. Rowling,,same,0,0,1,0,0,0,all,0,458,482,4,5,3,29099,16,Mature,"Graphic Depictions Of Violence, Major Character Death",M/M,English,,23 Aug 2026,0.8298755186721992,1.0373443983402488,0.6224066390041494,75.0,1.3746176844565103,1.7182721055706383,1.0309632633423829,True,False
2026-09-11T01:39:17+00:00,2026-09-11,cohort,91154251|same|0|0|1|0|0|0|all|0,91154251,It’s Not Too Late,Harry Potter - J. K. Rowling,Harry Potter - Fandom,,same,0,0,1,0,0,0,all,0,458,1043,90,14,7,7988,1,Explicit,"Underage Sex, M/M, Multi",,English,,23 Aug 2026,8.62895493767977,1.342281879194631,0.6711409395973155,7.777777777777778,112.66900350525789,17.526289434151227,8.763144717075614,True,False
2026-09-11T01:39:17+00:00,2026-09-11,cohort,91153961|same|0|0|1|0|0|0|all|0,91153961,One Thing at a Time,Harry Potter - J. K. Rowling,Harry Potter - J. K. Rowling,,same,0,0,1,0,0,0,all,0,458,764,88,5,4,6858,1,Teen And Up Audiences,No Archive Warnings Apply,F/M,English,,23 Aug 2026,11.518324607329843,0.6544502617801047,0.5235602094240838,4.545454545454546,128.31729367162438,7.2907553222513855,5.832604257801108,True,False
2026-09-11T01:39:17+00:00,2026-09-11,cohort,69715056|same|0|0|1|0|0|0|all|0,69715056,where the sky meets the sea,Harry Potter - J. K. Rowling,Harry Potter - J. K. Rowling,,same,0,0,1,0,0,0,all,0,458,2573,100,16,152,84003,15,Mature,Underage Sex,F/M,English,,23 Aug 2026,3.8865137971239796,0.6218422075398368,5.9075009716284494,152.0,11.90433674987798,1.904693879980477,18.094591859814532,True,False
2026-09-11T01:39:17+00:00,2026-09-11,cohort,86564946|same|0|0|1|0|0|0|all|0,86564946,Before We Begin,Harry Potter - J. K. Rowling,Harry Potter - J. K. Rowling,,same,0,0,1,0,0,0,all,0,458,112,3,0,2,9702,15,Not Rated,"Graphic Depictions Of Violence, No category",,English,,22 Aug 2026,2.6785714285714284,0.0,1.7857142857142856,66.66666666666666,3.0921459492888066,0.0,2.0614306328592042,True,False
2026-09-11T01:39:17+00:00,2026-09-11,cohort,91153051|same|0|0|1|0|0|0|all|0,91153051,【哈德】我们什么时候结婚？,Harry Potter - J. K. Rowling,Harry Potter - J. K. Rowling,,same,0,0,1,0,0,0,all,0,458,61,0,0,0,2517,1,General Audiences,Creator Chose Not To Use Archive Warnings,M/M,中文-普通话 國語,,23 Aug 2026,0.0,0.0,0.0,0.0,0.0,0.0,0.0,True,False
2026-09-11T01:39:17+00:00,2026-09-11,cohort,90933806|same|0|0|1|0|0|0|all|0,90933806,The Veela's Heir,Harry Potter - J. K. Rowling,Harry Potter - J. K. Rowling,,same,0,0,1,0,0,0,all,0,458,420,32,13,4,5173,3,Not Rated,No Archive Warnings Apply,M/M,English,,22 Aug 2026,7.6190476190476195,3.0952380952380953,0.9523809523809524,12.5,61.85965590566402,25.13048521167601,7.7324569882080025,True,False
2026-09-11T01:39:17+00:00,2026-09-11,cohort,89550046|same|0|0|1|0|0|0|all|0,89550046,Can someone else PLEASE take this one?,Harry Potter - J. K. Rowling,Harry Potter - J. K. Rowling,,same,0,0,1,0,0,0,all,0,458,244,17,1,7,11821,3,Teen And Up Audiences,"Graphic Depictions Of Violence, F/M, M/M",,English,,22 Aug 2026,6.967213114754098,0.4098360655737705,2.8688524590163933,41.17647058823529,14.381186024870992,0.8459521191100583,5.921664833770408,True,False
2026-09-11T01:39:17+00:00,2026-09-11,cohort,8031694|same|0|0|1|0|0|0|all|0,8031694,Veela Inheritance Hidden,Harry Potter - J. K. Rowling,Harry Potter - J. K. Rowling,,same,0,0,1,0,0,0,all,0,458,13168,456,114,46,16352,21,Mature,"Creator Chose Not To Use Archive Warnings, Underage Sex",M/M,English,,23 Aug 2026,3.4629404617253954,0.8657351154313488,0.3493317132442284,10.087719298245613,278.86497064579254,69.71624266144813,28.131115459882583,True,False
2026-09-11T01:39:17+00:00,2026-09-11,cohort,47452999|same|0|0|1|0|0|0|all|0,47452999,He Doesn't Even Go Here,Harry Potter - J. K. Rowling,Harry Potter - J. K. Rowling,,same,0,0,1,0,0,0,all,0,459,110989,5953,2110,2180,73976,17,Not Rated,"Creator Chose Not To Use Archive Warnings, M/M, Other",,English,,22 Aug 2026,5.36359459045491,1.9010892971375541,1.9641586103127335,36.62019150008399,804.7204498756354,285.22764139720994,294.69016978479505,True,False
2026-09-11T01:39:17+00:00,2026-09-11,cohort,66596812|same|0|0|1|0|0|0|all|0,66596812,"Remus's Post-Pandemic, Post-Divorce, Midlife, Millennial Crisis",Harry Potter - J. K. Rowling,Harry Potter - J. K. Rowling,,same,0,0,1,0,0,0,all,0,459,4138,111,37,128,116411,14,Explicit,No Archive Warnings Apply,M/M,English,,23 Aug 2026,2.6824552924117935,0.8941517641372644,3.0932817786370226,115.31531531531532,9.535181383202618,3.1783937944008724,10.995524477927344,True,False
2026-09-11T01:39:17+00:00,2026-09-11,cohort,91151981|same|0|0|1|0|0|0|all|0,91151981,you're the closest to heaven that i'll ever be,Harry Potter - J. K. Rowling,Harry Potter - J. K. Rowling,,same,0,0,1,0,0,0,all,0,459,147,27,1,0,1076,1,General Audiences,No Archive Warnings Apply,M/M,English,,23 Aug 2026,18.367346938775512,0.6802721088435374,0.0,0.0,250.92936802973978,9.293680297397769,0.0,True,False
2026-09-11T01:39:17+00:00,2026-09-11,cohort,69683656|same|0|0|1|0|0|0|all|0,69683656,Alsephina Black and the Chamber of Secrets,Harry Potter - J. K. Rowling,Harry Potter - J. K. Rowling,,same,0,0,1,0,0,0,all,0,459,650,23,2,16,83034,15,Not Rated,No Archive Warnings Apply,F/F,English,,23 Aug 2026,3.5384615384615383,0.3076923076923077,2.4615384615384617,69.56521739130434,2.7699496591757593,0.24086518775441387,1.926921502035311,True,False
2026-09-11T01:39:17+00:00,2026-09-11,cohort,91151286|same|0|0|1|0|0|0|all|0,91151286,"Bend Over for Me, Reg",Harry Potter - J. K. Rowling,Harry Potter - J. K. Rowling,,same,0,0,1,0,0,0,all,0,459,1175,141,36,19,11602,1,Explicit,Creator Chose Not To Use Archive Warnings,M/M,English,,23 Aug 2026,12.0,3.0638297872340425,1.6170212765957446,13.47517730496454,121.53077055680056,31.02913290811929,16.376486812618513,True,False
2026-09-11T01:39:17+00:00,2026-09-11,cohort,90706486|same|0|0|1|0|0|0|all|0,90706486,Someone That Broke Me Up With A Corner Of Their Smile,Harry Potter - J. K. Rowling,Harry Potter - J. K. Rowling,,same,0,0,1,0,0,0,all,0,459,82,1,3,4,5312,2,Mature,"Major Character Death, F/F, F/M, M/M, Multi",,English,,23 Aug 2026,1.2195121951219512,3.6585365853658534,4.878048780487805,400.0,1.8825301204819278,5.647590361445783,7.530120481927711,True,False
2026-09-11T01:39:17+00:00,2026-09-11,cohort,75932291|same|0|0|1|0|0|0|all|0,75932291,should've ignored the notifications,Harry Potter - J. K. Rowling,Harry Potter - J. K. Rowling,,same,0,0,1,0,0,0,all,0,459,471,18,1,0,8715,4,Mature,"Creator Chose Not To Use Archive Warnings, No Archive Warnings Apply",Multi,English,,23 Aug 2026,3.821656050955414,0.21231422505307856,0.0,0.0,20.65404475043029,1.1474469305794608,0.0,True,False
2026-09-11T01:39:17+00:00,2026-09-11,cohort,91150531|same|0|0|1|0|0|0|all|0,91150531,Fly me to the moon (You are all I long for),Harry Potter - J. K. Rowling,Harry Potter - J. K. Rowling,,same,0,0,1,0,0,0,all,0,459,331,43,2,2,1232,1,General Audiences,No Archive Warnings Apply,M/M,English,,23 Aug 2026,12.990936555891238,0.6042296072507553,0.6042296072507553,4.651162790697675,349.025974025974,16.233766233766236,16.233766233766236,True,False
2026-09-11T01:39:17+00:00,2026-09-11,cohort,91149881|same|0|0|1|0|0|0|all|0,91149881,"You’re my whole world, Darling.",Harry Potter - J. K. Rowling,Harry Potter - J. K. Rowling,,same,0,0,1,0,0,0,all,0,459,199,7,0,0,1780,1,Not Rated,Creator Chose Not To Use Archive Warnings,M/M,English,,23 Aug 2026,3.5175879396984926,0.0,0.0,0.0,39.325842696629216,0.0,0.0,True,False
2026-09-11T01:39:17+00:00,2026-09-11,cohort,90348746|same|0|0|1|0|0|0|all|0,90348746,Permission to Love,Harry Potter - J. K. Rowling,Harry Potter - J. K. Rowling,,same,0,0,1,0,0,0,all,0,459,2657,202,24,9,2586,1,Explicit,No Archive Warnings Apply,M/M,English,,23 Aug 2026,7.602559277380504,0.9032743695897629,0.3387278885961611,4.455445544554455,781.1291569992267,92.80742459396751,34.80278422273782,True,False
2026-09-11T01:39:17+00:00,2026-09-11,cohort,68003146|same|0|0|1|0|0|0|all|0,68003146,Learning to Live,Harry Potter - J. K. Rowling,Harry Potter - J. K. Rowling,,same,0,0,1,0,0,0,all,0,459,17787,730,275,129,100266,15,Not Rated,Creator Chose Not To Use Archive Warnings,M/M,English,,23 Aug 2026,4.104120987237871,1.5460729746444033,0.7252487771968291,17.671232876712327,72.80633514850498,27.42704406279297,12.865777033091975,True,False
2026-09-11T01:39:17+00:00,2026-09-11,cohort,88128296|same|0|0|1|0|0|0|all|0,88128296,Prince of Fire,Harry Potter - J. K. Rowling,Harry Potter - J. K. Rowling,,same,0,0,1,0,0,0,all,0,459,1033,49,15,10,3467,4,Mature,Creator Chose Not To Use Archive Warnings,M/M,English,,23 Aug 2026,4.743465634075508,1.452081316553727,0.9680542110358179,20.408163265306122,141.3325641765215,43.265070666282085,28.84338044418806,True,False
2026-09-11T01:39:17+00:00,2026-09-11,cohort,89440156|same|0|0|1|0|0|0|all|0,89440156,The Sex Hex,Harry Potter - J. K. Rowling,Harry Potter - J. K. Rowling,,same,0,0,1,0,0,0,all,0,459,8851,587,93,62,7480,1,Explicit,No Archive Warnings Apply,F/M,English,,23 Aug 2026,6.632018980906112,1.0507287312168117,0.7004858208112078,10.562180579216355,784.75935828877,124.33155080213905,82.88770053475936,True,False
2026-09-11T01:39:17+00:00,2026-09-11,cohort,40540257|same|0|0|1|0|0|0|all|0,40540257,Of Schools & Harmony,Harry Potter - J. K. Rowling,Harry Potter - J. K. Rowling,,same,0,0,1,0,0,0,all,0,459,26629,914,298,414,94438,23,Not Rated,Creator Chose Not To Use Archive Warnings,Multi,English,,23 Aug 2026,3.432348191820947,1.1190807014908557,1.5546960081114574,45.29540481400438,96.78307460979691,31.555094347614308,43.8382854359474,True,False
2026-09-11T01:39:17+00:00,2026-09-11,cohort,83532581|same|0|0|1|0|0|0|all|0,83532581,What It Means To Be A Black,Harry Potter - J. K. Rowling,Harry Potter - J. K. Rowling,,same,0,0,1,0,0,0,all,0,459,263,8,1,2,3136,4,Explicit,"Graphic Depictions Of Violence, Rape/Non-Con, Underage Sex, F/F, F/M",,English,,22 Aug 2026,3.041825095057034,0.38022813688212925,0.7604562737642585,25.0,25.51020408163265,3.1887755102040813,6.377551020408163,True,False
2026-09-11T01:39:17+00:00,2026-09-11,cohort,91147466|same|0|0|1|0|0|0|all|0,91147466,What's The Opposite Of A Pregnancy Scare?,Harry Potter - J. K. Rowling,Harry Potter - J. K. Rowling,,same,0,0,1,0,0,0,all,0,459,321,17,6,2,2925,1,General Audiences,Creator Chose Not To Use Archive Warnings,F/M,English,,23 Aug 2026,5.29595015576324,1.8691588785046727,0.6230529595015576,11.76470588235294,58.11965811965812,20.512820512820515,6.837606837606837,True,False
2026-09-11T01:39:17+00:00,2026-09-11,cohort,91133191|same|0|0|1|0|0|0|all|0,91133191,The Last Potter,Harry Potter - J. K. Rowling,Harry Potter - J. K. Rowling,,same,0,0,1,0,0,0,all,0,459,51,0,0,0,3084,5,Mature,"Graphic Depictions Of Violence, Major Character Death, No category",,English,,23 Aug 2026,0.0,0.0,0.0,0.0,0.0,0.0,0.0,True,False
2026-09-11T01:39:17+00:00,2026-09-11,cohort,76226721|same|0|0|1|0|0|0|all|0,76226721,Stranded: Returning,Harry Potter - J. K. Rowling,Harry Potter - J. K. Rowling,,same,0,0,1,0,0,0,all,0,459,2304,64,21,76,77508,10,General Audiences,No Archive Warnings Apply,F/M,English,,23 Aug 2026,2.7777777777777777,0.9114583333333334,3.298611111111111,118.75,8.257212158744903,2.7093977395881716,9.805439438509573,True,False
2026-09-11T01:39:17+00:00,2026-09-11,cohort,91013451|same|0|0|1|0|0|0|all|0,91013451,The Stake,Harry Potter - J. K. Rowling,Harry Potter - J. K. Rowling,,same,0,0,1,0,0,0,all,0,460,60,5,0,2,11423,4,Mature,Graphic Depictions Of Violence,F/M,English,,23 Aug 2026,8.333333333333332,0.0,3.3333333333333335,40.0,4.377133852753217,0.0,1.7508535411012869,True,False
2026-09-11T01:39:17+00:00,2026-09-11,cohort,11660775|same|0|0|1|0|0|0|all|0,11660775,Harry Potter and the Spiteful Sorting Hat,Harry Potter - J. K. Rowling,Harry Potter - J. K. Rowling,,same,0,0,1,0,0,0,all,0,460,131994,2057,469,736,695630,163,General Audiences,No Archive Warnings Apply,Gen,English,,23 Aug 2026,1.5584041698865099,0.3553191811749019,0.5576011030804431,35.78026251823043,29.57031755387203,6.742089904115694,10.580337248249787,True,False
2026-09-11T01:39:17+00:00,2026-09-11,cohort,61422730|same|0|0|1|0|0|0|all|0,61422730,Prince of Petals,Harry Potter - J. K. Rowling,Harry Potter - J. K. Rowling,,same,0,0,1,0,0,0,all,0,460,25232,623,195,319,58998,31,Teen And Up Audiences,Major Character Death,Gen,English,,23 Aug 2026,2.4690868738110336,0.7728281547241598,1.2642675967025998,51.20385232744783,105.59679989152174,33.0519678633174,54.06962947896539,True,False
2026-09-11T01:39:17+00:00,2026-09-11,cohort,91145666|same|0|0|1|0|0|0|all|0,91145666,Lord of the Manor,Harry Potter - J. K. Rowling,Harry Potter - J. K. Rowling,,same,0,0,1,0,0,0,all,0,460,1532,27,4,4,1794,1,Explicit,Rape/Non-Con,M/M,English,,23 Aug 2026,1.762402088772846,0.26109660574412535,0.26109660574412535,14.814814814814813,150.5016722408027,22.29654403567447,22.29654403567447,True,False
2026-09-11T01:39:17+00:00,2026-09-11,cohort,89992491|same|0|0|1|0|0|0|all|0,89992491,Sal(i)vation,Harry Potter - J. K. Rowling,Harry Potter - J. K. Rowling,,same,0,0,1,0,0,0,all,0,460,66,4,0,0,10778,2,Explicit,"Graphic Depictions Of Violence, Major Character Death, F/F, F/M",,English,,23 Aug 2026,6.0606060606060606,0.0,0.0,0.0,3.7112636852848393,0.0,0.0,True,False
2026-09-11T01:39:17+00:00,2026-09-11,cohort,67844646|same|0|0|1|0|0|0|all|0,67844646,At The Corner of Lust and Friendship,Harry Potter - J. K. Rowling,Harry Potter - J. K. Rowling,,same,0,0,1,0,0,0,all,0,460,66004,877,490,770,576670,97,Explicit,"No Archive Warnings Apply, F/M, M/M, Multi, Other",,English,,23 Aug 2026,1.3287073510696321,0.7423792497424399,1.1665959638809769,87.79931584948689,15.208004578008218,8.49706071063173,13.352523973849861,True,False
2026-09-11T01:39:17+00:00,2026-09-11,cohort,67669971|same|0|0|1|0|0|0|all|0,67669971,For the Love of Seven,Harry Potter - J. K. Rowling,Harry Potter - J. K. Rowling,,same,0,0,1,0,0,0,all,0,460,1093,34,11,10,90490,9,Mature,"Creator Chose Not To Use Archive Warnings, F/F, F/M",,English,,23 Aug 2026,3.110704483074108,1.0064043915827996,0.9149130832570906,29.411764705882355,3.757321250966958,1.2156039341363687,1.105094485578517,True,False
2026-09-11T01:39:17+00:00,2026-09-11,cohort,91144241|same|0|0|1|0|0|0|all|0,91144241,Turn and Face the Strange,Harry Potter - J. K. Rowling,Harry Potter - J. K. Rowling,,same,0,0,1,0,0,0,all,0,460,116,7,0,3,2844,1,Teen And Up Audiences,"Major Character Death, Underage Sex, F/F, F/M, M/M",,English,,23 Aug 2026,6.0344827586206895,0.0,2.586206896551724,42.857142857142854,24.613220815752463,0.0,10.548523206751055,True,False
2026-09-11T01:39:17+00:00,2026-09-11,cohort,91143701|same|0|0|1|0|0|0|all|0,91143701,The Blackout,Harry Potter - J. K. Rowling,Harry Potter - J. K. Rowling,,same,0,0,1,0,0,0,all,0,460,724,31,14,9,6635,1,Not Rated,"Graphic Depictions Of Violence, Major Character Death",F/M,English,,23 Aug 2026,4.281767955801105,1.9337016574585635,1.2430939226519337,29.03225806451613,46.72192916352675,21.100226073850795,13.564431047475509,True,False
2026-09-11T01:39:17+00:00,2026-09-11,cohort,51300991|same|0|0|1|0|0|0|all|0,51300991,A Brief Series of Snippets,Harry Potter - J. K. Rowling,Harry Potter - J. K. Rowling,,same,0,0,1,0,0,0,all,0,460,7076,96,21,1498,493027,193,Mature,"Creator Chose Not To Use Archive Warnings, F/F, F/M, Multi",,English,,23 Aug 2026,1.3566986998304127,0.2967778405879028,21.17015262860373,1560.4166666666665,1.9471550239642048,0.4259401614921698,30.38373151977478,True,False
2026-09-11T01:39:17+00:00,2026-09-11,cohort,91141966|same|0|0|1|0|0|0|all|0,91141966,Loco por tú amor,Harry Potter - J. K. Rowling,Harry Potter - J. K. Rowling,,same,0,0,1,0,0,0,all,0,460,415,28,3,5,17063,14,Mature,"Graphic Depictions Of Violence, Rape/Non-Con",M/M,Español,,23 Aug 2026,6.746987951807229,0.7228915662650602,1.2048192771084338,17.857142857142858,16.40977553771318,1.758190236183555,2.930317060305925,True,False
2026-09-11T01:39:17+00:00,2026-09-11,cohort,91142466|same|0|0|1|0|0|0|all|0,91142466,Slag Tag,Harry Potter - J. K. Rowling,Harry Potter - J. K. Rowling,,same,0,0,1,0,0,0,all,0,460,62,6,3,3,2716,1,Explicit,"Creator Chose Not To Use Archive Warnings, No Archive Warnings Apply",F/M,English,,22 Aug 2026,9.67741935483871,4.838709677419355,4.838709677419355,50.0,22.091310751104565,11.045655375552283,11.045655375552283,True,False
2026-09-11T01:39:17+00:00,2026-09-11,cohort,91142371|same|0|0|1|0|0|0|all|0,91142371,run me like a river,Harry Potter - J. K. Rowling,Harry Potter - J. K. Rowling,,same,0,0,1,0,0,0,all,0,460,111,34,2,13,0,1,General Audiences,No Archive Warnings Apply,F/M,English,,22 Aug 2026,30.630630630630627,1.8018018018018018,11.711711711711711,38.23529411764706,0.0,0.0,0.0,False,False
2026-09-11T01:39:17+00:00,2026-09-11,cohort,77975761|same|0|0|1|0|0|0|all|0,77975761,loml,Harry Potter - J. K. Rowling,Harry Potter - J. K. Rowling,,same,0,0,1,0,0,0,all,0,460,64,4,0,0,37471,4,General Audiences,"Major Character Death, No category",,English,,22 Aug 2026,6.25,0.0,0.0,0.0,1.0674921939633317,0.0,0.0,True,False
2026-09-11T01:39:17+00:00,2026-09-11,cohort,91142041|same|0|0|1|0|0|0|all|0,91142041,A Gardener’s Seeds,Harry Potter - J. K. Rowling,Harry Potter - J. K. Rowling,,same,0,0,1,0,0,0,all,0,460,914,92,19,9,3914,1,Explicit,No Archive Warnings Apply,F/M,English,,22 Aug 2026,10.065645514223196,2.0787746170678334,0.9846827133479212,9.782608695652174,235.0536535513541,48.543689320388346,22.994379151762903,True,False
2026-09-11T01:39:17+00:00,2026-09-11,cohort,89959576|same|0|0|1|0|0|0|all|0,89959576,"Far, Yet Close",Harry Potter - J. K. Rowling,Harry Potter - J. K. Rowling,,same,0,0,1,0,0,0,all,0,460,898,97,13,10,3483,3,Teen And Up Audiences,Creator Chose Not To Use Archive Warnings,M/M,English,,23 Aug 2026,10.801781737193764,1.447661469933185,1.1135857461024499,10.309278350515463,278.4955498133793,37.324145851277635,28.710881424059718,True,False
2026-09-11T01:39:17+00:00,2026-09-11,cohort,91140881|same|0|0|1|0|0|0|all|0,91140881,All was not well,Harry Potter - J. K. Rowling,Harry Potter - J. K. Rowling,,same,0,0,1,0,0,0,all,0,460,624,19,9,10,10845,3,Teen And Up Audiences,No Archive Warnings Apply,F/M,English,,22 Aug 2026,3.0448717948717947,1.4423076923076923,1.6025641025641024,52.63157894736842,17.519594283079762,8.29875518672199,9.220839096357768,True,False
2026-09-11T01:39:17+00:00,2026-09-11,cohort,89634471|same|0|0|1|0|0|0|all|0,89634471,Harry L. Evans,Harry Potter - J. K. Rowling,Harry Potter - J. K. Rowling,,same,0,0,1,0,0,0,all,0,461,116,8,1,2,16730,2,General Audiences,No Archive Warnings Apply,Gen,English,,22 Aug 2026,6.896551724137931,0.8620689655172413,1.7241379310344827,25.0,4.781829049611477,0.5977286312014346,1.1954572624028692,True,False
2026-09-11T01:39:17+00:00,2026-09-11,cohort,91140031|same|0|0|1|0|0|0|all|0,91140031,Echoes Under the Stairs,Harry Potter - J. K. Rowling,Harry Potter - J. K. Rowling,,same,0,0,1,0,0,0,all,0,461,143,17,1,0,1238,2,Mature,"Graphic Depictions Of Violence, Major Character Death",Gen,English,,22 Aug 2026,11.888111888111888,0.6993006993006993,0.0,0.0,137.31825525040387,8.077544426494347,0.0,True,False
2026-09-11T01:39:17+00:00,2026-09-11,cohort,91140786|same|0|0|1|0|0|0|all|0,91140786,Put Your Head On My Shoulder,Harry Potter - J. K. Rowling,Harry Potter - J. K. Rowling,,same,0,0,1,0,0,0,all,0,461,212,33,4,5,6696,1,Teen And Up Audiences,Creator Chose Not To Use Archive Warnings,M/M,English,,22 Aug 2026,15.566037735849056,1.8867924528301887,2.358490566037736,15.151515151515152,49.283154121863795,5.973715651135006,7.467144563918758,True,False
2026-09-11T01:39:17+00:00,2026-09-11,cohort,90260716|same|0|0|1|0|0|0|all|0,90260716,A Broken Kind Of Golden,Harry Potter - J. K. Rowling,Harry Potter - J. K. Rowling,,same,0,0,1,0,0,0,all,0,461,321,22,3,38,12429,3,General Audiences,"Creator Chose Not To Use Archive Warnings, F/M, M/M",,English,,22 Aug 2026,6.853582554517133,0.9345794392523363,11.838006230529595,172.72727272727272,17.70053906187143,2.413709872073377,30.573658379596104,True,False
2026-09-11T01:39:17+00:00,2026-09-11,cohort,91139551|same|0|0|1|0|0|0|all|0,91139551,Memories hurt,Harry Potter - J. K. Rowling,Harry Potter - J. K. Rowling,,same,0,0,1,0,0,0,all,0,461,119,9,0,0,649,1,Not Rated,Creator Chose Not To Use Archive Warnings,M/M,English,,22 Aug 2026,7.563025210084033,0.0,0.0,0.0,138.67488443759632,0.0,0.0,True,False
2026-09-11T01:39:17+00:00,2026-09-11,cohort,66993667|same|0|0|1|0|0|0|all|0,66993667,On the Field,Harry Potter - J. K. Rowling,Harry Potter - J. K. Rowling,,same,0,0,1,0,0,0,all,0,461,2704,91,23,36,38013,35,Teen And Up Audiences,"Graphic Depictions Of Violence, F/M, M/M, F/F",,English,,22 Aug 2026,3.3653846153846154,0.8505917159763313,1.3313609467455623,39.56043956043956,23.939178702022993,6.050561649961855,9.470444321679425,True,False
2026-09-11T01:39:17+00:00,2026-09-11,cohort,62953207|same|0|0|1|0|0|0|all|0,62953207,"And Yet, The Sun Still Rose - A Wolfstar Story",Harry Potter - J. K. Rowling,Harry Potter - J. K. Rowling,,same,0,0,1,0,0,0,all,0,461,336,11,0,0,29466,8,Teen And Up Audiences,No Archive Warnings Apply,M/M,English,,22 Aug 2026,3.273809523809524,0.0,0.0,0.0,3.733116133849182,0.0,0.0,True,False
2026-09-11T01:39:17+00:00,2026-09-11,cohort,91129501|same|0|0|1|0|0|0|all|0,91129501,꒰ Amortentia ꒱,Harry Potter - J. K. Rowling,Harry Potter - J. K. Rowling,,same,0,0,1,0,0,0,all,0,461,287,22,3,2,1036,1,Teen And Up Audiences,"Creator Chose Not To Use Archive Warnings, No Archive Warnings Apply, F/M, Other",,English,,22 Aug 2026,7.665505226480835,1.0452961672473868,0.6968641114982579,9.090909090909092,212.35521235521236,28.957528957528957,19.305019305019304,True,False
2026-09-11T01:39:17+00:00,2026-09-11,cohort,91126911|same|0|0|1|0|0|0|all|0,91126911,Bailando con el enemigo,Harry Potter - J. K. Rowling,Harry Potter - J. K. Rowling,,same,0,0,1,0,0,0,all,0,461,872,36,3,2,28314,28,Teen And Up Audiences,Graphic Depictions Of Violence,M/M,Español,,22 Aug 2026,4.128440366972478,0.34403669724770647,0.22935779816513763,5.555555555555555,12.714558169103624,1.0595465140919686,0.706364342727979,True,False
2026-09-11T01:39:17+00:00,2026-09-11,cohort,91139346|same|0|0|1|0|0|0|all|0,91139346,An eye for an eye,Harry Potter - J. K. Rowling,Harry Potter - J. K. Rowling,,same,0,0,1,0,0,0,all,0,461,92,16,1,1,1218,1,Teen And Up Audiences,"Creator Chose Not To Use Archive Warnings, Gen, Other",,English,,22 Aug 2026,17.391304347826086,1.0869565217391304,1.0869565217391304,6.25,131.36288998357963,8.210180623973727,8.210180623973727,True,False
2026-09-11T01:39:17+00:00,2026-09-11,cohort,89225366|same|0|0|1|0|0|0|all|0,89225366,"I'm Yellow, He Was Blue",Harry Potter - J. K. Rowling,Harry Potter - J. K. Rowling,,same,0,0,1,0,0,0,all,0,461,8260,137,36,36,13114,6,Explicit,"Rape/Non-Con, Underage Sex",F/M,English,,22 Aug 2026,1.6585956416464893,0.4358353510895884,0.4358353510895884,26.277372262773724,104.468506939149,27.451578465761784,27.451578465761784,True,False
2026-09-11T01:39:17+00:00,2026-09-11,cohort,90938421|same|0|0|1|0|0|0|all|0,90938421,Praying for Time,Harry Potter - J. K. Rowling,Harry Potter - J. K. Rowling,,same,0,0,1,0,0,0,all,0,461,223,17,3,3,6501,1,Mature,Underage Sex,F/M,English,,22 Aug 2026,7.623318385650224,1.345291479820628,1.345291479820628,17.647058823529413,26.149823104137823,4.614674665436087,4.614674665436087,True,False
2026-09-11T01:39:17+00:00,2026-09-11,cohort,76755161|same|0|0|1|0|0|0|all|0,76755161,The Stars In Our Hands,Harry Potter - J. K. Rowling,Harry Potter - J. K. Rowling,,same,0,0,1,0,0,0,all,0,461,806,24,5,7,88696,18,Not Rated,Creator Chose Not To Use Archive Warnings,F/M,English,,22 Aug 2026,2.977667493796526,0.620347394540943,0.8684863523573202,29.166666666666668,2.705871741679444,0.5637232795165509,0.7892125913231712,True,False
2026-09-11T01:39:17+00:00,2026-09-11,cohort,88831261|same|0|0|1|0|0|0|all|0,88831261,I see you.,Harry Potter - J. K. Rowling,Hogwarts Legacy (Video Game),,same,0,0,1,0,0,0,all,0,461,187,8,1,2,7394,2,Teen And Up Audiences,"Graphic Depictions Of Violence, Major Character Death",F/M,English,,22 Aug 2026,4.27807486631016,0.53475935828877,1.06951871657754,25.0,10.819583446037328,1.352447930754666,2.704895861509332,True,False
2026-09-11T01:39:17+00:00,2026-09-11,cohort,91133891|same|0|0|1|0|0|0|all|0,91133891,A Healer's Promise,Harry Potter - J. K. Rowling,Harry Potter - J. K. Rowling,,same,0,0,1,0,0,0,all,0,461,122,5,0,0,677,1,Not Rated,Creator Chose Not To Use Archive Warnings,F/M,English,,22 Aug 2026,4.098360655737705,0.0,0.0,0.0,73.85524372230428,0.0,0.0,True,False
2026-09-11T01:39:17+00:00,2026-09-11,cohort,91137206|same|0|0|1|0|0|0|all|0,91137206,you got me rolling like I'm burning,Harry Potter - J. K. Rowling,Harry Potter - J. K. Rowling,,same,0,0,1,0,0,0,all,0,461,172,8,2,0,3353,1,Mature,No Archive Warnings Apply,F/M,English,,22 Aug 2026,4.651162790697675,1.1627906976744187,0.0,0.0,23.85923053981509,5.964807634953773,0.0,True,False
2026-09-11T01:39:17+00:00,2026-09-11,cohort,84951446|same|0|0|1|0|0|0|all|0,84951446,near the end,Harry Potter - J. K. Rowling,Harry Potter - J. K. Rowling,,same,0,0,1,0,0,0,all,0,461,2755,130,25,48,15600,11,Explicit,"Graphic Depictions Of Violence, Major Character Death, No category",,English,,22 Aug 2026,4.71869328493648,0.9074410163339384,1.7422867513611617,36.92307692307693,83.33333333333333,16.025641025641026,30.76923076923077,True,False
2026-09-11T01:39:17+00:00,2026-09-11,cohort,90992041|same|0|0|1|0|0|0|all|0,90992041,Dandelion in the Garden,Harry Potter - J. K. Rowling,Harry Potter - J. K. Rowling,,same,0,0,1,0,0,0,all,0,462,462,39,7,15,18944,2,Mature,"Graphic Depictions Of Violence, Rape/Non-Con",F/M,English,,22 Aug 2026,8.441558441558442,1.5151515151515151,3.2467532467532463,38.46153846153847,20.586993243243242,3.6951013513513518,7.918074324324325,True,False
2026-09-11T01:39:17+00:00,2026-09-11,cohort,91136846|same|0|0|1|0|0|0|all|0,91136846,On the train to Hogwarts,Harry Potter - J. K. Rowling,Harry Potter - J. K. Rowling,,same,0,0,1,0,0,0,all,0,462,75,1,0,0,217,1,General Audiences,No Archive Warnings Apply,F/M,English,,22 Aug 2026,1.3333333333333335,0.0,0.0,0.0,46.08294930875576,0.0,0.0,True,False
2026-09-11T01:39:17+00:00,2026-09-11,cohort,91136151|same|0|0|1|0|0|0|all|0,91136151,Тео Нотт и Величайшее Послание Всех Времён,Harry Potter - J. K. Rowling,Harry Potter - J. K. Rowling,,same,0,0,1,0,0,0,all,0,462,88,4,0,1,7946,1,Explicit,Creator Chose Not To Use Archive Warnings,F/M,Русский,,22 Aug 2026,4.545454545454546,0.0,1.1363636363636365,25.0,5.033979360684621,0.0,1.2584948401711553,True,False
2026-09-11T01:39:17+00:00,2026-09-11,cohort,91136501|same|0|0|1|0|0|0|all|0,91136501,Sprinkles on top,Harry Potter - J. K. Rowling,Harry Potter - J. K. Rowling,,same,0,0,1,0,0,0,all,0,462,88,8,0,2,1087,1,Teen And Up Audiences,"No Archive Warnings Apply, M/M, Multi",,English,,22 Aug 2026,9.090909090909092,0.0,2.272727272727273,25.0,73.59705611775529,0.0,18.39926402943882,True,False
2026-09-11T01:39:17+00:00,2026-09-11,cohort,90935446|same|0|0|1|0|0|0|all|0,90935446,Secreto de Noviembre,Harry Potter - J. K. Rowling,Harry Potter - J. K. Rowling,,same,0,0,1,0,0,0,all,0,462,82,2,0,2,3588,1,Explicit,No Archive Warnings Apply,M/M,Español,,22 Aug 2026,2.4390243902439024,0.0,2.4390243902439024,100.0,5.574136008918617,0.0,5.574136008918617,True,False
2026-09-11T01:39:17+00:00,2026-09-11,cohort,88856791|same|0|0|1|0|0|0|all|0,88856791,Almost Sunday,Harry Potter - J. K. Rowling,Harry Potter - J. K. Rowling,,same,0,0,1,0,0,0,all,0,462,1824,43,19,5,3470,2,Explicit,"Graphic Depictions Of Violence, Rape/Non-Con",F/M,English,,22 Aug 2026,2.357456140350877,1.0416666666666665,0.2741228070175438,11.627906976744185,123.91930835734871,54.7550432276657,14.40922190201729,True,False
2026-09-11T01:39:17+00:00,2026-09-11,cohort,70735156|same|0|0|1|0|0|0|all|0,70735156,A Universal Poison,Harry Potter - J. K. Rowling,Harry Potter - J. K. Rowling,,same,0,0,1,0,0,0,all,0,462,6928,145,106,231,126227,23,Mature,"Creator Chose Not To Use Archive Warnings, Graphic Depictions Of Violence",F/M,English,,22 Aug 2026,2.0929561200923787,1.5300230946882216,3.334295612009238,159.31034482758622,11.487241239988276,8.397569458198324,18.30036363060201,True,False
2026-09-11T01:39:17+00:00,2026-09-11,cohort,46621219|same|0|0|1|0|0|0|all|0,46621219,Remembrance,Harry Potter - J. K. Rowling,Harry Potter - J. K. Rowling,,same,0,0,1,0,0,0,all,0,462,2898,124,54,58,18263,14,Not Rated,Creator Chose Not To Use Archive Warnings,Gen,English,,22 Aug 2026,4.278812974465148,1.8633540372670807,2.001380262249828,46.774193548387096,67.89684060669113,29.56797897388162,31.75819963861359,True,False
2026-09-11T01:39:17+00:00,2026-09-11,cohort,89802786|same|0|0|1|0|0|0|all|0,89802786,Cousins,Harry Potter - J. K. Rowling,Harry Potter - J. K. Rowling,,same,0,0,1,0,0,0,all,0,462,3051,179,61,31,14259,14,Not Rated,No Archive Warnings Apply,F/M,English,,22 Aug 2026,5.8669288757784335,1.9993444772205833,1.0160603080957062,17.318435754189945,125.53474998246722,42.779998597377094,21.740655024896554,True,False
2026-09-11T01:39:17+00:00,2026-09-11,cohort,69549041|same|0|0|1|0|0|0|all|0,69549041,"Once More, With Feeling",Harry Potter - J. K. Rowling,Harry Potter - J. K. Rowling,,same,0,0,1,0,0,0,all,0,462,8145,273,94,107,55489,11,Mature,No Archive Warnings Apply,M/M,English,,22 Aug 2026,3.3517495395948433,1.1540822590546347,1.3136893799877225,39.1941391941392,49.19894033051595,16.940294472778387,19.28310115518391,True,False
2026-09-11T01:39:17+00:00,2026-09-11,cohort,91134161|same|0|0|1|0|0|0|all|0,91134161,Seven Sundays,Harry Potter - J. K. Rowling,Harry Potter - J. K. Rowling,,same,0,0,1,0,0,0,all,0,462,1036,120,6,4,850,1,Explicit,No Archive Warnings Apply,M/M,English,,22 Aug 2026,11.583011583011583,0.5791505791505791,0.3861003861003861,3.3333333333333335,1411.764705882353,70.58823529411765,47.05882352941176,True,False
2026-09-11T01:39:17+00:00,2026-09-11,cohort,85102246|same|0|0|1|0|0|0|all|0,85102246,Love in the Undercroft,Harry Potter - J. K. Rowling,Harry Potter - J. K. Rowling,,same,0,0,1,0,0,0,all,0,462,233,17,6,6,10143,3,Mature,No Archive Warnings Apply,F/M,English,,22 Aug 2026,7.296137339055794,2.575107296137339,2.575107296137339,35.294117647058826,16.76032731933353,5.915409642117716,5.915409642117716,True,False
2026-09-11T01:39:17+00:00,2026-09-11,cohort,72697641|same|0|0|1|0|0|0|all|0,72697641,(Keep Me) Swaying To The Band,Harry Potter - J. K. Rowling,Harry Potter: Hogwarts Mystery (Video Game),,same,0,0,1,0,0,0,all,0,462,433,30,0,22,23603,7,Not Rated,Creator Chose Not To Use Archive Warnings,F/F,English,,22 Aug 2026,6.928406466512701,0.0,5.080831408775981,73.33333333333333,12.710248697199509,0.0,9.320849044612974,True,False
2026-09-11T01:39:17+00:00,2026-09-11,cohort,87330671|same|0|0|1|0|0|0|all|0,87330671,The Silver Fortress - Year Two - An Emmeline Devereaux Story,Harry Potter - J. K. Rowling,Harry Potter - J. K. Rowling,,same,0,0,1,0,0,0,all,0,462,166,17,1,0,36953,36,General Audiences,No Archive Warnings Apply,F/M,English,,22 Aug 2026,10.240963855421686,0.6024096385542169,0.0,0.0,4.600438394717614,0.27061402321868316,0.0,True,False
2026-09-11T01:39:17+00:00,2026-09-11,cohort,90856411|same|0|0|1|0|0|0|all|0,90856411,Fleurs Captives,Harry Potter - J. K. Rowling,Harry Potter - J. K. Rowling,,same,0,0,1,0,0,0,all,0,462,672,42,4,18,5838,2,Mature,Creator Chose Not To Use Archive Warnings,M/M,English,,22 Aug 2026,6.25,0.5952380952380952,2.6785714285714284,42.857142857142854,71.94244604316548,6.851661527920521,30.832476875642342,True,False
2026-09-11T01:39:17+00:00,2026-09-11,cohort,66043441|same|0|0|1|0|0|0|all|0,66043441,a beautiful and broken mess,Harry Potter - J. K. Rowling,Harry Potter - J. K. Rowling,,same,0,0,1,0,0,0,all,0,462,326,9,2,5,4696,6,Not Rated,"Creator Chose Not To Use Archive Warnings, F/M, M/M",,English,,22 Aug 2026,2.7607361963190185,0.6134969325153374,1.5337423312883436,55.55555555555556,19.165247018739354,4.258943781942079,10.647359454855195,True,False
2026-09-11T01:39:17+00:00,2026-09-11,cohort,91133136|same|0|0|1|0|0|0|all|0,91133136,Three Months to Go,Harry Potter - J. K. Rowling,Harry Potter - J. K. Rowling,,same,0,0,1,0,0,0,all,0,462,55,14,1,8,517,1,Mature,No Archive Warnings Apply,F/M,English,,22 Aug 2026,25.454545454545453,1.8181818181818181,14.545454545454545,57.14285714285714,270.79303675048357,19.342359767891683,154.73887814313346,True,False
2026-09-11T01:39:17+00:00,2026-09-11,cohort,91132941|same|0|0|1|0|0|0|all|0,91132941,what is left once the smoke has settled,Harry Potter - J. K. Rowling,Harry Potter - J. K. Rowling,,same,0,0,1,0,0,0,all,0,463,3068,98,13,15,4274,1,Explicit,Underage Sex,F/M,English,,22 Aug 2026,3.194263363754889,0.423728813559322,0.48891786179921776,15.306122448979592,229.29340196537203,30.416471689284045,35.095928872250816,True,False
2026-09-11T01:39:17+00:00,2026-09-11,cohort,80828651|same|0|0|1|0|0|0|all|0,80828651,The Scandalous Professor Riddle,Harry Potter - J. K. Rowling,Harry Potter - J. K. Rowling,,same,0,0,1,0,0,0,all,0,463,20921,496,88,160,14013,17,Mature,No Archive Warnings Apply,F/M,English,,22 Aug 2026,2.370823574398929,0.42062998900626164,0.764781798193203,32.25806451612903,353.9570398915293,62.798829658174554,114.17969028759009,True,False
2026-09-11T01:39:17+00:00,2026-09-11,cohort,91103771|same|0|0|1|0|0|0|all|0,91103771,A Letter Away,Harry Potter - J. K. Rowling,Harry Potter - J. K. Rowling,,same,0,0,1,0,0,0,all,0,463,411,10,1,1,83207,32,Explicit,"Creator Chose Not To Use Archive Warnings, No Archive Warnings Apply",F/M,English,,22 Aug 2026,2.4330900243309004,0.24330900243309003,0.24330900243309003,10.0,1.2018219620945354,0.12018219620945354,0.12018219620945354,True,False
2026-09-11T01:39:17+00:00,2026-09-11,cohort,78770461|same|0|0|1|0|0|0|all|0,78770461,"Sunshine, Starlight",Harry Potter - J. K. Rowling,Harry Potter - J. K. Rowling,,same,0,0,1,0,0,0,all,0,463,2875,83,18,84,49750,16,Teen And Up Audiences,Graphic Depictions Of Violence,M/M,English,,22 Aug 2026,2.88695652173913,0.6260869565217392,2.9217391304347826,101.20481927710843,16.683417085427134,3.6180904522613067,16.884422110552762,True,False
2026-09-11T01:39:17+00:00,2026-09-11,cohort,86791146|same|0|0|1|0|0|0|all|0,86791146,"Repeat, Repeat, Just Another Repeat",Harry Potter - J. K. Rowling,Harry Potter - J. K. Rowling,,same,0,0,1,0,0,0,all,0,463,136,6,1,2,2093,4,Teen And Up Audiences,"Creator Chose Not To Use Archive Warnings, Graphic Depictions Of Violence, Major Character Death",M/M,English,,22 Aug 2026,4.411764705882353,0.7352941176470588,1.4705882352941175,33.33333333333333,28.66698518872432,4.777830864787386,9.555661729574773,True,False
2026-09-11T01:39:17+00:00,2026-09-11,cohort,91131416|same|0|0|1|0|0|0|all|0,91131416,mane of a lion; skin of a snake,Harry Potter - J. K. Rowling,Harry Potter - J. K. Rowling,,same,0,0,1,0,0,0,all,0,463,489,37,9,11,2274,1,Teen And Up Audiences,"Creator Chose Not To Use Archive Warnings, M/M, Multi",,English,,22 Aug 2026,7.566462167689162,1.8404907975460123,2.2494887525562373,29.72972972972973,162.7088830255057,39.5778364116095,48.37291116974494,True,False
2026-09-11T01:39:17+00:00,2026-09-11,cohort,89005786|same|0|0|1|0|0|0|all|0,89005786,Let Down Your Hair,Harry Potter - J. K. Rowling,Harry Potter - J. K. Rowling,,same,0,0,1,0,0,0,all,0,463,294,34,7,18,6028,3,Explicit,No Archive Warnings Apply,F/M,English,,22 Aug 2026,11.564625850340136,2.380952380952381,6.122448979591836,52.94117647058824,56.4034505640345,11.61247511612475,29.860650298606505,True,False
2026-09-11T01:39:17+00:00,2026-09-11,cohort,87695681|same|0|0|1|0|0|0|all|0,87695681,Caution: Blue Skies Ahead,Harry Potter - J. K. Rowling,Harry Potter - J. K. Rowling,,same,0,0,1,0,0,0,all,0,463,796,23,9,29,32562,6,Not Rated,Creator Chose Not To Use Archive Warnings,M/M,English,,22 Aug 2026,2.8894472361809047,1.1306532663316584,3.6432160804020097,126.08695652173914,7.063448191143051,2.7639579878385847,8.906086849702106,True,False
2026-09-11T01:39:17+00:00,2026-09-11,cohort,91131186|same|0|0|1|0|0|0|all|0,91131186,A snake named Harry,Harry Potter - J. K. Rowling,Harry Potter - J. K. Rowling,,same,0,0,1,0,0,0,all,0,463,709,38,5,2,2548,2,General Audiences,Creator Chose Not To Use Archive Warnings,Other,English,,22 Aug 2026,5.359661495063469,0.7052186177715092,0.2820874471086037,5.263157894736842,149.13657770800629,19.623233908948194,7.849293563579279,True,False
2026-09-11T01:39:17+00:00,2026-09-11,cohort,91092491|same|0|0|1|0|0|0|all|0,91092491,I meant to send that to Lupin,Harry Potter - J. K. Rowling,Harry Potter - J. K. Rowling,,same,0,0,1,0,0,0,all,0,463,755,36,3,1,736,4,Explicit,No Archive Warnings Apply,M/M,English,,22 Aug 2026,4.768211920529802,0.3973509933774834,0.13245033112582782,2.7777777777777777,489.13043478260875,40.76086956521739,13.58695652173913,True,False
2026-09-11T01:39:17+00:00,2026-09-11,cohort,85990361|same|0|0|1|0|0|0|all|0,85990361,Decades,Harry Potter - J. K. Rowling,Harry Potter - J. K. Rowling,,same,0,0,1,0,0,0,all,0,463,292,19,3,2,3662,2,Not Rated,No Archive Warnings Apply,M/M,English,,22 Aug 2026,6.506849315068493,1.0273972602739725,0.684931506849315,10.526315789473683,51.88421627525942,8.19224467504096,5.461496450027307,True,False
2026-09-11T01:39:17+00:00,2026-09-11,cohort,87103346|same|0|0|1|0|0|0|all|0,87103346,I hear sweden’s lovely in june,Harry Potter - J. K. Rowling,Harry Potter - J. K. Rowling,,same,0,0,1,0,0,0,all,0,463,6093,308,100,294,59010,11,Mature,"Major Character Death, F/M, M/M",,English,,22 Aug 2026,5.0549811258821595,1.6412276382734285,4.8252092565238796,95.45454545454545,52.19454329774615,16.94628029147602,49.8220640569395,True,False
2026-09-11T01:39:17+00:00,2026-09-11,cohort,91129476|same|0|0|1|0|0|0|all|0,91129476,Was it love or wishful thinking?,Harry Potter - J. K. Rowling,Harry Potter - J. K. Rowling,,same,0,0,1,0,0,0,all,0,463,53,1,0,1,2189,1,General Audiences,"Major Character Death, F/F, F/M, M/M",,English,,22 Aug 2026,1.8867924528301887,0.0,1.8867924528301887,100.0,4.568296025582458,0.0,4.568296025582458,True,False
2026-09-11T01:39:17+00:00,2026-09-11,cohort,85403346|same|0|0|1|0|0|0|all|0,85403346,By Order of the Ministry: A Union,Harry Potter - J. K. Rowling,Harry Potter - J. K. Rowling,,same,0,0,1,0,0,0,all,0,464,14000,348,181,179,62245,11,Explicit,"No Archive Warnings Apply, F/F, F/M, M/M",,English,,22 Aug 2026,2.4857142857142858,1.2928571428571427,1.2785714285714285,51.43678160919541,55.908105068680214,29.078640854687123,28.757329906016547,True,False
2026-09-11T01:39:17+00:00,2026-09-11,cohort,89796651|same|0|0|1|0|0|0|all|0,89796651,"Love, Bets and Other Remedies (Traducción al Español)",Harry Potter - J. K. Rowling,Harry Potter - J. K. Rowling,,same,0,0,1,0,0,0,all,0,464,342,3,1,0,44559,9,Explicit,No Archive Warnings Apply,F/M,Español,,22 Aug 2026,0.8771929824561403,0.29239766081871343,0.0,0.0,0.6732646603379788,0.22442155344599296,0.0,True,False
2026-09-11T01:39:17+00:00,2026-09-11,cohort,71549496|same|0|0|1|0|0|0|all|0,71549496,I Left My Fiancé at the Altar and All I Got Was This Lousy Malfoy,Harry Potter - J. K. Rowling,Harry Potter - J. K. Rowling,,same,0,0,1,0,0,0,all,0,464,12527,302,102,165,132864,19,Explicit,No Archive Warnings Apply,F/M,English,,22 Aug 2026,2.4107926877943644,0.8142412389239243,1.3171549453181128,54.63576158940398,22.730009633911365,7.6770231213872835,12.41871387283237,True,False
2026-09-11T01:39:17+00:00,2026-09-11,cohort,90881531|same|0|0|1|0|0|0|all|0,90881531,MISADDRESSED,Harry Potter - J. K. Rowling,Harry Potter - J. K. Rowling,,same,0,0,1,0,0,0,all,0,464,770,18,2,10,112754,41,Explicit,Creator Chose Not To Use Archive Warnings,F/M,Español,,22 Aug 2026,2.3376623376623376,0.2597402597402597,1.2987012987012987,55.55555555555556,1.596395693279174,0.17737729925324155,0.8868864962662079,True,False
2026-09-11T01:39:17+00:00,2026-09-11,cohort,88992421|same|0|0|1|0|0|0|all|0,88992421,The Mudblood and her Half-Blood Prince,Harry Potter - J. K. Rowling,Harry Potter - J. K. Rowling,,same,0,0,1,0,0,0,all,0,464,2187,108,21,26,14196,5,Explicit,Underage Sex,F/M,English,,22 Aug 2026,4.938271604938271,0.9602194787379973,1.188843164151806,24.074074074074073,76.0777683854607,14.792899408284024,18.315018315018314,True,False
2026-09-11T01:39:17+00:00,2026-09-11,cohort,91127341|same|0|0|1|0|0|0|all|0,91127341,Draco Malfoy's Sudden Memory Gain,Harry Potter - J. K. Rowling,Harry Potter - J. K. Rowling,,same,0,0,1,0,0,0,all,0,464,129,2,1,2,199,1,Teen And Up Audiences,Creator Chose Not To Use Archive Warnings,M/M,English,,22 Aug 2026,1.550387596899225,0.7751937984496124,1.550387596899225,100.0,100.50251256281408,50.25125628140704,100.50251256281408,True,False
2026-09-11T01:39:17+00:00,2026-09-11,cohort,89862831|same|0|0|1|0|0|0|all|0,89862831,Delicious Doom,Harry Potter - J. K. Rowling,Harry Potter - J. K. Rowling,,same,0,0,1,0,0,0,all,0,464,338,25,2,21,8635,2,Mature,Major Character Death,F/M,English,,22 Aug 2026,7.396449704142012,0.591715976331361,6.21301775147929,84.0,28.951939779965258,2.3161551823972206,24.319629415170816,True,False
2026-09-11T01:39:17+00:00,2026-09-11,cohort,47089510|same|0|0|1|0|0|0|all|0,47089510,Allies or Enemies,Harry Potter - J. K. Rowling,Harry Potter - J. K. Rowling,,same,0,0,1,0,0,0,all,0,464,9423,267,64,152,97077,18,Teen And Up Audiences,"Creator Chose Not To Use Archive Warnings, M/M, Multi",,English,,22 Aug 2026,2.833492518306272,0.6791892178711663,1.61307439244402,56.92883895131086,27.503940171204302,6.592704760138859,15.657673805329791,True,False
2026-09-11T01:39:17+00:00,2026-09-11,cohort,78520886|same|0|0|1|0|0|0|all|0,78520886,Forbidden temptations,Harry Potter - J. K. Rowling,Harry Potter - J. K. Rowling,,same,0,0,1,0,0,0,all,0,464,38510,467,134,250,303093,31,Explicit,"Graphic Depictions Of Violence, Rape/Non-Con",F/M,English,,22 Aug 2026,1.21267203323812,0.347961568423786,0.6491820306413918,53.53319057815846,15.407812123671611,4.421085277456094,8.24829342808973,True,False
2026-09-11T01:39:17+00:00,2026-09-11,cohort,91099111|same|0|0|1|0|0|0|all|0,91099111,Midnight Ride,Harry Potter - J. K. Rowling,Harry Potter - J. K. Rowling,,same,0,0,1,0,0,0,all,0,464,58,5,0,2,3345,1,Not Rated,No Archive Warnings Apply,M/M,English,,22 Aug 2026,8.620689655172415,0.0,3.4482758620689653,40.0,14.947683109118087,0.0,5.979073243647235,True,False
2026-09-11T01:39:17+00:00,2026-09-11,cohort,83924346|same|0|0|1|0|0|0|all|0,83924346,The Serpent and The Saint,Harry Potter - J. K. Rowling,Harry Potter - J. K. Rowling,,same,0,0,1,0,0,0,all,0,464,824,17,9,10,56166,10,Explicit,"Creator Chose Not To Use Archive Warnings, Graphic Depictions Of Violence, F/M, M/M",,English,,22 Aug 2026,2.063106796116505,1.0922330097087378,1.2135922330097086,58.82352941176471,3.02674215717694,1.6023929067407328,1.7804365630452588,True,False
2026-09-11T01:39:17+00:00,2026-09-11,cohort,90914191|same|0|0|1|0|0|0|all|0,90914191,Я хочу жить...,Harry Potter - J. K. Rowling,Harry Potter - J. K. Rowling,,same,0,0,1,0,0,0,all,0,464,54,4,0,0,11054,6,Mature,Graphic Depictions Of Violence,M/M,Русский,,22 Aug 2026,7.4074074074074066,0.0,0.0,0.0,3.6185996019540436,0.0,0.0,True,False
2026-09-11T01:39:17+00:00,2026-09-11,cohort,89508386|same|0|0|1|0|0|0|all|0,89508386,"Tag, You’re It",Harry Potter - J. K. Rowling,Harry Potter - J. K. Rowling,,same,0,0,1,0,0,0,all,0,464,1575,32,4,1,4430,6,Not Rated,"Creator Chose Not To Use Archive Warnings, Rape/Non-Con, Underage Sex",F/M,English,,22 Aug 2026,2.0317460317460316,0.25396825396825395,0.06349206349206349,3.125,72.23476297968396,9.029345372460496,2.257336343115124,True,False
2026-09-11T01:39:17+00:00,2026-09-11,cohort,90235076|same|0|0|1|0|0|0|all|0,90235076,If I’m Going to Lose You,Harry Potter - J. K. Rowling,Harry Potter - J. K. Rowling,,same,0,0,1,0,0,0,all,0,464,196,12,1,2,1049,1,Explicit,"Graphic Depictions Of Violence, Major Character Death, Underage Sex",F/M,English,,22 Aug 2026,6.122448979591836,0.5102040816326531,1.0204081632653061,16.666666666666664,114.39466158245948,9.532888465204957,19.065776930409914,True,False
2026-09-11T01:39:17+00:00,2026-09-11,cohort,91124816|same|0|0|1|0|0|0|all|0,91124816,Discovering Doralee,Harry Potter - J. K. Rowling,Harry Potter - J. K. Rowling,,same,0,0,1,0,0,0,all,0,464,107,5,0,1,15700,5,General Audiences,Graphic Depictions Of Violence,F/M,English,,22 Aug 2026,4.672897196261682,0.0,0.9345794392523363,20.0,3.184713375796178,0.0,0.6369426751592356,True,False
2026-09-11T01:39:17+00:00,2026-09-11,cohort,89197941|same|0|0|1|0|0|0|all|0,89197941,Freed from the cage,Harry Potter - J. K. Rowling,Harry Potter - J. K. Rowling,,same,0,0,1,0,0,0,all,0,464,580,33,3,4,9184,6,Teen And Up Audiences,"Creator Chose Not To Use Archive Warnings, M/M, Multi",,English,,22 Aug 2026,5.689655172413794,0.5172413793103449,0.6896551724137931,12.121212121212121,35.93205574912892,3.266550522648084,4.355400696864112,True,False
2026-09-11T01:39:17+00:00,2026-09-11,cohort,91125071|same|0|0|1|0|0|0|all|0,91125071,Screens Between Us,Harry Potter - J. K. Rowling,Harry Potter - J. K. Rowling,,same,0,0,1,0,0,0,all,0,465,1953,129,29,14,15955,1,Explicit,No Archive Warnings Apply,M/M,English,,22 Aug 2026,6.605222734254992,1.4848950332821302,0.7168458781362007,10.852713178294573,80.85239736759637,18.176120338451895,8.774678784080226,True,False
2026-09-11T01:39:17+00:00,2026-09-11,cohort,49384348|same|0|0|1|0|0|0|all|0,49384348,Зламати систему,Harry Potter - J. K. Rowling,Harry Potter - J. K. Rowling,,same,0,0,1,0,0,0,all,0,465,99,3,1,3,139585,78,Explicit,"No Archive Warnings Apply, Creator Chose Not To Use Archive Warnings, F/M, Multi, Gen",,Українська,,22 Aug 2026,3.0303030303030303,1.0101010101010102,3.0303030303030303,100.0,0.21492280689185803,0.07164093563061934,0.21492280689185803,True,False
2026-09-11T01:39:17+00:00,2026-09-11,cohort,91122951|same|0|0|1|0|0|0|all|0,91122951,Tipsy Confessions,Harry Potter - J. K. Rowling,Harry Potter - J. K. Rowling,,same,0,0,1,0,0,0,all,0,465,2829,244,45,38,17537,1,Explicit,No Archive Warnings Apply,M/M,English,,22 Aug 2026,8.62495581477554,1.5906680805938493,1.343230823612584,15.573770491803279,139.13440155100645,25.66003307293152,21.668472372697725,True,False
2026-09-11T01:39:17+00:00,2026-09-11,cohort,91123391|same|0|0|1|0|0|0|all|0,91123391,【哈德pwp】仇恨性爱,Harry Potter - J. K. Rowling,Harry Potter - J. K. Rowling,,same,0,0,1,0,0,0,all,0,465,528,16,2,2,1894,1,Mature,"No Archive Warnings Apply, Rape/Non-Con, Underage Sex",M/M,中文-普通话 國語,,22 Aug 2026,3.0303030303030303,0.3787878787878788,0.3787878787878788,12.5,84.47729672650475,10.559662090813093,10.559662090813093,True,False
2026-09-11T01:39:17+00:00,2026-09-11,cohort,91087951|same|0|0|1|0|0|0|all|0,91087951,Beneath these sheets,Harry Potter - J. K. Rowling,Harry Potter - J. K. Rowling,,same,0,0,1,0,0,0,all,0,465,436,12,4,2,1492,1,Teen And Up Audiences,"Creator Chose Not To Use Archive Warnings, No Archive Warnings Apply",F/M,English,,22 Aug 2026,2.7522935779816518,0.9174311926605505,0.45871559633027525,16.666666666666664,80.4289544235925,26.80965147453083,13.404825737265416,True,False
2026-09-11T01:39:17+00:00,2026-09-11,cohort,91121876|same|0|0|1|0|0|0|all|0,91121876,"Hogwarts, Again",Harry Potter - J. K. Rowling,Harry Potter - J. K. Rowling,,same,0,0,1,0,0,0,all,0,465,132,16,0,3,8929,6,Explicit,Creator Chose Not To Use Archive Warnings,M/M,English,,22 Aug 2026,12.121212121212121,0.0,2.272727272727273,18.75,17.919139881285698,0.0,3.359838727741068,True,False
2026-09-11T01:39:17+00:00,2026-09-11,cohort,70792166|same|0|0|1|0|0|0|all|0,70792166,No Stake Deep Enough,Harry Potter - J. K. Rowling,Harry Potter - J. K. Rowling,,same,0,0,1,0,0,0,all,0,465,404,18,6,8,22728,5,Mature,Creator Chose Not To Use Archive Warnings,M/M,English,,22 Aug 2026,4.455445544554455,1.4851485148514851,1.9801980198019802,44.44444444444444,7.919746568109821,2.6399155227032733,3.5198873636043646,True,False
2026-09-11T01:39:17+00:00,2026-09-11,cohort,89787916|same|0|0|1|0|0|0|all|0,89787916,The Things We Carry,Harry Potter - J. K. Rowling,Harry Potter - J. K. Rowling,,same,0,0,1,0,0,0,all,0,465,105,38,1,2,6910,7,Not Rated,Creator Chose Not To Use Archive Warnings,Gen,English,,22 Aug 2026,36.19047619047619,0.9523809523809524,1.9047619047619049,5.263157894736842,54.99276410998553,1.447178002894356,2.894356005788712,True,False
2026-09-11T01:39:17+00:00,2026-09-11,cohort,91122846|same|0|0|1|0|0|0|all|0,91122846,Enough is enough,Harry Potter - J. K. Rowling,Harry Potter - J. K. Rowling,,same,0,0,1,0,0,0,all,0,465,121,2,0,1,360,1,Not Rated,"Creator Chose Not To Use Archive Warnings, Gen, M/M",,English,,22 Aug 2026,1.6528925619834711,0.0,0.8264462809917356,50.0,55.55555555555556,0.0,27.77777777777778,True,False
2026-09-11T01:39:17+00:00,2026-09-11,cohort,91122326|same|0|0|1|0|0|0|all|0,91122326,Never Enough,Harry Potter - J. K. Rowling,Harry Potter - J. K. Rowling,,same,0,0,1,0,0,0,all,0,465,188,19,0,6,4064,1,General Audiences,Creator Chose Not To Use Archive Warnings,F/M,English,,22 Aug 2026,10.106382978723403,0.0,3.1914893617021276,31.57894736842105,46.751968503937015,0.0,14.763779527559056,True,False
2026-09-11T01:39:17+00:00,2026-09-11,cohort,91121941|same|0|0|1|0|0|0|all|0,91121941,Go Stag,Harry Potter - J. K. Rowling,Harry Potter - J. K. Rowling,,same,0,0,1,0,0,0,all,0,465,144,6,0,0,2644,1,Not Rated,Creator Chose Not To Use Archive Warnings,F/M,English,,22 Aug 2026,4.166666666666666,0.0,0.0,0.0,22.692889561270803,0.0,0.0,True,False
2026-09-11T01:39:17+00:00,2026-09-11,cohort,81276841|same|0|0|1|0|0|0|all|0,81276841,Amarras de Sangue.,Harry Potter - J. K. Rowling,Harry Potter - J. K. Rowling,,same,0,0,1,0,0,0,all,0,465,1967,118,15,56,47113,4,Explicit,Graphic Depictions Of Violence,M/M,Português brasileiro,,22 Aug 2026,5.9989832231825115,0.762582613116421,2.8469750889679712,47.45762711864407,25.04616560185087,3.1838346104047717,11.88631587884448,True,False
2026-09-11T01:39:17+00:00,2026-09-11,cohort,71199261|same|0|0|1|0|0|0|all|0,71199261,Evergoing Nonchalance,Harry Potter - J. K. Rowling,Harry Potter - J. K. Rowling,,same,0,0,1,0,0,0,all,0,465,9147,140,43,28,160765,28,Explicit,"Creator Chose Not To Use Archive Warnings, F/M, M/M, Gen",,English,,22 Aug 2026,1.5305564666010714,0.47009948617032904,0.30611129332021425,20.0,8.708363138742886,2.674711535471029,1.741672627748577,True,False
2026-09-11T01:39:17+00:00,2026-09-11,cohort,56211151|same|0|0|1|0|0|0|all|0,56211151,Everything's Fine,Harry Potter - J. K. Rowling,Harry Potter - J. K. Rowling,,same,0,0,1,0,0,0,all,0,465,31757,846,95,212,134089,27,Not Rated,Creator Chose Not To Use Archive Warnings,M/M,English,,22 Aug 2026,2.6639795950499106,0.2991466448342098,0.6675693547879208,25.059101654846334,63.09242368874405,7.084846631714757,15.81039458866872,True,False
2026-09-11T01:39:17+00:00,2026-09-11,cohort,88129756|same|0|0|1|0|0|0|all|0,88129756,Adrift in beadless Wonder,Harry Potter - J. K. Rowling,Harry Potter - J. K. Rowling,,same,0,0,1,0,0,0,all,0,466,285,26,2,14,5032,3,Not Rated,"Creator Chose Not To Use Archive Warnings, F/F, M/M, Multi",,English,,22 Aug 2026,9.12280701754386,0.7017543859649122,4.912280701754386,53.84615384615385,51.669316375198726,3.9745627980922102,27.821939586645467,True,False
2026-09-11T01:39:17+00:00,2026-09-11,cohort,17339054|same|0|0|1|0|0|0|all|0,17339054,Reborn,Harry Potter - J. K. Rowling,Harry Potter - Fandom,,same,0,0,1,0,0,0,all,0,466,122266,1890,765,649,260786,60,Mature,"Creator Chose Not To Use Archive Warnings, Graphic Depictions Of Violence, Major Character Death, F/F, F/M, M/M",,English,,22 Aug 2026,1.545809955343268,0.625684981924656,0.5308098735543814,34.33862433862434,72.47321558672628,29.334396785103493,24.88630524644728,True,False
2026-09-11T01:39:17+00:00,2026-09-11,cohort,88567886|same|0|0|1|0|0|0|all|0,88567886,Worth The Extra Credit,Harry Potter - J. K. Rowling,Harry Potter - J. K. Rowling,,same,0,0,1,0,0,0,all,0,466,568,44,9,30,24651,4,General Audiences,No Archive Warnings Apply,Gen,English,,22 Aug 2026,7.746478873239436,1.584507042253521,5.28169014084507,68.18181818181817,17.8491744756805,3.6509675063891933,12.169891687963977,True,False
2026-09-11T01:39:17+00:00,2026-09-11,cohort,91120231|same|0|0|1|0|0|0|all|0,91120231,You Reap What You Sow,Harry Potter - J. K. Rowling,Harry Potter - J. K. Rowling,,same,0,0,1,0,0,0,all,0,466,2074,120,10,6,2331,1,Explicit,Creator Chose Not To Use Archive Warnings,M/M,English,,22 Aug 2026,5.785920925747348,0.4821600771456124,0.28929604628736744,5.0,514.8005148005147,42.9000429000429,25.74002574002574,True,False
2026-09-11T01:39:17+00:00,2026-09-11,cohort,1917999|same|0|0|1|0|0|0|all|0,1917999,Second Lives,Harry Potter - J. K. Rowling,Harry Potter - J. K. Rowling,,same,0,0,1,0,0,0,all,0,466,3315,104,14,26,50370,13,Not Rated,Creator Chose Not To Use Archive Warnings,F/M,English,,22 Aug 2026,3.1372549019607843,0.42232277526395173,0.7843137254901961,25.0,20.647210641254716,2.779432201707366,5.161802660313679,True,False
2026-09-11T01:39:17+00:00,2026-09-11,cohort,91119056|same|0|0|1|0|0|0|all|0,91119056,love's a winning game (when i'm with you),Harry Potter - J. K. Rowling,Harry Potter - J. K. Rowling,,same,0,0,1,0,0,0,all,0,466,382,36,5,3,4077,1,Explicit,Underage Sex,M/M,English,,22 Aug 2026,9.424083769633508,1.3089005235602094,0.7853403141361256,8.333333333333332,88.30022075055187,12.263919548687761,7.358351729212656,True,False
2026-09-11T01:39:17+00:00,2026-09-11,cohort,91119276|same|0|0|1|0|0|0|all|0,91119276,Leading Her,Harry Potter - J. K. Rowling,Harry Potter - J. K. Rowling,,same,0,0,1,0,0,0,all,0,466,189,14,0,4,50,1,Teen And Up Audiences,No Archive Warnings Apply,F/M,English,,22 Aug 2026,7.4074074074074066,0.0,2.1164021164021163,28.57142857142857,2800.0000000000005,0.0,800.0,True,False
2026-09-11T01:39:17+00:00,2026-09-11,cohort,91119096|same|0|0|1|0|0|0|all|0,91119096,I Need The SunShine,Harry Potter - J. K. Rowling,Harry Potter - J. K. Rowling,,same,0,0,1,0,0,0,all,0,466,76,8,1,0,2232,1,Mature,"Graphic Depictions Of Violence, Underage Sex, F/F, F/M, M/M, Multi, Other",,English,,22 Aug 2026,10.526315789473683,1.3157894736842104,0.0,0.0,35.842293906810035,4.480286738351254,0.0,True,False
2026-09-11T01:39:17+00:00,2026-09-11,cohort,91118661|same|0|0|1|0|0|0|all|0,91118661,Get out of my dreams,Harry Potter - J. K. Rowling,Harry Potter - J. K. Rowling,,same,0,0,1,0,0,0,all,0,466,1050,106,11,16,6594,1,Not Rated,Creator Chose Not To Use Archive Warnings,M/M,English,,22 Aug 2026,10.095238095238095,1.0476190476190477,1.5238095238095237,15.09433962264151,160.75219896875947,16.681831968456173,24.26448286320898,True,False
2026-09-11T01:39:17+00:00,2026-09-11,cohort,90196956|same|0|0|1|0|0|0|all|0,90196956,in the nick of time,Harry Potter - J. K. Rowling,Harry Potter - J. K. Rowling,,same,0,0,1,0,0,0,all,0,466,321,60,3,20,2131,1,Teen And Up Audiences,"Creator Chose Not To Use Archive Warnings, F/M, M/M, Multi",,English,,22 Aug 2026,18.69158878504673,0.9345794392523363,6.230529595015576,33.33333333333333,281.55795401220087,14.077897700610043,93.85265133740027,True,False
2026-09-11T01:39:17+00:00,2026-09-11,cohort,91118071|same|0|0|1|0|0|0|all|0,91118071,Missing Vinyl.,Harry Potter - J. K. Rowling,Harry Potter - J. K. Rowling,,same,0,0,1,0,0,0,all,0,466,212,18,0,2,858,1,Mature,Creator Chose Not To Use Archive Warnings,M/M,English,,22 Aug 2026,8.49056603773585,0.0,0.9433962264150944,11.11111111111111,209.7902097902098,0.0,23.31002331002331,True,False
2026-09-11T01:39:17+00:00,2026-09-11,cohort,91115761|same|0|0|1|0|0|0|all|0,91115761,Bless the telephone,Harry Potter - J. K. Rowling,Harry Potter - J. K. Rowling,,same,0,0,1,0,0,0,all,0,466,66,13,1,1,1645,1,Explicit,Creator Chose Not To Use Archive Warnings,M/M,English,,22 Aug 2026,19.696969696969695,1.5151515151515151,1.5151515151515151,7.6923076923076925,79.0273556231003,6.079027355623101,6.079027355623101,True,False
2026-09-11T01:39:17+00:00,2026-09-11,cohort,88671046|same|0|0|1|0|0|0|all|0,88671046,Naprzeciwko - Sezon 1 - Dramione,Harry Potter - J. K. Rowling,Harry Potter - J. K. Rowling,,same,0,0,1,0,0,0,all,0,466,501,11,0,1,62516,21,Mature,Creator Chose Not To Use Archive Warnings,F/M,Polski,,22 Aug 2026,2.19560878243513,0.0,0.19960079840319359,9.090909090909092,1.7595495553138398,0.0,0.15995905048307635,True,False
2026-09-11T01:39:17+00:00,2026-09-11,cohort,84791656|same|0|0|1|0|0|0|all|0,84791656,The Boy They Buried,Harry Potter - J. K. Rowling,Harry Potter - J. K. Rowling,,same,0,0,1,0,0,0,all,0,466,1690,48,14,11,43934,8,Not Rated,"Creator Chose Not To Use Archive Warnings, Graphic Depictions Of Violence",F/M,English,,22 Aug 2026,2.8402366863905324,0.8284023668639053,0.650887573964497,22.916666666666664,10.925479127782582,3.1865980789365866,2.503755633450175,True,False
2026-09-11T01:39:17+00:00,2026-09-11,cohort,83072446|same|0|0|1|0|0|0|all|0,83072446,{podfic} What He Grows To Be,Harry Potter - J. K. Rowling,Harry Potter - J. K. Rowling,,same,0,0,1,0,0,0,all,0,466,465,12,3,0,24,3,Mature,Graphic Depictions Of Violence,M/M,English,,22 Aug 2026,2.5806451612903225,0.6451612903225806,0.0,0.0,5000.0,1250.0,0.0,True,False
2026-09-11T01:39:17+00:00,2026-09-11,cohort,76888786|same|0|0|1|0|0|0|all|0,76888786,Of Blood and Choosing,Harry Potter - J. K. Rowling,Harry Potter - J. K. Rowling,,same,0,0,1,0,0,0,all,0,466,1523,27,18,20,39347,11,Mature,Graphic Depictions Of Violence,F/M,English,,22 Aug 2026,1.772816808929744,1.1818778726198294,1.3131976362442548,74.07407407407408,6.862022517599817,4.574681678399878,5.082979642666531,True,False
2026-09-11T01:39:17+00:00,2026-09-11,cohort,91117446|same|0|0|1|0|0|0|all|0,91117446,A Bite of Love,Harry Potter - J. K. Rowling,Harry Potter - J. K. Rowling,,same,0,0,1,0,0,0,all,0,467,234,26,3,0,9084,1,Teen And Up Audiences,No Archive Warnings Apply,F/M,English,,22 Aug 2026,11.11111111111111,1.282051282051282,0.0,0.0,28.621752531924265,3.3025099075297226,0.0,True,False
2026-09-11T01:39:17+00:00,2026-09-11,cohort,54806968|same|0|0|1|0|0|0|all|0,54806968,Only In the Material Plane (Do You Not Exist?),Harry Potter - J. K. Rowling,Harry Potter - J. K. Rowling,,same,0,0,1,0,0,0,all,0,467,15646,530,156,156,78668,21,Explicit,"Graphic Depictions Of Violence, M/M, F/M, F/F",,English,,22 Aug 2026,3.3874472708679533,0.9970599514252844,0.9970599514252844,29.433962264150942,67.37173946204301,19.830172369959833,19.830172369959833,True,False
2026-09-11T01:39:17+00:00,2026-09-11,cohort,91117151|same|0|0|1|0|0|0|all|0,91117151,Nobody Will Notice,Harry Potter - J. K. Rowling,Harry Potter - J. K. Rowling,,same,0,0,1,0,0,0,all,0,467,364,45,6,3,1530,1,Mature,Creator Chose Not To Use Archive Warnings,F/M,English,,22 Aug 2026,12.362637362637363,1.6483516483516485,0.8241758241758242,6.666666666666667,294.11764705882354,39.21568627450981,19.607843137254903,True,False
2026-09-11T01:39:17+00:00,2026-09-11,cohort,72594521|same|0|0|1|0|0|0|all|0,72594521,【斯内普x你】泥沼。,Harry Potter - J. K. Rowling,Harry Potter - J. K. Rowling,,same,0,0,1,0,0,0,all,0,467,7774,265,25,100,71319,16,Explicit,Creator Chose Not To Use Archive Warnings,F/M,中文-普通话 國語,,22 Aug 2026,3.4087985593002315,0.32158476974530487,1.2863390789812195,37.735849056603776,37.156998836214754,3.505377248699505,14.02150899479802,True,False
2026-09-11T01:39:17+00:00,2026-09-11,cohort,40189095|same|0|0|1|0|0|0|all|0,40189095,New Romantics (a texting fic),Harry Potter - J. K. Rowling,Harry Potter - J. K. Rowling,,same,0,0,1,0,0,0,all,0,467,4982,287,24,67,11557,18,Teen And Up Audiences,"No Archive Warnings Apply, F/F, F/M, M/M",,English,,22 Aug 2026,5.760738659173023,0.4817342432757929,1.3448414291449218,23.34494773519164,248.3343428225318,20.766634939863287,57.973522540451675,True,False
2026-09-11T01:39:17+00:00,2026-09-11,cohort,66592354|same|0|0|1|0|0|0|all|0,66592354,help me die,Harry Potter - J. K. Rowling,Harry Potter - J. K. Rowling,,same,0,0,1,0,0,0,all,0,467,9224,199,103,171,146761,32,Mature,"Graphic Depictions Of Violence, Major Character Death",Gen,English,,22 Aug 2026,2.157415437987858,1.116652211621856,1.8538594969644404,85.92964824120602,13.55946061964691,7.018213285545888,11.651596813867444,True,False
2026-09-11T01:39:17+00:00,2026-09-11,cohort,91115156|same|0|0|1|0|0|0|all|0,91115156,The Persistence of Polyjuice,Harry Potter - J. K. Rowling,Harry Potter - J. K. Rowling,,same,0,0,1,0,0,0,all,0,467,1554,18,8,2,11554,1,Explicit,"Underage Sex, F/F, F/M, Multi, Other",,English,,22 Aug 2026,1.1583011583011582,0.5148005148005148,0.1287001287001287,11.11111111111111,15.579020252726329,6.924009001211701,1.7310022503029252,True,False
2026-09-11T01:39:17+00:00,2026-09-11,cohort,90726041|same|0|0|1|0|0|0|all|0,90726041,"i went to fight this war, without weapons",Harry Potter - J. K. Rowling,Harry Potter - J. K. Rowling,,same,0,0,1,0,0,0,all,0,467,180,10,2,1,8356,2,Teen And Up Audiences,Creator Chose Not To Use Archive Warnings,M/M,English,,22 Aug 2026,5.555555555555555,1.1111111111111112,0.5555555555555556,10.0,11.967448539971278,2.3934897079942554,1.1967448539971277,True,False
2026-09-11T01:39:17+00:00,2026-09-11,cohort,91116151|same|0|0|1|0|0|0|all|0,91116151,Forbidden Changes,Harry Potter - J. K. Rowling,Harry Potter - J. K. Rowling,,same,0,0,1,0,0,0,all,0,467,392,7,0,0,4509,1,Mature,Creator Chose Not To Use Archive Warnings,Other,English,,22 Aug 2026,1.7857142857142856,0.0,0.0,0.0,15.524506542470615,0.0,0.0,True,False
2026-09-11T01:39:17+00:00,2026-09-11,cohort,91116131|same|0|0|1|0|0|0|all|0,91116131,semel tantum vivitur; momento mori,Harry Potter - J. K. Rowling,Harry Potter - J. K. Rowling,,same,0,0,1,0,0,0,all,0,467,337,40,12,13,7857,1,Teen And Up Audiences,No Archive Warnings Apply,Gen,English,,22 Aug 2026,11.869436201780417,3.5608308605341246,3.857566765578635,32.5,50.910016545755376,15.273004963726613,16.545755377370497,True,False
2026-09-11T01:39:17+00:00,2026-09-11,cohort,83394956|same|0|0|1|0|0|0|all|0,83394956,Keeping you as Mine,Harry Potter - J. K. Rowling,Harry Potter - J. K. Rowling,,same,0,0,1,0,0,0,all,0,467,40717,644,210,943,189463,43,Explicit,"Graphic Depictions Of Violence, Major Character Death, F/M, Gen, Other",,English,,22 Aug 2026,1.5816489427020655,0.5157550900115432,2.315985951813739,146.42857142857142,33.9908055926487,11.083958345428924,49.77225104637844,True,False
2026-09-11T01:39:17+00:00,2026-09-11,cohort,60767425|same|0|0|1|0|0|0|all|0,60767425,Rose in Bloom,Harry Potter - J. K. Rowling,Harry Potter - J. K. Rowling,,same,0,0,1,0,0,0,all,0,467,5360,87,11,30,321330,60,Not Rated,"Creator Chose Not To Use Archive Warnings, F/M, M/M, F/F",,English,,22 Aug 2026,1.6231343283582091,0.2052238805970149,0.5597014925373134,34.48275862068966,2.7074969657361594,0.34232720256434196,0.9336196433572963,True,False
2026-09-11T01:39:17+00:00,2026-09-11,cohort,40318890|same|0|0|1|0|0|0|all|0,40318890,"Two Minds, One Wand",Harry Potter - J. K. Rowling,Harry Potter - J. K. Rowling,,same,0,0,1,0,0,0,all,0,467,855949,4635,1259,1268,578803,78,Explicit,"Graphic Depictions Of Violence, F/F, F/M, Multi",,English,,22 Aug 2026,0.5415042251349087,0.14708820268497305,0.14813966719979813,27.357065803667744,80.07905971461793,21.751787741252205,21.90728106108641,True,False
2026-09-11T01:39:17+00:00,2026-09-11,cohort,91109626|same|0|0|1|0|0|0|all|0,91109626,Escaping The Order of The Phoenix,Harry Potter - J. K. Rowling,Harry Potter - J. K. Rowling,,same,0,0,1,0,0,0,all,0,467,3920,557,134,152,25435,5,Teen And Up Audiences,No Archive Warnings Apply,F/M,English,,22 Aug 2026,14.209183673469388,3.4183673469387754,3.877551020408163,27.289048473967686,218.98958128563004,52.68331039905642,59.76017298997444,True,False
2026-09-11T01:39:17+00:00,2026-09-11,cohort,91114521|same|0|0|1|0|0|0|all|0,91114521,The V Place,Harry Potter - J. K. Rowling,Harry Potter - J. K. Rowling,,same,0,0,1,0,0,0,all,0,467,156,5,0,0,1569,1,Mature,No Archive Warnings Apply,M/M,English,,22 Aug 2026,3.205128205128205,0.0,0.0,0.0,31.867431485022305,0.0,0.0,True,False
2026-09-11T01:39:17+00:00,2026-09-11,cohort,11384235|same|0|0|1|0|0|0|all|0,11384235,Clumsy expression of love,Harry Potter - J. K. Rowling,Fantastic Beasts and Where to Find Them (Movies),,same,0,0,1,0,0,0,all,0,467,808,22,3,5,51484,9,Explicit,Graphic Depictions Of Violence,M/M,中文-普通话 國語,,22 Aug 2026,2.722772277227723,0.3712871287128713,0.6188118811881188,22.727272727272727,4.273172247688603,0.5827053065029912,0.9711755108383188,True,False
2026-09-11T01:39:17+00:00,2026-09-11,cohort,91113076|same|0|0|1|0|0|0|all|0,91113076,The Girl with the Phoenix Hair,Harry Potter - J. K. Rowling,Harry Potter - J. K. Rowling,,same,0,0,1,0,0,0,all,0,467,137,4,1,19,14367,10,Teen And Up Audiences,"No Archive Warnings Apply, F/F, F/M",,English,,22 Aug 2026,2.9197080291970803,0.7299270072992701,13.86861313868613,475.0,2.7841581401823623,0.6960395350455906,13.224751165866222,True,False
2026-09-11T01:39:17+00:00,2026-09-11,cohort,91108801|same|0|0|1|0|0|0|all|0,91108801,Square One,Harry Potter - J. K. Rowling,Harry Potter - J. K. Rowling,,same,0,0,1,0,0,0,all,0,467,604,52,11,5,4793,1,Not Rated,No Archive Warnings Apply,F/M,English,,22 Aug 2026,8.609271523178808,1.8211920529801324,0.8278145695364238,9.615384615384617,108.49155017734195,22.950135614437723,10.431879824744419,True,False
2026-09-11T01:39:17+00:00,2026-09-11,cohort,71862501|same|0|0|1|0|0|0|all|0,71862501,Stars that Bleed-,Harry Potter - J. K. Rowling,Harry Potter - J. K. Rowling,,same,0,0,1,0,0,0,all,0,468,8832,164,43,59,272076,57,Teen And Up Audiences,"Graphic Depictions Of Violence, Major Character Death",F/M,English,,22 Aug 2026,1.8568840579710144,0.4868659420289855,0.6680253623188406,35.97560975609756,6.027727546714888,1.5804407591996354,2.1685117393669415,True,False
2026-09-11T01:39:17+00:00,2026-09-11,cohort,67214506|same|0|0|1|0|0|0|all|0,67214506,德哈/Lucky Ones,Harry Potter - J. K. Rowling,Harry Potter - J. K. Rowling,,same,0,0,1,0,0,0,all,0,468,789,35,3,3,52253,7,General Audiences,Creator Chose Not To Use Archive Warnings,M/M,中文-普通话 國語,,22 Aug 2026,4.435994930291509,0.38022813688212925,0.38022813688212925,8.571428571428571,6.698180008803322,0.5741297150402848,0.5741297150402848,True,False
2026-09-11T01:39:17+00:00,2026-09-11,cohort,91113526|same|0|0|1|0|0|0|all|0,91113526,Flowers For Mrs Dursley,Harry Potter - J. K. Rowling,Harry Potter - J. K. Rowling,,same,0,0,1,0,0,0,all,0,468,137,63,1,11,983,1,General Audiences,No Archive Warnings Apply,Gen,English,,22 Aug 2026,45.98540145985402,0.7299270072992701,8.02919708029197,17.46031746031746,640.8952187182095,10.17293997965412,111.90233977619532,True,False
2026-09-11T01:39:17+00:00,2026-09-11,cohort,70183156|same|0|0|1|0|0|0|all|0,70183156,Stargazing,Harry Potter - J. K. Rowling,Harry Potter - J. K. Rowling,,same,0,0,1,0,0,0,all,0,468,11868,248,34,289,373150,105,Explicit,"Graphic Depictions Of Violence, Rape/Non-Con",F/M,English,,22 Aug 2026,2.0896528479946075,0.28648466464442196,2.4351196494775866,116.53225806451613,6.646120862923756,0.9111617312072894,7.744874715261959,True,False
2026-09-11T01:39:17+00:00,2026-09-11,cohort,90256786|same|0|0|1|0|0|0|all|0,90256786,The Language of Care,Harry Potter - J. K. Rowling,Harry Potter - J. K. Rowling,,same,0,0,1,0,0,0,all,0,468,1826,74,16,33,32101,7,Explicit,No Archive Warnings Apply,F/M,English,,22 Aug 2026,4.052573932092004,0.8762322015334063,1.8072289156626504,44.5945945945946,23.05224136319741,4.984268402853494,10.28005358088533,True,False
2026-09-11T01:39:17+00:00,2026-09-11,cohort,91112881|same|0|0|1|0|0|0|all|0,91112881,"Oh, Deer",Harry Potter - J. K. Rowling,Harry Potter - J. K. Rowling,,same,0,0,1,0,0,0,all,0,468,896,150,12,14,6262,1,General Audiences,No Archive Warnings Apply,M/M,English,,22 Aug 2026,16.741071428571427,1.3392857142857142,1.5625,9.333333333333334,239.54008304056214,19.16320664324497,22.35707441711913,True,False
2026-09-11T01:39:17+00:00,2026-09-11,cohort,91112616|same|0|0|1|0|0|0|all|0,91112616,out of my hair,Harry Potter - J. K. Rowling,Harry Potter - J. K. Rowling,,same,0,0,1,0,0,0,all,0,468,418,80,8,23,2673,1,Teen And Up Audiences,No Archive Warnings Apply,M/M,English,,22 Aug 2026,19.138755980861244,1.9138755980861244,5.502392344497608,28.749999999999996,299.28918817807704,29.928918817807705,86.04564160119716,True,False
2026-09-11T01:39:17+00:00,2026-09-11,cohort,91112436|same|0|0|1|0|0|0|all|0,91112436,left shoulder（2）,Harry Potter - J. K. Rowling,Harry Potter - J. K. Rowling,,same,0,0,1,0,0,0,all,0,468,141,6,0,0,1392,1,General Audiences,Creator Chose Not To Use Archive Warnings,M/M,English,,22 Aug 2026,4.25531914893617,0.0,0.0,0.0,43.10344827586207,0.0,0.0,True,False
2026-09-11T01:39:17+00:00,2026-09-11,cohort,91111296|same|0|0|1|0|0|0|all|0,91111296,moths to flames,Harry Potter - J. K. Rowling,Harry Potter - J. K. Rowling,,same,0,0,1,0,0,0,all,0,468,84,6,0,0,872,1,Mature,No Archive Warnings Apply,F/M,English,,22 Aug 2026,7.142857142857142,0.0,0.0,0.0,68.80733944954129,0.0,0.0,True,False
2026-09-11T01:39:17+00:00,2026-09-11,cohort,75595871|same|0|0|1|0|0|0|all|0,75595871,The boy who lived and the summer that broke him,Harry Potter - J. K. Rowling,Harry Potter - J. K. Rowling,,same,0,0,1,0,0,0,all,0,468,24289,1097,269,326,39549,26,Mature,Graphic Depictions Of Violence,M/M,English,,22 Aug 2026,4.516447774712833,1.1074972209642224,1.3421713532874964,29.717411121239746,277.37743052921695,68.01689043970771,82.42939138789856,True,False
2026-09-11T01:39:17+00:00,2026-09-11,cohort,91112201|same|0|0|1|0|0|0|all|0,91112201,Thirst trap,Harry Potter - J. K. Rowling,Harry Potter - J. K. Rowling,,same,0,0,1,0,0,0,all,0,468,742,41,3,2,2414,1,Explicit,No Archive Warnings Apply,Multi,English,,22 Aug 2026,5.525606469002695,0.40431266846361186,0.2695417789757413,4.878048780487805,169.84258492129246,12.427506213753107,8.285004142502071,True,False
2026-09-11T01:39:17+00:00,2026-09-11,cohort,81441081|same|0|0|1|0|0|0|all|0,81441081,Vestige,Harry Potter - J. K. Rowling,Harry Potter - J. K. Rowling,,same,0,0,1,0,0,0,all,0,468,5831,139,34,425,72626,11,Mature,Graphic Depictions Of Violence,F/M,English,,22 Aug 2026,2.3838106671239925,0.5830903790087464,7.288629737609329,305.75539568345323,19.139151268140886,4.681519015228706,58.51898769035882,True,False
2026-09-11T01:39:17+00:00,2026-09-11,cohort,87413241|same|0|0|1|0|0|0|all|0,87413241,The bond between us,Harry Potter - J. K. Rowling,Harry Potter - J. K. Rowling,,same,0,0,1,0,0,0,all,0,468,6080,136,50,65,46093,41,Explicit,Creator Chose Not To Use Archive Warnings,F/M,English,,22 Aug 2026,2.236842105263158,0.8223684210526315,1.069078947368421,47.794117647058826,29.5055648363092,10.84763413099603,14.101924370294839,True,False
2026-09-11T01:39:17+00:00,2026-09-11,cohort,72192046|same|0|0|1|0|0|0|all|0,72192046,From the Shadow Into the Light,Harry Potter - J. K. Rowling,Harry Potter - J. K. Rowling,,same,0,0,1,0,0,0,all,0,468,12421,440,133,340,69776,17,Mature,"Graphic Depictions Of Violence, Creator Chose Not To Use Archive Warnings",M/M,English,,22 Aug 2026,3.5423878914741165,1.070767249013767,2.7372997343209082,77.27272727272727,63.05893143774364,19.060995184590688,48.72735611098372,True,False
2026-09-11T01:39:17+00:00,2026-09-11,cohort,80809941|same|0|0|1|0|0|0|all|0,80809941,Middlegame,Harry Potter - J. K. Rowling,Harry Potter - J. K. Rowling,,same,0,0,1,0,0,0,all,0,468,2189,50,8,82,156260,68,Mature,Creator Chose Not To Use Archive Warnings,F/M,English,,22 Aug 2026,2.284148012791229,0.3654636820465966,3.746002740977615,164.0,3.1997952131063614,0.5119672340970178,5.247664149494432,True,False
2026-09-11T01:39:17+00:00,2026-09-11,cohort,61320232|same|0|0|1|0|0|0|all|0,61320232,Stolen Moments: Outtakes,Harry Potter - J. K. Rowling,Harry Potter - J. K. Rowling,,same,0,0,1,0,0,0,all,0,469,3122,34,3,36,130836,36,Explicit,Creator Chose Not To Use Archive Warnings,F/M,English,,22 Aug 2026,1.0890454836643177,0.09609224855861628,1.1531069827033953,105.88235294117648,2.598673148063224,0.22929468953499035,2.7515362744198844,True,False
2026-09-11T01:39:17+00:00,2026-09-11,cohort,91108711|same|0|0|1|0|0|0|all|0,91108711,Stealing Magic: A Darker Hogwarts Chapter 269,Harry Potter - J. K. Rowling,Harry Potter - J. K. Rowling,,same,0,0,1,0,0,0,all,0,469,727,6,1,0,8205,1,Mature,"Rape/Non-Con, Underage Sex",F/M,English,,22 Aug 2026,0.8253094910591471,0.1375515818431912,0.0,0.0,7.312614259597806,1.218769043266301,0.0,True,False
2026-09-11T01:39:17+00:00,2026-09-11,cohort,74750221|same|0|0|1|0|0|0|all|0,74750221,What About the Two of Us?,Harry Potter - J. K. Rowling,Harry Potter - J. K. Rowling,,same,0,0,1,0,0,0,all,0,469,4178,158,37,179,65407,17,Mature,No Archive Warnings Apply,Multi,English,,22 Aug 2026,3.7817137386309243,0.8855911919578746,4.284346577309718,113.29113924050634,24.156435855489473,5.656886877551333,27.367101380586178,True,False
2026-09-11T01:39:17+00:00,2026-09-11,cohort,80401121|same|0|0|1|0|0|0|all|0,80401121,Parallel Redemption,Harry Potter - J. K. Rowling,Harry Potter - J. K. Rowling,,same,0,0,1,0,0,0,all,0,469,679,13,3,8,87634,42,Not Rated,Creator Chose Not To Use Archive Warnings,F/M,English,,22 Aug 2026,1.914580265095729,0.4418262150220913,1.1782032400589102,61.53846153846154,1.4834424994865005,0.34233288449688476,0.9128876919916927,True,False
2026-09-11T01:39:17+00:00,2026-09-11,cohort,89629436|same|0|0|1|0|0|0|all|0,89629436,💀For the Greater Good💀,Harry Potter - J. K. Rowling,Harry Potter - J. K. Rowling,,same,0,0,1,0,0,0,all,0,469,94,2,0,0,4820,1,Teen And Up Audiences,Rape/Non-Con,Gen,English,,22 Aug 2026,2.127659574468085,0.0,0.0,0.0,4.149377593360995,0.0,0.0,True,False
2026-09-11T01:39:17+00:00,2026-09-11,cohort,85402266|same|0|0|1|0|0|0|all|0,85402266,Warden of the Night Road,Harry Potter - J. K. Rowling,Harry Potter - J. K. Rowling,,same,0,0,1,0,0,0,all,0,469,167,23,3,28,6000,1,Mature,No Archive Warnings Apply,F/M,English,,22 Aug 2026,13.77245508982036,1.7964071856287425,16.766467065868262,121.73913043478262,38.33333333333333,5.0,46.66666666666667,True,False
2026-09-11T01:39:17+00:00,2026-09-11,cohort,90722641|same|0|0|1|0|0|0|all|0,90722641,{podfic} Genius is one percent inspiration and ninty-nine percent perspiration by LovelyMasks,Harry Potter - J. K. Rowling,Harry Potter - J. K. Rowling,,same,0,0,1,0,0,0,all,0,469,253,7,1,1,16,1,Explicit,No Archive Warnings Apply,M/M,English,,22 Aug 2026,2.766798418972332,0.3952569169960474,0.3952569169960474,14.285714285714285,4375.0,625.0,625.0,True,False
2026-09-11T01:39:17+00:00,2026-09-11,cohort,64663306|same|0|0|1|0|0|0|all|0,64663306,Light My Fire,Harry Potter - J. K. Rowling,Harry Potter - J. K. Rowling,,same,0,0,1,0,0,0,all,0,469,164,4,1,13,5210,4,Teen And Up Audiences,No Archive Warnings Apply,F/M,English,,22 Aug 2026,2.4390243902439024,0.6097560975609756,7.926829268292683,325.0,7.677543186180422,1.9193857965451055,24.952015355086374,True,False
2026-09-11T01:39:17+00:00,2026-09-11,cohort,71419186|same|0|0|1|0|0|0|all|0,71419186,Consecrated Unto Me,Harry Potter - J. K. Rowling,Harry Potter - J. K. Rowling,,same,0,0,1,0,0,0,all,0,469,53079,1897,641,1004,52051,15,Explicit,Creator Chose Not To Use Archive Warnings,M/M,English,,22 Aug 2026,3.5739181220444998,1.207633904180561,1.8915201868912375,52.925672113863996,364.45025071564424,123.14845055810648,192.88774471191715,True,False
2026-09-11T01:39:17+00:00,2026-09-11,cohort,90316561|same|0|0|1|0|0|0|all|0,90316561,Play Pretend,Harry Potter - J. K. Rowling,Harry Potter - J. K. Rowling,,same,0,0,1,0,0,0,all,0,469,2604,151,28,20,19399,3,Explicit,No Archive Warnings Apply,F/M,English,,22 Aug 2026,5.798771121351766,1.0752688172043012,0.7680491551459293,13.245033112582782,77.83906386927161,14.43373369761328,10.309809784009484,True,False
2026-09-11T01:39:17+00:00,2026-09-11,cohort,88747631|same|0|0|1|0|0|0|all|0,88747631,Defying Fate | Draco Malfoy,Harry Potter - J. K. Rowling,Harry Potter - J. K. Rowling,,same,0,0,1,0,0,0,all,0,469,1302,80,7,6,20742,8,Mature,"Major Character Death, Underage Sex, Graphic Depictions Of Violence",F/M,English,,22 Aug 2026,6.1443932411674345,0.5376344086021506,0.4608294930875576,7.5,38.56908687686819,3.3747951017259665,2.8926815157651142,True,False
2026-09-11T01:39:17+00:00,2026-09-11,cohort,91060096|same|0|0|1|0|0|0|all|0,91060096,TƠ VÒ (TURMOIL),Harry Potter - J. K. Rowling,Harry Potter - J. K. Rowling,,same,0,0,1,0,0,0,all,0,469,158,6,1,9,80887,5,Explicit,Creator Chose Not To Use Archive Warnings,M/M,Tiếng Việt,,22 Aug 2026,3.79746835443038,0.6329113924050633,5.69620253164557,150.0,0.741775563440355,0.1236292605733925,1.1126633451605326,True,False
2026-09-11T01:39:17+00:00,2026-09-11,cohort,91043121|same|0|0|1|0|0|0|all|0,91043121,Checks and balances,Harry Potter - J. K. Rowling,Harry Potter - J. K. Rowling,,same,0,0,1,0,0,0,all,0,469,56,10,0,0,2441,1,Teen And Up Audiences,No Archive Warnings Apply,Gen,English,,22 Aug 2026,17.857142857142858,0.0,0.0,0.0,40.96681687832855,0.0,0.0,True,False
2026-09-11T01:39:17+00:00,2026-09-11,cohort,91027036|same|0|0|1|0|0|0|all|0,91027036,Paying a Debt,Harry Potter - J. K. Rowling,Harry Potter - J. K. Rowling,,same,0,0,1,0,0,0,all,0,470,58,6,1,2,524,1,General Audiences,No Archive Warnings Apply,Gen,English,,22 Aug 2026,10.344827586206897,1.7241379310344827,3.4482758620689653,33.33333333333333,114.50381679389314,19.083969465648853,38.167938931297705,True,False
2026-09-11T01:39:17+00:00,2026-09-11,cohort,90681291|same|0|0|1|0|0|0|all|0,90681291,Best Served Hot,Harry Potter - J. K. Rowling,Harry Potter - J. K. Rowling,,same,0,0,1,0,0,0,all,0,470,72,1,2,0,4061,2,Not Rated,No Archive Warnings Apply,F/M,English,,22 Aug 2026,1.3888888888888888,2.7777777777777777,0.0,0.0,2.4624476729869493,4.924895345973899,0.0,True,False
2026-09-11T01:39:17+00:00,2026-09-11,cohort,90315461|same|0|0|1|0|0|0|all|0,90315461,The Unfortunate Story Of Me Being In Love With Draco Malfoy's Hands,Harry Potter - J. K. Rowling,Harry Potter - J. K. Rowling,,same,0,0,1,0,0,0,all,0,470,1054,23,6,0,12762,5,Explicit,Creator Chose Not To Use Archive Warnings,F/M,English,,22 Aug 2026,2.1821631878557874,0.5692599620493358,0.0,0.0,18.0222535652719,4.701457451810061,0.0,True,False
2026-09-11T01:39:17+00:00,2026-09-11,cohort,89770906|same|0|0|1|0|0|0|all|0,89770906,Rewriting the Stars,Harry Potter - J. K. Rowling,Harry Potter - J. K. Rowling,,same,0,0,1,0,0,0,all,0,470,3210,149,38,45,85869,20,Not Rated,Creator Chose Not To Use Archive Warnings,F/M,English,,22 Aug 2026,4.641744548286604,1.1838006230529596,1.4018691588785046,30.201342281879196,17.35201294995866,4.425345584553215,5.240540823813018,True,False
2026-09-11T01:39:17+00:00,2026-09-11,cohort,89752466|same|0|0|1|0|0|0|all|0,89752466,Don't That Explain Why We're Afraid of Love?,Harry Potter - J. K. Rowling,Harry Potter - J. K. Rowling,,same,0,0,1,0,0,0,all,0,470,72,4,2,4,6806,3,General Audiences,Major Character Death,M/M,English,,22 Aug 2026,5.555555555555555,2.7777777777777777,5.555555555555555,100.0,5.8771672054069946,2.9385836027034973,5.8771672054069946,True,False
2026-09-11T01:39:17+00:00,2026-09-11,cohort,88078636|same|0|0|1|0|0|0|all|0,88078636,W̸̫͖͖̬̤̩̜̙̰͈̔̈ă̷̯̬͔̦͎͎̭̈́̑̀k̵̘̗̙̪̑́͗̔̀̀̆̈́͗͂̚ë̵̥͚͖̟̱́̓́̎́̾̿̂͝ͅ ̶̝̠̳̪̓̔u̴̯̙̻̳͋̆͌̈́̾̎̌͝͝p̸̡̿̾̾̓̃̿̿͊̎͘.̶̪͉͈͍͍̬̻͂̓͜,Harry Potter - J. K. Rowling,Harry Potter - J. K. Rowling,,same,0,0,1,0,0,0,all,0,470,2382,140,27,293,9747,5,Explicit,Creator Chose Not To Use Archive Warnings,F/M,English,,22 Aug 2026,5.877413937867338,1.1335012594458438,12.300587741393787,209.2857142857143,143.63393864778908,27.700831024930746,300.60531445572997,True,False
2026-09-11T01:39:17+00:00,2026-09-11,cohort,86890761|same|0|0|1|0|0|0|all|0,86890761,Savior,Harry Potter - J. K. Rowling,Harry Potter - J. K. Rowling,,same,0,0,1,0,0,0,all,0,470,1616,58,23,44,35439,20,Explicit,No Archive Warnings Apply,F/M,English,,22 Aug 2026,3.5891089108910887,1.4232673267326734,2.722772277227723,75.86206896551724,16.36615028640763,6.49002511357544,12.415700217274752,True,False
2026-09-11T01:39:17+00:00,2026-09-11,cohort,86784391|same|0|0|1|0|0|0|all|0,86784391,stars that burn gold,Harry Potter - J. K. Rowling,Harry Potter - J. K. Rowling,,same,0,0,1,0,0,0,all,0,470,654,20,12,6,30329,10,Not Rated,"Creator Chose Not To Use Archive Warnings, F/F, F/M, M/M",,English,,22 Aug 2026,3.058103975535168,1.834862385321101,0.9174311926605505,30.0,6.594348643212767,3.95660918592766,1.97830459296383,True,False
2026-09-11T01:39:17+00:00,2026-09-11,cohort,85294306|same|0|0|1|0|0|0|all|0,85294306,His little star,Harry Potter - J. K. Rowling,Harry Potter - J. K. Rowling,,same,0,0,1,0,0,0,all,0,470,977,22,4,11,9218,2,Explicit,Creator Chose Not To Use Archive Warnings,F/M,English,,22 Aug 2026,2.2517911975435005,0.4094165813715456,1.1258955987717503,50.0,23.86634844868735,4.3393360815795186,11.933174224343675,True,False
2026-09-11T01:39:17+00:00,2026-09-11,cohort,80941571|same|0|0|1|0|0|0|all|0,80941571,Aaron Zabini,Harry Potter - J. K. Rowling,Harry Potter - J. K. Rowling,,same,0,0,1,0,0,0,all,0,470,6827,359,133,90,23193,7,Teen And Up Audiences,"Creator Chose Not To Use Archive Warnings, F/M, M/M",,English,,22 Aug 2026,5.2585322982276255,1.9481470631316828,1.3182950051267028,25.069637883008355,154.78808261113267,57.344888543957225,38.80481179666279,True,False
2026-09-11T01:39:17+00:00,2026-09-11,cohort,72915786|same|0|0|1|0|0|0|all|0,72915786,Harry Potter and the White Phoenix,Harry Potter - J. K. Rowling,Harry Potter - J. K. Rowling,,same,0,0,1,0,0,0,all,0,470,10283,465,183,203,42646,12,Mature,"Creator Chose Not To Use Archive Warnings, F/M, Gen, M/M",,English,,22 Aug 2026,4.522026645920451,1.779636292910629,1.9741320626276377,43.655913978494624,109.03718988885241,42.911410214322565,47.60118182244525,True,False
2026-09-11T01:39:17+00:00,2026-09-11,cohort,51951250|same|0|0|1|0|0|0|all|0,51951250,fervere,Harry Potter - J. K. Rowling,Harry Potter - J. K. Rowling,,same,0,0,1,0,0,0,all,0,470,24045,282,100,203,631471,76,Not Rated,"No Archive Warnings Apply, Underage Sex",F/M,English,,22 Aug 2026,1.172800998128509,0.4158868787689748,0.8442503639010189,71.98581560283688,4.465763273372807,1.5836039976499316,3.2147161152293613,True,False
2026-09-11T01:39:17+00:00,2026-09-11,cohort,80636196|same|0|0|1|0|0|0|all|0,80636196,La figlia di Grindelwald,Harry Potter - J. K. Rowling,Harry Potter - J. K. Rowling,,same,0,0,1,0,0,0,all,0,470,114,6,0,0,52313,13,General Audiences,"Creator Chose Not To Use Archive Warnings, F/M, Gen",,Italiano,,22 Aug 2026,5.263157894736842,0.0,0.0,0.0,1.1469424426050885,0.0,0.0,True,False
2026-09-11T01:39:17+00:00,2026-09-11,cohort,89794551|same|0|0|1|0|0|0|all|0,89794551,Harry does Canon and loves it!,Harry Potter - J. K. Rowling,Harry Potter - J. K. Rowling,,same,0,0,1,0,0,0,all,0,470,6472,107,35,22,87494,20,Mature,"Underage Sex, F/F, F/M, Multi",,English,,22 Aug 2026,1.65327564894932,0.5407911001236094,0.3399258343634116,20.5607476635514,12.229410016686858,4.000274304523739,2.5144581342720644,True,False
2026-09-11T01:39:17+00:00,2026-09-11,cohort,90584361|same|0|0|1|0|0|0|all|0,90584361,Just Percy,Harry Potter - J. K. Rowling,Harry Potter - J. K. Rowling,,same,0,0,1,0,0,0,all,0,470,86,16,1,2,675,1,General Audiences,No Archive Warnings Apply,Gen,English,,22 Aug 2026,18.6046511627907,1.1627906976744187,2.3255813953488373,12.5,237.03703703703704,14.814814814814815,29.62962962962963,True,False
2026-09-11T01:39:17+00:00,2026-09-11,cohort,65573533|same|0|0|1|0|0|0|all|0,65573533,The People of the Erised,Harry Potter - J. K. Rowling,Harry Potter - J. K. Rowling,,same,0,0,1,0,0,0,all,0,471,1837,31,21,12,14894,10,Not Rated,"Creator Chose Not To Use Archive Warnings, Graphic Depictions Of Violence, F/M, Other",,English,,22 Aug 2026,1.6875340228633642,1.1431682090364725,0.6532389765922699,38.70967741935484,20.813750503558477,14.099637437894454,8.056935678796831,True,False
2026-09-11T01:39:17+00:00,2026-09-11,cohort,91105151|same|0|0|1|0|0|0|all|0,91105151,That Impossible Boy,Harry Potter - J. K. Rowling,Harry Potter - J. K. Rowling,,same,0,0,1,0,0,0,all,0,471,269,69,7,9,3784,1,Mature,Major Character Death,Gen,English,,22 Aug 2026,25.650557620817843,2.6022304832713754,3.3457249070631967,13.043478260869565,182.34672304439744,18.498942917547566,23.78435517970402,True,False
2026-09-11T01:39:17+00:00,2026-09-11,cohort,48424096|same|0|0|1|0|0|0|all|0,48424096,Lost at Sea,Harry Potter - J. K. Rowling,Harry Potter - J. K. Rowling,,same,0,0,1,0,0,0,all,0,471,679,20,8,7,24356,6,Explicit,"No Archive Warnings Apply, F/M, M/M",,English,,22 Aug 2026,2.945508100147275,1.1782032400589102,1.0309278350515463,35.0,8.211528986697322,3.284611594678929,2.874035145344063,True,False
2026-09-11T01:39:17+00:00,2026-09-11,cohort,90771091|same|0|0|1|0|0|0|all|0,90771091,Spermort & Ovumarry,Harry Potter - J. K. Rowling,Harry Potter - J. K. Rowling,,same,0,0,1,0,0,0,all,0,471,2488,61,7,6,2812,1,Mature,No Archive Warnings Apply,M/M,English,,22 Aug 2026,2.451768488745981,0.28135048231511256,0.2411575562700965,9.836065573770492,216.92745376955904,24.893314366998577,21.337126600284495,True,False
2026-09-11T01:39:17+00:00,2026-09-11,cohort,91063691|same|0|0|1|0|0|0|all|0,91063691,Dorm 88,Harry Potter - J. K. Rowling,Harry Potter - J. K. Rowling,,same,0,0,1,0,0,0,all,0,471,71,4,0,0,2745,2,Explicit,Creator Chose Not To Use Archive Warnings,M/M,English,,22 Aug 2026,5.633802816901409,0.0,0.0,0.0,14.571948998178506,0.0,0.0,True,False
2026-09-11T01:39:17+00:00,2026-09-11,cohort,73940941|same|0|0|1|0|0|0|all|0,73940941,Dahlia Potter et la découverte de la magie,Harry Potter - J. K. Rowling,Harry Potter - J. K. Rowling,,same,0,0,1,0,0,0,all,0,471,1533,29,7,3,39568,20,Not Rated,"Creator Chose Not To Use Archive Warnings, F/M, Gen",,Français,,22 Aug 2026,1.8917155903457272,0.45662100456621,0.19569471624266144,10.344827586206897,7.3291548726243425,1.7691063485644964,0.75818843509907,True,False
2026-09-11T01:39:17+00:00,2026-09-11,cohort,91103941|same|0|0|1|0|0|0|all|0,91103941,The Vinewood Wand/Палочка из виноградной лозы,Harry Potter - J. K. Rowling,Harry Potter - J. K. Rowling,,same,0,0,1,0,0,0,all,0,471,722,21,1,1,209305,37,Explicit,Rape/Non-Con,F/M,Русский,,22 Aug 2026,2.9085872576177287,0.13850415512465375,0.13850415512465375,4.761904761904762,1.0033205131267768,0.04777716729175128,0.04777716729175128,True,False
2026-09-11T01:39:17+00:00,2026-09-11,cohort,90482861|same|0|0|1|0|0|0|all|0,90482861,Tell Me No Lies,Harry Potter - J. K. Rowling,Harry Potter - J. K. Rowling,,same,0,0,1,0,0,0,all,0,471,106,2,0,1,90321,26,Mature,Creator Chose Not To Use Archive Warnings,F/M,English,,22 Aug 2026,1.8867924528301887,0.0,0.9433962264150944,50.0,0.2214324464963851,0.0,0.11071622324819255,True,False
2026-09-11T01:39:17+00:00,2026-09-11,cohort,91103116|same|0|0|1|0|0|0|all|0,91103116,The Prank | Bat DID system's tale,Harry Potter - J. K. Rowling,Harry Potter - J. K. Rowling,,same,0,0,1,0,0,0,all,0,471,65,2,0,0,1099,1,Teen And Up Audiences,"Graphic Depictions Of Violence, No category",,English,,22 Aug 2026,3.076923076923077,0.0,0.0,0.0,18.198362147406733,0.0,0.0,True,False
2026-09-11T01:39:17+00:00,2026-09-11,cohort,90731721|same|0|0|1|0|0|0|all|0,90731721,The Art of Living,Harry Potter - J. K. Rowling,Harry Potter - J. K. Rowling,,same,0,0,1,0,0,0,all,0,471,353,6,2,3,131885,19,Explicit,"Creator Chose Not To Use Archive Warnings, No Archive Warnings Apply",F/M,English,,22 Aug 2026,1.69971671388102,0.56657223796034,0.84985835694051,50.0,0.4549418053607309,0.15164726845357698,0.22747090268036546,True,False
2026-09-11T01:39:17+00:00,2026-09-11,cohort,7137905|same|0|0|1|0|0|0|all|0,7137905,Драко Малфой — спаситель магии,Harry Potter - J. K. Rowling,Harry Potter - J. K. Rowling,,same,0,0,1,0,0,0,all,0,471,144,0,0,0,151715,30,General Audiences,No Archive Warnings Apply,Gen,Русский,,22 Aug 2026,0.0,0.0,0.0,0.0,0.0,0.0,0.0,True,False
2026-09-11T01:39:17+00:00,2026-09-11,cohort,90826916|same|0|0|1|0|0|0|all|0,90826916,"Tattooed his name way too deep, now he's under my skin",Harry Potter - J. K. Rowling,Harry Potter - J. K. Rowling,,same,0,0,1,0,0,0,all,0,471,53,2,0,2,3572,1,Mature,"Creator Chose Not To Use Archive Warnings, F/F, F/M, M/M",,English,,22 Aug 2026,3.7735849056603774,0.0,3.7735849056603774,100.0,5.599104143337066,0.0,5.599104143337066,True,False
2026-09-11T01:39:17+00:00,2026-09-11,cohort,66971461|same|0|0|1|0|0|0|all|0,66971461,These Selfish Vows,Harry Potter - J. K. Rowling,Harry Potter - J. K. Rowling,,same,0,0,1,0,0,0,all,0,471,410,5,2,4,20755,8,Explicit,"Graphic Depictions Of Violence, Major Character Death",F/M,Français,,22 Aug 2026,1.2195121951219512,0.4878048780487805,0.975609756097561,80.0,2.409058058299205,0.963623223319682,1.927246446639364,True,False
2026-09-11T01:39:17+00:00,2026-09-11,cohort,57142378|same|0|0|1|0|0|0|all|0,57142378,"Honey, Come Over",Harry Potter - J. K. Rowling,Harry Potter - J. K. Rowling,,same,0,0,1,0,0,0,all,0,471,9786,244,53,210,86162,14,Explicit,"No Archive Warnings Apply, F/M, M/M, Other",,English,,22 Aug 2026,2.493357858164725,0.5415900265685674,2.1459227467811157,86.0655737704918,28.31874840416889,6.151203546807178,24.372693298669944,True,False
2026-09-11T01:39:17+00:00,2026-09-11,cohort,91098286|same|0|0|1|0|0|0|all|0,91098286,Revine choice.,Harry Potter - J. K. Rowling,Harry Potter - J. K. Rowling,,same,0,0,1,0,0,0,all,0,471,64,1,0,0,2411,2,Teen And Up Audiences,"Graphic Depictions Of Violence, Rape/Non-Con, F/M, Multi, Other",,English,,22 Aug 2026,1.5625,0.0,0.0,0.0,4.147656574035669,0.0,0.0,True,False
2026-09-11T01:39:17+00:00,2026-09-11,cohort,73493426|same|0|0|1|0|0|0|all|0,73493426,La Luce che ci guida,Harry Potter - J. K. Rowling,Harry Potter - J. K. Rowling,,same,0,0,1,0,0,0,all,0,471,167,2,0,0,54555,12,Explicit,Creator Chose Not To Use Archive Warnings,F/M,Italiano,,22 Aug 2026,1.1976047904191618,0.0,0.0,0.0,0.3666025112272019,0.0,0.0,True,False
2026-09-11T01:39:17+00:00,2026-09-11,cohort,81945631|same|0|0|1|0|0|0|all|0,81945631,Born of Shadows and Flames,Harry Potter - J. K. Rowling,Harry Potter - J. K. Rowling,,same,0,0,1,0,0,0,all,0,471,169,6,2,1,28932,11,Mature,Creator Chose Not To Use Archive Warnings,F/M,English,,22 Aug 2026,3.5502958579881656,1.183431952662722,0.591715976331361,16.666666666666664,2.0738282870178346,0.6912760956726116,0.3456380478363058,True,False
2026-09-11T01:39:17+00:00,2026-09-11,cohort,81587096|same|0|0|1|0|0|0|all|0,81587096,The Marauders 1: A Werewolf at Hogwarts,Harry Potter - J. K. Rowling,Harry Potter - J. K. Rowling,,same,0,0,1,0,0,0,all,0,471,762,25,2,14,77868,24,General Audiences,No Archive Warnings Apply,Gen,English,,22 Aug 2026,3.2808398950131235,0.26246719160104987,1.837270341207349,56.00000000000001,3.2105614629886476,0.2568449170390918,1.7979144192736425,True,False
2026-09-11T01:39:17+00:00,2026-09-11,cohort,84887471|same|0|0|1|0|0|0|all|0,84887471,The Hunt for Aphrodite,Harry Potter - J. K. Rowling,Harry Potter - J. K. Rowling,,same,0,0,1,0,0,0,all,0,472,3160,193,51,56,16780,3,Explicit,Creator Chose Not To Use Archive Warnings,F/M,English,,22 Aug 2026,6.1075949367088604,1.6139240506329113,1.7721518987341773,29.015544041450774,115.01787842669845,30.39332538736591,33.373063170441,True,False
2026-09-11T01:39:17+00:00,2026-09-11,cohort,66033256|same|0|0|1|0|0|0|all|0,66033256,Poisonous Apple,Harry Potter - J. K. Rowling,Harry Potter - J. K. Rowling,,same,0,0,1,0,0,0,all,0,472,1896,68,20,10,67148,13,Mature,"Creator Chose Not To Use Archive Warnings, Graphic Depictions Of Violence, Major Character Death, Underage Sex, F/M, Gen, Other",,English,,22 Aug 2026,3.5864978902953584,1.0548523206751055,0.5274261603375527,14.705882352941178,10.126883898254603,2.97849526419253,1.489247632096265,True,False
2026-09-11T01:39:17+00:00,2026-09-11,cohort,56378074|same|0|0|1|0|0|0|all|0,56378074,Sometimes the Hero needs saving too,Harry Potter - J. K. Rowling,Harry Potter - J. K. Rowling,,same,0,0,1,0,0,0,all,0,472,3498,122,23,7,9747,5,Not Rated,"Creator Chose Not To Use Archive Warnings, Graphic Depictions Of Violence, Rape/Non-Con",Multi,English,,22 Aug 2026,3.487707261292167,0.657518582046884,0.2001143510577473,5.737704918032787,125.1667179645019,23.59700420642249,7.181696932389453,True,False
2026-09-11T01:39:17+00:00,2026-09-11,cohort,91100086|same|0|0|1|0|0|0|all|0,91100086,Hermione Granger and the secret child,Harry Potter - J. K. Rowling,Harry Potter - J. K. Rowling,,same,0,0,1,0,0,0,all,0,472,806,65,15,4,1766,1,Mature,"Creator Chose Not To Use Archive Warnings, F/F, F/M",,English,,22 Aug 2026,8.064516129032258,1.8610421836228286,0.49627791563275436,6.153846153846154,368.0634201585504,84.93771234428085,22.650056625141563,True,False
2026-09-11T01:39:17+00:00,2026-09-11,cohort,90202826|same|0|0|1|0|0|0|all|0,90202826,Whispers of a Legacy,Harry Potter - J. K. Rowling,Harry Potter - J. K. Rowling,,same,0,0,1,0,0,0,all,0,472,377,19,12,1,25943,9,General Audiences,No Archive Warnings Apply,F/M,English,,22 Aug 2026,5.039787798408488,3.183023872679045,0.2652519893899204,5.263157894736842,7.3237482172455,4.625525189839263,0.3854604324866053,True,False
2026-09-11T01:39:17+00:00,2026-09-11,cohort,77314746|same|0|0|1|0|0|0|all|0,77314746,refracted,Harry Potter - J. K. Rowling,Harry Potter - J. K. Rowling,,same,0,0,1,0,0,0,all,0,472,1408,80,20,29,4239,3,Teen And Up Audiences,No Archive Warnings Apply,F/M,English,,22 Aug 2026,5.681818181818182,1.4204545454545454,2.059659090909091,36.25,188.7237556027365,47.180938900684126,68.41236140599197,True,False
2026-09-11T01:39:17+00:00,2026-09-11,cohort,91098966|same|0|0|1|0|0|0|all|0,91098966,Two halfs of a whole,Harry Potter - J. K. Rowling,Harry Potter - J. K. Rowling,,same,0,0,1,0,0,0,all,0,472,292,6,0,2,920,1,Not Rated,"Creator Chose Not To Use Archive Warnings, F/F, F/M, M/M",,English,,22 Aug 2026,2.054794520547945,0.0,0.684931506849315,33.33333333333333,65.21739130434783,0.0,21.73913043478261,True,False
2026-09-11T01:39:17+00:00,2026-09-11,cohort,91098376|same|0|0|1|0|0|0|all|0,91098376,Inappropriate,Harry Potter - J. K. Rowling,Harry Potter - J. K. Rowling,,same,0,0,1,0,0,0,all,0,472,236,15,3,6,4674,1,Explicit,"No Archive Warnings Apply, F/M, M/M",,English,,22 Aug 2026,6.3559322033898304,1.2711864406779663,2.5423728813559325,40.0,32.09242618741977,6.418485237483953,12.836970474967906,True,False
2026-09-11T01:39:17+00:00,2026-09-11,cohort,79682626|same|0|0|1|0|0|0|all|0,79682626,The Shadows of War,Harry Potter - J. K. Rowling,Harry Potter - J. K. Rowling,,same,0,0,1,0,0,0,all,0,472,2771,57,16,39,224715,38,Mature,"Creator Chose Not To Use Archive Warnings, Gen, F/M",,English,,22 Aug 2026,2.0570191266690725,0.577408877661494,1.4074341392998917,68.42105263157895,2.5365462919698283,0.7120129942371448,1.7355316734530404,True,False
2026-09-11T01:39:17+00:00,2026-09-11,cohort,85738646|same|0|0|1|0|0|0|all|0,85738646,Harry Potter and the Dark Future,Harry Potter - J. K. Rowling,Harry Potter - J. K. Rowling,,same,0,0,1,0,0,0,all,0,472,1425,53,28,30,19953,5,Teen And Up Audiences,"Creator Chose Not To Use Archive Warnings, Major Character Death, F/F, F/M, Gen, M/M, Multi, Other",,English,,22 Aug 2026,3.7192982456140355,1.9649122807017545,2.1052631578947367,56.60377358490566,26.56242169097379,14.032977497118228,15.035333032626673,True,False
2026-09-11T01:39:17+00:00,2026-09-11,cohort,88782246|same|0|0|1|0|0|0|all|0,88782246,Lilies and Serpents.,Harry Potter - J. K. Rowling,Harry Potter - J. K. Rowling,,same,0,0,1,0,0,0,all,0,472,2257,103,27,8,42639,1,Teen And Up Audiences,"Creator Chose Not To Use Archive Warnings, F/F, F/M, M/M",,English,,22 Aug 2026,4.563579973416039,1.1962782454585734,0.35445281346920693,7.766990291262135,24.15628884354699,6.332231056075424,1.876216609207533,True,False
2026-09-11T01:39:17+00:00,2026-09-11,cohort,73583611|same|0|0|1|0|0|0|all|0,73583611,The Black Twins | A Hogwarts Story,Harry Potter - J. K. Rowling,Harry Potter - J. K. Rowling,,same,0,0,1,0,0,0,all,0,472,198,6,2,5,34407,10,General Audiences,No Archive Warnings Apply,F/M,English,,22 Aug 2026,3.0303030303030303,1.0101010101010102,2.525252525252525,83.33333333333334,1.743831197140117,0.5812770657133722,1.4531926642834307,True,False
2026-09-11T01:39:17+00:00,2026-09-11,cohort,84759441|same|0|0|1|0|0|0|all|0,84759441,Una Promesa Inquebrantable,Harry Potter - J. K. Rowling,Harry Potter - J. K. Rowling,,same,0,0,1,0,0,0,all,0,472,164,4,0,0,62552,27,Teen And Up Audiences,No Archive Warnings Apply,F/M,Español,,22 Aug 2026,2.4390243902439024,0.0,0.0,0.0,0.639467962655071,0.0,0.0,True,False
2026-09-11T01:39:17+00:00,2026-09-11,cohort,91096256|same|0|0|1|0|0|0|all|0,91096256,More Than a Question,Harry Potter - J. K. Rowling,Harry Potter - J. K. Rowling,,same,0,0,1,0,0,0,all,0,472,306,24,2,2,245,1,Teen And Up Audiences,No Archive Warnings Apply,M/M,English,,22 Aug 2026,7.8431372549019605,0.6535947712418301,0.6535947712418301,8.333333333333332,979.5918367346939,81.6326530612245,81.6326530612245,True,False
2026-09-11T01:39:17+00:00,2026-09-11,cohort,91096191|same|0|0|1|0|0|0|all|0,91096191,【哈德】八年级,Harry Potter - J. K. Rowling,Harry Potter - J. K. Rowling,,same,0,0,1,0,0,0,all,0,472,54,2,0,0,3130,1,General Audiences,Creator Chose Not To Use Archive Warnings,M/M,中文-普通话 國語,,22 Aug 2026,3.7037037037037033,0.0,0.0,0.0,6.389776357827476,0.0,0.0,True,False
2026-09-11T01:39:17+00:00,2026-09-11,cohort,50876815|same|0|0|1|0|0|0|all|0,50876815,Maze in the mirror,Harry Potter - J. K. Rowling,Harry Potter - J. K. Rowling,,same,0,0,1,0,0,0,all,0,472,204469,3682,1207,1085,369059,74,Mature,Graphic Depictions Of Violence,M/M,English,,22 Aug 2026,1.8007619736977243,0.590309533474512,0.5306427869261355,29.467680608365022,99.76724588751392,32.70479787784609,29.399093369894786,True,False
2026-09-11T01:39:17+00:00,2026-09-11,cohort,85991356|same|0|0|1|0|0|0|all|0,85991356,The Tale of The Spare,Harry Potter - J. K. Rowling,Harry Potter - J. K. Rowling,,same,0,0,1,0,0,0,all,0,473,1954,74,25,26,34323,10,Teen And Up Audiences,"Major Character Death, F/M, M/M",,English,,22 Aug 2026,3.7871033776867966,1.2794268167860798,1.3306038894575232,35.13513513513514,21.559886956268393,7.283745593333916,7.575095417067273,True,False
2026-09-11T01:39:17+00:00,2026-09-11,cohort,91095151|same|0|0|1|0|0|0|all|0,91095151,"Hold Me, Hold On",Harry Potter - J. K. Rowling,Harry Potter - J. K. Rowling,,same,0,0,1,0,0,0,all,0,473,1244,89,9,1,5911,1,Explicit,No Archive Warnings Apply,M/M,English,,22 Aug 2026,7.154340836012862,0.7234726688102894,0.08038585209003216,1.1235955056179776,150.56673997631535,15.225850109964474,1.691761123329386,True,False
2026-09-11T01:39:17+00:00,2026-09-11,cohort,91094841|same|0|0|1|0|0|0|all|0,91094841,The Ghost in Her Memory.,Harry Potter - J. K. Rowling,Harry Potter - J. K. Rowling,,same,0,0,1,0,0,0,all,0,473,299,20,1,0,5214,1,Teen And Up Audiences,Creator Chose Not To Use Archive Warnings,F/M,English,,22 Aug 2026,6.688963210702341,0.33444816053511706,0.0,0.0,38.358266206367475,1.9179133103183734,0.0,True,False
2026-09-11T01:39:17+00:00,2026-09-11,cohort,68253901|same|0|0|1|0|0|0|all|0,68253901,"Master of Death, Lover of Witches",Harry Potter - J. K. Rowling,Harry Potter - J. K. Rowling,,same,0,0,1,0,0,0,all,0,473,97509,1230,533,193,75189,17,Explicit,"Creator Chose Not To Use Archive Warnings, F/M, Multi",,English,,22 Aug 2026,1.2614220225825308,0.5466162097857633,0.19793044744587676,15.691056910569106,163.58775884770378,70.88802883400497,25.66864833951775,True,False
2026-09-11T01:39:17+00:00,2026-09-11,cohort,80055261|same|0|0|1|0|0|0|all|0,80055261,A Witch After My Own Heart,Harry Potter - J. K. Rowling,Harry Potter - J. K. Rowling,,same,0,0,1,0,0,0,all,0,473,1265,96,18,19,20585,2,Teen And Up Audiences,Creator Chose Not To Use Archive Warnings,F/M,English,,22 Aug 2026,7.588932806324111,1.4229249011857708,1.5019762845849802,19.791666666666664,46.63589992713141,8.74423123633714,9.230021860578091,True,False
2026-09-11T01:39:17+00:00,2026-09-11,cohort,77654686|same|0|0|1|0|0|0|all|0,77654686,The Choke of Thorn at the Throat,Harry Potter - J. K. Rowling,Harry Potter - J. K. Rowling,,same,0,0,1,0,0,0,all,0,473,3191,149,34,101,28966,9,Mature,"Graphic Depictions Of Violence, Major Character Death, Underage Sex, F/F, F/M, M/M, Multi",,English,,22 Aug 2026,4.669382638671263,1.065496709495456,3.1651519899717955,67.78523489932886,51.439618863495134,11.73789960643513,34.868466477939656,True,False
2026-09-11T01:39:17+00:00,2026-09-11,cohort,91090686|same|0|0|1|0|0|0|all|0,91090686,Neither of Us Meant To,Harry Potter - J. K. Rowling,Harry Potter - J. K. Rowling,,same,0,0,1,0,0,0,all,0,473,97,7,0,0,2731,1,Explicit,Underage Sex,M/M,English,,22 Aug 2026,7.216494845360824,0.0,0.0,0.0,25.63163676309044,0.0,0.0,True,False
2026-09-11T01:39:17+00:00,2026-09-11,cohort,91093731|same|0|0|1|0|0|0|all|0,91093731,GINGER SANDWICH,Harry Potter - J. K. Rowling,Harry Potter - J. K. Rowling,,same,0,0,1,0,0,0,all,0,473,154,5,4,4,22284,1,Explicit,No Archive Warnings Apply,M/M,Русский,,22 Aug 2026,3.2467532467532463,2.5974025974025974,2.5974025974025974,80.0,2.2437623406928737,1.7950098725542991,1.7950098725542991,True,False
2026-09-11T01:39:17+00:00,2026-09-11,cohort,60913861|same|0|0|1|0|0|0|all|0,60913861,A Light in the Darkness,Harry Potter - J. K. Rowling,Harry Potter - J. K. Rowling,,same,0,0,1,0,0,0,all,0,473,2319,140,6,16,2915,6,Teen And Up Audiences,"No Archive Warnings Apply, F/F, M/M",,English,,22 Aug 2026,6.0370849504096595,0.258732212160414,0.689952565761104,11.428571428571429,480.27444253859346,20.58319039451115,54.888507718696395,True,False
2026-09-11T01:39:17+00:00,2026-09-11,cohort,61919884|same|0|0|1|0|0|0|all|0,61919884,Excerpts from the Encyclopedia Magica (1985),Harry Potter - J. K. Rowling,Harry Potter - J. K. Rowling,,same,0,0,1,0,0,0,all,0,473,932,35,12,22,4822,9,General Audiences,Creator Chose Not To Use Archive Warnings,Gen,English,,22 Aug 2026,3.755364806866953,1.2875536480686696,2.3605150214592276,62.857142857142854,72.58399004562422,24.88593944421402,45.62422231439237,True,False
2026-09-11T01:39:17+00:00,2026-09-11,cohort,91091821|same|0|0|1|0|0|0|all|0,91091821,这只阿尼玛格斯拒绝被投喂,Harry Potter - J. K. Rowling,Harry Potter - J. K. Rowling,,same,0,0,1,0,0,0,all,0,473,155,2,0,0,7370,1,Explicit,Graphic Depictions Of Violence,F/M,中文-普通话 國語,,21 Aug 2026,1.2903225806451613,0.0,0.0,0.0,2.7137042062415198,0.0,0.0,True,False
2026-09-11T01:39:17+00:00,2026-09-11,cohort,37393093|same|0|0|1|0|0|0|all|0,37393093,"Oh, Shit",Harry Potter - J. K. Rowling,Harry Potter - J. K. Rowling,,same,0,0,1,0,0,0,all,0,473,75317,2598,358,308,50444,47,Not Rated,Creator Chose Not To Use Archive Warnings,M/M,English,,22 Aug 2026,3.449420449566499,0.47532429597567616,0.4089382211187382,11.855273287143957,515.026564110697,70.96978828007295,61.057806676710804,True,False
2026-09-11T01:39:17+00:00,2026-09-11,cohort,66781246|same|0|0|1|0|0|0|all|0,66781246,Whatever It Takes,Harry Potter - J. K. Rowling,Harry Potter - J. K. Rowling,,same,0,0,1,0,0,0,all,0,473,56932,754,269,546,353089,53,Explicit,"Graphic Depictions Of Violence, Rape/Non-Con",F/M,English,,22 Aug 2026,1.3243869879856671,0.47249350101875925,0.9590388533689314,72.41379310344827,21.35438940323828,7.618475795054504,15.463523360965649,True,False
2026-09-11T01:39:17+00:00,2026-09-11,cohort,30644855|same|0|0|1|0|0|0|all|0,30644855,Welcome to the Cultys,Harry Potter - J. K. Rowling,Harry Potter - J. K. Rowling,,same,0,0,1,0,0,0,all,0,474,57426,3544,718,2103,17535,42,Mature,No Archive Warnings Apply,M/M,English,,22 Aug 2026,6.171420610873124,1.2503047400132343,3.6621042733256712,59.33972911963883,2021.1006558311947,409.4667807242658,1199.3156544054748,True,False
2026-09-11T01:39:17+00:00,2026-09-11,cohort,88541416|same|0|0|1|0|0|0|all|0,88541416,过去、现在与未来：A Theory of Time,Harry Potter - J. K. Rowling,Harry Potter - J. K. Rowling,,same,0,0,1,0,0,0,all,0,474,152,5,3,0,51457,5,Teen And Up Audiences,No Archive Warnings Apply,M/M,中文-普通话 國語,,22 Aug 2026,3.289473684210526,1.9736842105263157,0.0,0.0,0.971685096293993,0.5830110577763958,0.0,True,False
2026-09-11T01:39:17+00:00,2026-09-11,cohort,91090196|same|0|0|1|0|0|0|all|0,91090196,【哈德】圣人私心,Harry Potter - J. K. Rowling,Harry Potter - J. K. Rowling,,same,0,0,1,0,0,0,all,0,474,152,8,1,0,5769,1,Teen And Up Audiences,Creator Chose Not To Use Archive Warnings,M/M,中文-普通话 國語,,22 Aug 2026,5.263157894736842,0.6578947368421052,0.0,0.0,13.867221355520888,1.733402669440111,0.0,True,False
2026-09-11T01:39:17+00:00,2026-09-11,cohort,91090071|same|0|0|1|0|0|0|all|0,91090071,I Just Don't Know You Yet...,Harry Potter - J. K. Rowling,Harry Potter - J. K. Rowling,,same,0,0,1,0,0,0,all,0,474,310,23,4,2,1878,1,Not Rated,Creator Chose Not To Use Archive Warnings,F/M,English,,22 Aug 2026,7.419354838709677,1.2903225806451613,0.6451612903225806,8.695652173913043,122.47071352502662,21.299254526091588,10.649627263045794,True,False
2026-09-11T01:39:17+00:00,2026-09-11,cohort,91089511|same|0|0|1|0|0|0|all|0,91089511,Home Where You Least Expect It,Harry Potter - J. K. Rowling,Harry Potter - J. K. Rowling,,same,0,0,1,0,0,0,all,0,474,206,23,3,0,2332,1,Not Rated,"No Archive Warnings Apply, No category",,English,,21 Aug 2026,11.165048543689322,1.4563106796116505,0.0,0.0,98.62778730703259,12.86449399656947,0.0,True,False
2026-09-11T01:39:17+00:00,2026-09-11,cohort,91082961|same|0|0|1|0|0|0|all|0,91082961,Letters,Harry Potter - J. K. Rowling,Harry Potter - J. K. Rowling,,same,0,0,1,0,0,0,all,0,474,252,12,2,2,12710,5,Not Rated,"No Archive Warnings Apply, Rape/Non-Con, F/M, M/M, Multi",,English,,22 Aug 2026,4.761904761904762,0.7936507936507936,0.7936507936507936,16.666666666666664,9.44138473642801,1.5735641227380015,1.5735641227380015,True,False
2026-09-11T01:39:17+00:00,2026-09-11,cohort,86730796|same|0|0|1|0|0|0|all|0,86730796,"Invasum (Like Father, Like Son)",Harry Potter - J. K. Rowling,Harry Potter - J. K. Rowling,,same,0,0,1,0,0,0,all,0,474,1112,71,4,10,10506,8,Explicit,"Creator Chose Not To Use Archive Warnings, F/M, M/M",,English,,22 Aug 2026,6.384892086330936,0.3597122302158274,0.8992805755395683,14.084507042253522,67.58043023034456,3.807348181991243,9.518370454978108,True,False
2026-09-11T01:39:17+00:00,2026-09-11,cohort,77853571|same|0|0|1|0|0|0|all|0,77853571,Nine Plus One,Harry Potter - J. K. Rowling,Harry Potter - J. K. Rowling,,same,0,0,1,0,0,0,all,0,474,250,18,8,0,5239,6,General Audiences,No Archive Warnings Apply,Gen,English,,21 Aug 2026,7.199999999999999,3.2,0.0,0.0,34.357701851498376,15.270089711777056,0.0,True,False
2026-09-11T01:39:17+00:00,2026-09-11,cohort,91088501|same|0|0|1|0|0|0|all|0,91088501,Latex Sex,Harry Potter - J. K. Rowling,Harry Potter - J. K. Rowling,,same,0,0,1,0,0,0,all,0,474,1200,52,6,1,5313,1,Explicit,Creator Chose Not To Use Archive Warnings,M/M,English,,22 Aug 2026,4.333333333333334,0.5,0.08333333333333334,1.9230769230769231,97.87314135140223,11.29305477131564,1.8821757952192735,True,False
2026-09-11T01:39:17+00:00,2026-09-11,cohort,73515806|same|0|0|1|0|0|0|all|0,73515806,Outrageous Proposals,Harry Potter - J. K. Rowling,Harry Potter - J. K. Rowling,,same,0,0,1,0,0,0,all,0,474,51353,1147,753,383,71867,16,Explicit,No Archive Warnings Apply,F/M,English,,22 Aug 2026,2.233559869919966,1.466321344419995,0.7458181605748447,33.391455972101134,159.60037291107184,104.77687951354585,53.29288825190978,True,False
2026-09-11T01:39:17+00:00,2026-09-11,cohort,64309462|same|0|0|1|0|0|0|all|0,64309462,His Daughter,Harry Potter - J. K. Rowling,Harry Potter - J. K. Rowling,,same,0,0,1,0,0,0,all,0,474,15031,455,187,93,72010,20,Explicit,"Creator Chose Not To Use Archive Warnings, No category",,English,,22 Aug 2026,3.027077373428248,1.2440955358924888,0.6187213092941255,20.439560439560438,63.185668657130954,25.9686154700736,12.91487293431468,True,False
2026-09-11T01:39:17+00:00,2026-09-11,cohort,87365026|same|0|0|1|0|0|0|all|0,87365026,Their Golden Witch,Harry Potter - J. K. Rowling,Harry Potter - J. K. Rowling,,same,0,0,1,0,0,0,all,0,474,2282,131,32,42,26746,2,Explicit,"Creator Chose Not To Use Archive Warnings, F/F, F/M, Multi",,English,,22 Aug 2026,5.740578439964943,1.4022787028922,1.8404907975460123,32.06106870229007,48.97928662229866,11.964405892469902,15.703282733866747,True,False
2026-09-11T01:39:17+00:00,2026-09-11,cohort,91086346|same|0|0|1|0|0|0|all|0,91086346,Running from the Daylight,Harry Potter - J. K. Rowling,Harry Potter - J. K. Rowling,,same,0,0,1,0,0,0,all,0,474,434,36,3,3,3177,1,Explicit,No Archive Warnings Apply,M/M,English,,22 Aug 2026,8.294930875576037,0.6912442396313364,0.6912442396313364,8.333333333333332,113.31444759206799,9.442870632672333,9.442870632672333,True,False
2026-09-11T01:39:17+00:00,2026-09-11,cohort,89439851|same|0|0|1|0|0|0|all|0,89439851,From Texts to True Love: How Harry Potter Got a Boyfriend,Harry Potter - J. K. Rowling,Harry Potter - J. K. Rowling,,same,0,0,1,0,0,0,all,0,474,1339,115,10,23,7495,1,Teen And Up Audiences,No Archive Warnings Apply,M/M,English,,21 Aug 2026,8.588498879761016,0.7468259895444361,1.7176997759522032,20.0,153.43562374916613,13.3422281521014,30.68712474983322,True,False
2026-09-11T01:39:17+00:00,2026-09-11,cohort,50481973|same|0|0|1|0|0|0|all|0,50481973,A Question Headmaster,Harry Potter - J. K. Rowling,Harry Potter - J. K. Rowling,,same,0,0,1,0,0,0,all,0,474,2118,48,9,27,6799,5,Mature,"Graphic Depictions Of Violence, Underage Sex",Multi,English,,22 Aug 2026,2.26628895184136,0.424929178470255,1.2747875354107647,56.25,70.59861744374172,13.237240770701574,39.71172231210472,True,False
2026-09-11T01:39:17+00:00,2026-09-11,cohort,84021691|same|0|0|1|0|0|0|all|0,84021691,You’re Disgusting,Harry Potter - J. K. Rowling,Harry Potter - J. K. Rowling,,same,0,0,1,0,0,0,all,0,474,4438,135,64,151,52591,11,Explicit,Creator Chose Not To Use Archive Warnings,F/M,English,,22 Aug 2026,3.0419107706173953,1.4420910319963949,3.402433528616494,111.85185185185185,25.669791409176472,12.169382593979957,28.712137057671466,True,False
2026-09-11T01:39:17+00:00,2026-09-11,cohort,91084191|same|0|0|1|0|0|0|all|0,91084191,Of Power and Persuasion,Harry Potter - J. K. Rowling,Harry Potter - J. K. Rowling,,same,0,0,1,0,0,0,all,0,475,500,63,18,10,3966,1,Explicit,Creator Chose Not To Use Archive Warnings,M/M,English,,22 Aug 2026,12.6,3.5999999999999996,2.0,15.873015873015872,158.8502269288956,45.38577912254161,25.214321734745333,True,False
2026-09-11T01:39:17+00:00,2026-09-11,cohort,89964776|same|0|0|1|0|0|0|all|0,89964776,My Perdition,Harry Potter - J. K. Rowling,Harry Potter - J. K. Rowling,,same,0,0,1,0,0,0,all,0,475,823,88,8,29,7302,1,Not Rated,Creator Chose Not To Use Archive Warnings,F/M,English,,22 Aug 2026,10.69258809234508,0.9720534629404617,3.523693803159174,32.95454545454545,120.51492741714598,10.955902492467816,39.715146535195835,True,False
2026-09-11T01:39:17+00:00,2026-09-11,cohort,40233834|same|0|0|1|0|0|0|all|0,40233834,sounds like the beginning of a bad joke,Harry Potter - J. K. Rowling,Fantastic Beasts and Where to Find Them (Movies),,same,0,0,1,0,0,0,all,0,475,72,5,0,11,3118,7,General Audiences,No Archive Warnings Apply,Gen,English,,22 Aug 2026,6.944444444444445,0.0,15.277777777777779,220.00000000000003,16.03592046183451,0.0,35.27902501603592,True,False
2026-09-11T01:39:17+00:00,2026-09-11,cohort,80558801|same|0|0|1|0|0|0|all|0,80558801,sweet talk,Harry Potter - J. K. Rowling,Harry Potter - J. K. Rowling,,same,0,0,1,0,0,0,all,0,475,876,61,14,47,9354,11,Explicit,No Archive Warnings Apply,F/M,English,,22 Aug 2026,6.963470319634703,1.5981735159817352,5.365296803652968,77.04918032786885,65.21274321146034,14.966859097712208,50.245884113748126,True,False
2026-09-11T01:39:17+00:00,2026-09-11,cohort,89246486|same|0|0|1|0|0|0|all|0,89246486,Clarity,Harry Potter - J. K. Rowling,Harry Potter - J. K. Rowling,,same,0,0,1,0,0,0,all,0,475,2763,154,35,19,12300,4,Explicit,"Creator Chose Not To Use Archive Warnings, M/M, Multi",,English,,22 Aug 2026,5.573651827723489,1.2667390517553385,0.6876583423814694,12.337662337662337,125.20325203252033,28.45528455284553,15.447154471544716,True,False
2026-09-11T01:39:17+00:00,2026-09-11,cohort,64794979|same|0|0|1|0|0|0|all|0,64794979,Book 8: The Daughter and the Untold Story - A Hermione x Male Reader Story,Harry Potter - J. K. Rowling,Harry Potter - J. K. Rowling,,same,0,0,1,0,0,0,all,0,475,448,4,0,56,31675,21,Explicit,Graphic Depictions Of Violence,Gen,English,,22 Aug 2026,0.8928571428571428,0.0,12.5,1400.0,1.2628255722178374,0.0,17.679558011049725,True,False
2026-09-11T01:39:17+00:00,2026-09-11,cohort,84811606|same|0|0|1|0|0|0|all|0,84811606,Beasts of Magic,Harry Potter - J. K. Rowling,Harry Potter - J. K. Rowling,,same,0,0,1,0,0,0,all,0,475,13409,106,30,19,37890,13,Explicit,"Creator Chose Not To Use Archive Warnings, Rape/Non-Con, F/M, M/M",,English,,22 Aug 2026,0.7905138339920948,0.22373033037512122,0.14169587590424343,17.92452830188679,27.975719187120614,7.91765637371338,5.014515703351807,True,False
2026-09-11T01:39:17+00:00,2026-09-11,cohort,91082376|same|0|0|1|0|0|0|all|0,91082376,Tired Nights,Harry Potter - J. K. Rowling,Harry Potter - J. K. Rowling,,same,0,0,1,0,0,0,all,0,475,306,17,1,4,1492,1,Explicit,Creator Chose Not To Use Archive Warnings,M/M,English,,22 Aug 2026,5.555555555555555,0.32679738562091504,1.3071895424836601,23.52941176470588,113.94101876675605,6.702412868632708,26.80965147453083,True,False
2026-09-11T01:39:17+00:00,2026-09-11,cohort,91082331|same|0|0|1|0|0|0|all|0,91082331,I (don’t) like you best,Harry Potter - J. K. Rowling,Harry Potter - J. K. Rowling,,same,0,0,1,0,0,0,all,0,475,2104,32,3,0,1802,1,Explicit,"Rape/Non-Con, Underage Sex",F/M,English,,22 Aug 2026,1.520912547528517,0.14258555133079848,0.0,0.0,177.58046614872364,16.64816870144284,0.0,True,False
2026-09-11T01:39:17+00:00,2026-09-11,cohort,17141990|same|0|0|1|0|0|0|all|0,17141990,Phantom,Harry Potter - J. K. Rowling,Harry Potter - J. K. Rowling,,same,0,0,1,0,0,0,all,0,475,138487,5702,1474,950,68380,37,Mature,Creator Chose Not To Use Archive Warnings,M/M,English,,21 Aug 2026,4.117353975463401,1.064359831608743,0.6859849660979009,16.660820764643987,833.8695525007313,215.5601052939456,138.92951155308572,True,False
2026-09-11T01:39:17+00:00,2026-09-11,cohort,84992931|same|0|0|1|0|0|0|all|0,84992931,The Last of The Bugs,Harry Potter - J. K. Rowling,Harry Potter - J. K. Rowling,,same,0,0,1,0,0,0,all,0,475,1167,96,16,17,18753,5,Explicit,"Creator Chose Not To Use Archive Warnings, F/F, F/M, M/M, Multi",,English,,22 Aug 2026,8.226221079691516,1.371036846615253,1.4567266495287061,17.708333333333336,51.191809310510315,8.531968218418386,9.065216232069536,True,False
2026-09-11T01:39:17+00:00,2026-09-11,cohort,64213465|same|0|0|1|0|0|0|all|0,64213465,fruition,Harry Potter - J. K. Rowling,Harry Potter - J. K. Rowling,,same,0,0,1,0,0,0,all,0,475,27192,1032,227,361,66535,14,Explicit,Rape/Non-Con,M/M,English,,22 Aug 2026,3.795233892321271,0.83480435422183,1.3275963518681966,34.980620155038764,155.106335011648,34.117381829112496,54.257157886826484,True,False
2026-09-11T01:39:17+00:00,2026-09-11,cohort,91081181|same|0|0|1|0|0|0|all|0,91081181,A Seeker's Care,Harry Potter - J. K. Rowling,Harry Potter - J. K. Rowling,,same,0,0,1,0,0,0,all,0,475,477,73,5,6,2338,1,Mature,No Archive Warnings Apply,M/M,English,,22 Aug 2026,15.30398322851153,1.0482180293501049,1.257861635220126,8.21917808219178,312.2326775021386,21.3857998289136,25.662959794696324,True,False
2026-09-11T01:39:17+00:00,2026-09-11,cohort,87514041|same|0|0|1|0|0|0|all|0,87514041,An Alternative Reality EXTRAS,Harry Potter - J. K. Rowling,Harry Potter - J. K. Rowling,,same,0,0,1,0,0,0,all,0,475,2311,240,21,69,7763,6,Explicit,"Creator Chose Not To Use Archive Warnings, No Archive Warnings Apply",M/M,English,,22 Aug 2026,10.38511466897447,0.9086975335352662,2.98572046733016,28.749999999999996,309.15883034909183,27.05139765554554,88.88316372536391,True,False
2026-09-11T01:39:17+00:00,2026-09-11,cohort,88847756|same|0|0|1|0|0|0|all|0,88847756,Dove Cadono i Secondi,Harry Potter - J. K. Rowling,Harry Potter - J. K. Rowling,,same,0,0,1,0,0,0,all,0,475,61,1,2,4,4884,3,Teen And Up Audiences,"Graphic Depictions Of Violence, Major Character Death, F/F, F/M, M/M, Multi",,English,,22 Aug 2026,1.639344262295082,3.278688524590164,6.557377049180328,400.0,2.047502047502048,4.095004095004096,8.190008190008191,True,False
2026-09-11T01:39:17+00:00,2026-09-11,cohort,60024403|same|0|0|1|0|0|0|all|0,60024403,Perfidiae amicitiae,Harry Potter - J. K. Rowling,Harry Potter - J. K. Rowling,,same,0,0,1,0,0,0,all,0,475,1196,50,19,10,12116,2,Explicit,"Graphic Depictions Of Violence, F/F, F/M, Multi",,English,,22 Aug 2026,4.1806020066889635,1.588628762541806,0.8361204013377926,20.0,41.26774513040607,15.681743149554308,8.253549026081215,True,False
2026-09-11T01:39:17+00:00,2026-09-11,cohort,91080496|same|0|0|1|0|0|0|all|0,91080496,More Than A Sidekick,Harry Potter - J. K. Rowling,Harry Potter - J. K. Rowling,,same,0,0,1,0,0,0,all,0,475,91,20,0,2,9544,1,Teen And Up Audiences,Creator Chose Not To Use Archive Warnings,F/M,English,,22 Aug 2026,21.978021978021978,0.0,2.197802197802198,10.0,20.955574182732608,0.0,2.095557418273261,True,False
2026-09-11T01:39:17+00:00,2026-09-11,cohort,91079911|same|0|0|1|0|0|0|all|0,91079911,The Weight of Unspoken Things,Harry Potter - J. K. Rowling,Harry Potter - J. K. Rowling,,same,0,0,1,0,0,0,all,0,476,126,11,3,1,2353,1,Not Rated,Creator Chose Not To Use Archive Warnings,M/M,English,,22 Aug 2026,8.73015873015873,2.380952380952381,0.7936507936507936,9.090909090909092,46.74883127921802,12.749681257968552,4.249893752656184,True,False
2026-09-11T01:39:17+00:00,2026-09-11,cohort,90715836|same|0|0|1|0|0|0|all|0,90715836,Best of f̶r̶i̶e̶n̶d̶s̶ lovers,Harry Potter - J. K. Rowling,Harry Potter - J. K. Rowling,,same,0,0,1,0,0,0,all,0,476,305,15,2,1,544,2,Mature,"Underage Sex, F/F, F/M, M/M",,English,,22 Aug 2026,4.918032786885246,0.6557377049180327,0.32786885245901637,6.666666666666667,275.7352941176471,36.76470588235294,18.38235294117647,True,False
2026-09-11T01:39:17+00:00,2026-09-11,cohort,85542431|same|0|0|1|0|0|0|all|0,85542431,Seaside Sickness,Harry Potter - J. K. Rowling,Harry Potter - J. K. Rowling,,same,0,0,1,0,0,0,all,0,476,111,8,2,15,5687,3,Not Rated,"Graphic Depictions Of Violence, Major Character Death",M/M,English,,22 Aug 2026,7.207207207207207,1.8018018018018018,13.513513513513514,187.5,14.06717074028486,3.516792685071215,26.375945138034112,True,False
2026-09-11T01:39:17+00:00,2026-09-11,cohort,75594581|same|0|0|1|0|0|0|all|0,75594581,Beneath the Skin,Harry Potter - J. K. Rowling,Harry Potter - J. K. Rowling,,same,0,0,1,0,0,0,all,0,476,2137,67,40,27,24930,6,Mature,"Creator Chose Not To Use Archive Warnings, F/F, F/M",,English,,22 Aug 2026,3.13523631258774,1.8717828731867103,1.2634534394010295,40.298507462686565,26.875250701965506,16.04492579221821,10.830324909747292,True,False
2026-09-11T01:39:17+00:00,2026-09-11,cohort,87336016|same|0|0|1|0|0|0|all|0,87336016,Harry Potter and the Great Hogwarts' Escape,Harry Potter - J. K. Rowling,Harry Potter - J. K. Rowling,,same,0,0,1,0,0,0,all,0,476,200,3,2,3,28154,10,Teen And Up Audiences,"No Archive Warnings Apply, No category",,English,,22 Aug 2026,1.5,1.0,1.5,100.0,1.0655679477161326,0.7103786318107552,1.0655679477161326,True,False
2026-09-11T01:39:17+00:00,2026-09-11,cohort,90519726|same|0|0|1|0|0|0|all|0,90519726,Just one more time,Harry Potter - J. K. Rowling,Harry Potter - J. K. Rowling,,same,0,0,1,0,0,0,all,0,476,450,19,7,2,12505,4,Explicit,No Archive Warnings Apply,F/M,English,,22 Aug 2026,4.222222222222222,1.5555555555555556,0.4444444444444444,10.526315789473683,15.19392243102759,5.597760895641743,1.599360255897641,True,False
2026-09-11T01:39:17+00:00,2026-09-11,cohort,91067746|same|0|0|1|0|0|0|all|0,91067746,"Technically, Theo",Harry Potter - J. K. Rowling,Harry Potter - J. K. Rowling,,same,0,0,1,0,0,0,all,0,476,114,9,3,0,18443,14,Mature,Creator Chose Not To Use Archive Warnings,F/M,English,,22 Aug 2026,7.894736842105263,2.631578947368421,0.0,0.0,4.879900233150789,1.626633411050263,0.0,True,False
2026-09-11T01:39:17+00:00,2026-09-11,cohort,91076901|same|0|0|1|0|0|0|all|0,91076901,Letter From A Ravenclaw,Harry Potter - J. K. Rowling,Harry Potter - J. K. Rowling,,same,0,0,1,0,0,0,all,0,476,94,7,0,2,749,1,General Audiences,No Archive Warnings Apply,Multi,English,,22 Aug 2026,7.446808510638298,0.0,2.127659574468085,28.57142857142857,93.45794392523364,0.0,26.7022696929239,True,False
2026-09-11T01:39:17+00:00,2026-09-11,cohort,91076731|same|0|0|1|0|0|0|all|0,91076731,"Don’t talk, You’ll ruin this.",Harry Potter - J. K. Rowling,Harry Potter - J. K. Rowling,,same,0,0,1,0,0,0,all,0,476,1640,105,6,0,2074,1,Explicit,Rape/Non-Con,M/M,English,,22 Aug 2026,6.402439024390244,0.3658536585365854,0.0,0.0,506.2680810028929,28.929604628736744,0.0,True,False
2026-09-11T01:39:17+00:00,2026-09-11,cohort,91076316|same|0|0|1|0|0|0|all|0,91076316,One new world Three souls,Harry Potter - J. K. Rowling,Harry Potter - J. K. Rowling,,same,0,0,1,0,0,0,all,0,476,483,38,10,12,2757,1,Teen And Up Audiences,"Graphic Depictions Of Violence, Major Character Death, F/F, F/M, M/M",,English,,22 Aug 2026,7.867494824016563,2.070393374741201,2.484472049689441,31.57894736842105,137.83097569822272,36.27130939426913,43.525571273122964,True,False
2026-09-11T01:39:17+00:00,2026-09-11,cohort,74735176|same|0|0|1|0|0|0|all|0,74735176,"at the beach, in every life",Harry Potter - J. K. Rowling,Harry Potter - J. K. Rowling,,same,0,0,1,0,0,0,all,0,476,8124,346,115,154,178266,23,Not Rated,"Graphic Depictions Of Violence, Major Character Death, F/F, F/M, M/M",,English,,21 Aug 2026,4.258985721319547,1.4155588380108322,1.89561792220581,44.50867052023121,19.40919749138927,6.451033848294122,8.638775762063434,True,False
2026-09-11T01:39:17+00:00,2026-09-11,cohort,63986575|same|0|0|1|0|0|0|all|0,63986575,Anodyne,Harry Potter - J. K. Rowling,Harry Potter - J. K. Rowling,,same,0,0,1,0,0,0,all,0,476,1796,30,7,5,67748,28,Mature,Graphic Depictions Of Violence,F/M,English,,21 Aug 2026,1.670378619153675,0.3897550111358575,0.27839643652561247,16.666666666666664,4.428175001476058,1.033240833677747,0.7380291669126764,True,False
2026-09-11T01:39:17+00:00,2026-09-11,cohort,91075876|same|0|0|1|0|0|0|all|0,91075876,That Spot of Joy,Harry Potter - J. K. Rowling,Harry Potter - J. K. Rowling,,same,0,0,1,0,0,0,all,0,477,98,12,1,4,4227,1,Mature,Underage Sex,M/M,English,,21 Aug 2026,12.244897959183673,1.0204081632653061,4.081632653061225,33.33333333333333,28.388928317955997,2.365744026496333,9.462976105985332,True,False
2026-09-11T01:39:17+00:00,2026-09-11,cohort,91074911|same|0|0|1|0|0|0|all|0,91074911,When Orpheus Looks Back,Harry Potter - J. K. Rowling,Harry Potter - J. K. Rowling,,same,0,0,1,0,0,0,all,0,477,175,2,4,1,2,1,Mature,"Graphic Depictions Of Violence, Underage Sex, F/M, M/M, Other",,English,,21 Aug 2026,1.1428571428571428,2.2857142857142856,0.5714285714285714,50.0,10000.0,20000.0,5000.0,True,False
2026-09-11T01:39:17+00:00,2026-09-11,cohort,65222020|same|0|0|1|0|0|0|all|0,65222020,Echoes of the Past,Harry Potter - J. K. Rowling,Harry Potter - J. K. Rowling,,same,0,0,1,0,0,0,all,0,477,12641,798,89,395,170352,23,Explicit,"Graphic Depictions Of Violence, Rape/Non-Con, F/M, M/M",,English,,21 Aug 2026,6.312791709516652,0.7040582232418322,3.12475278854521,49.49874686716792,46.84418145956607,5.2244763783225325,23.187282802667415,True,False
2026-09-11T01:39:17+00:00,2026-09-11,cohort,91074291|same|0|0|1|0|0|0|all|0,91074291,The Act of Becoming Succubi,Harry Potter - J. K. Rowling,Harry Potter - J. K. Rowling,,same,0,0,1,0,0,0,all,0,477,754,29,16,0,3606,1,Explicit,"No Archive Warnings Apply, F/M, F/F",,English,,21 Aug 2026,3.8461538461538463,2.122015915119363,0.0,0.0,80.42151968940654,44.370493621741545,0.0,True,False
2026-09-11T01:39:17+00:00,2026-09-11,cohort,91074226|same|0|0|1|0|0|0|all|0,91074226,A Sirius Mistrial,Harry Potter - J. K. Rowling,Harry Potter - J. K. Rowling,,same,0,0,1,0,0,0,all,0,477,122,5,2,0,2453,1,General Audiences,"No Archive Warnings Apply, Gen, M/M",,English,,21 Aug 2026,4.098360655737705,1.639344262295082,0.0,0.0,20.383204239706483,8.153281695882592,0.0,True,False
2026-09-11T01:39:17+00:00,2026-09-11,cohort,65556136|same|0|0|1|0|0|0|all|0,65556136,"Book One: The Former Friend, Rabastan Lestrange",Harry Potter - J. K. Rowling,Harry Potter - J. K. Rowling,,same,0,0,1,0,0,0,all,0,477,1810,54,16,11,159654,52,Teen And Up Audiences,No Archive Warnings Apply,Gen,English,,21 Aug 2026,2.983425414364641,0.8839779005524863,0.6077348066298343,20.37037037037037,3.38231425457552,1.0021671865408945,0.6889899407468651,True,False
2026-09-11T01:39:17+00:00,2026-09-11,cohort,91073576|same|0|0|1|0|0|0|all|0,91073576,playing pool and wild darts,Harry Potter - J. K. Rowling,Harry Potter - J. K. Rowling,,same,0,0,1,0,0,0,all,0,477,359,25,2,2,11125,1,Explicit,No Archive Warnings Apply,M/M,English,,22 Aug 2026,6.963788300835655,0.5571030640668524,0.5571030640668524,8.0,22.471910112359552,1.7977528089887642,1.7977528089887642,True,False
2026-09-11T01:39:17+00:00,2026-09-11,cohort,81849911|same|0|0|1|0|0|0|all|0,81849911,The Wandless Archmage,Harry Potter - J. K. Rowling,Harry Potter - J. K. Rowling,,same,0,0,1,0,0,0,all,0,477,116015,940,566,131,61482,12,Explicit,"Graphic Depictions Of Violence, Underage Sex, F/F, F/M, Multi",,English,,21 Aug 2026,0.8102400551652804,0.48786794811015816,0.11291643321984227,13.936170212765958,152.8902768289906,92.05946455873264,21.307049217657198,True,False
2026-09-11T01:39:17+00:00,2026-09-11,cohort,61531159|same|0|0|1|0|0|0|all|0,61531159,Back to The Old House,Harry Potter - J. K. Rowling,Harry Potter - J. K. Rowling,,same,0,0,1,0,0,0,all,0,477,498,8,1,2,2511,3,General Audiences,"Graphic Depictions Of Violence, M/M, Multi",,English,,21 Aug 2026,1.6064257028112447,0.2008032128514056,0.4016064257028112,25.0,31.859816806053363,3.9824771007566704,7.964954201513341,True,False
2026-09-11T01:39:17+00:00,2026-09-11,cohort,91072221|same|0|0|1|0|0|0|all|0,91072221,"Light & Dark, Dark & Light",Harry Potter - J. K. Rowling,Harry Potter - J. K. Rowling,,same,0,0,1,0,0,0,all,0,477,275,14,2,9,1258,1,General Audiences,No Archive Warnings Apply,F/M,English,,21 Aug 2026,5.090909090909091,0.7272727272727273,3.272727272727273,64.28571428571429,111.28775834658187,15.898251192368841,71.54213036565979,True,False
2026-09-11T01:39:17+00:00,2026-09-11,cohort,88959066|same|0|0|1|0|0|0|all|0,88959066,"Harry Potter-Black, of Number 12, Grimmauld Place, Is Proud To Say He Is Perfectly Normal, Thank You Very Much",Harry Potter - J. K. Rowling,Harry Potter - J. K. Rowling,,same,0,0,1,0,0,0,all,0,477,1712,87,33,9,18410,5,Not Rated,"Creator Chose Not To Use Archive Warnings, Graphic Depictions Of Violence, No category",,English,,21 Aug 2026,5.081775700934579,1.9275700934579438,0.5257009345794392,10.344827586206897,47.25692558392178,17.925040738728953,4.888647474198805,True,False
2026-09-11T01:39:17+00:00,2026-09-11,cohort,90834696|same|0|0|1|0|0|0|all|0,90834696,Harry Potter and the Final Horcrux,Harry Potter - J. K. Rowling,Harry Potter - J. K. Rowling,,same,0,0,1,0,0,0,all,0,477,61,0,1,0,2505,3,Not Rated,Creator Chose Not To Use Archive Warnings,Gen,English,,21 Aug 2026,0.0,1.639344262295082,0.0,0.0,0.0,3.992015968063872,0.0,True,False
2026-09-11T01:39:17+00:00,2026-09-11,cohort,90356221|same|0|0|1|0|0|0|all|0,90356221,World gone awry,Harry Potter - J. K. Rowling,Harry Potter - J. K. Rowling,,same,0,0,1,0,0,0,all,0,477,247,22,6,3,7282,3,Teen And Up Audiences,No Archive Warnings Apply,Other,English,,22 Aug 2026,8.906882591093117,2.42914979757085,1.214574898785425,13.636363636363635,30.211480362537763,8.23949464432848,4.11974732216424,True,False
2026-09-11T01:39:17+00:00,2026-09-11,cohort,84492306|same|0|0|1|0|0|0|all|0,84492306,Dudley Dursley and the Muggle Club,Harry Potter - J. K. Rowling,Harry Potter - J. K. Rowling,,same,0,0,1,0,0,0,all,0,477,2026,80,9,73,67311,15,Teen And Up Audiences,"No Archive Warnings Apply, No category",,English,,21 Aug 2026,3.948667324777887,0.4442250740375123,3.603158933859822,91.25,11.885130216457934,1.3370771493515177,10.845181322517865,True,False
2026-09-11T01:39:17+00:00,2026-09-11,cohort,91070116|same|0|0|1|0|0|0|all|0,91070116,A Step Through Time,Harry Potter - J. K. Rowling,Harry Potter - J. K. Rowling,,same,0,0,1,0,0,0,all,0,477,677,50,22,7,20818,7,Not Rated,"Creator Chose Not To Use Archive Warnings, Graphic Depictions Of Violence, F/F, F/M",,English,,21 Aug 2026,7.385524372230429,3.2496307237813884,1.03397341211226,14.000000000000002,24.017677010279566,10.567777884523009,3.3624747814391394,True,False
2026-09-11T01:39:17+00:00,2026-09-11,cohort,62749360|same|0|0|1|0|0|0|all|0,62749360,Secretos Complicados.,Harry Potter - J. K. Rowling,Harry Potter - J. K. Rowling,,same,0,0,1,0,0,0,all,0,477,1564,17,3,9,415410,39,Mature,No Archive Warnings Apply,F/M,Español,,21 Aug 2026,1.0869565217391304,0.1918158567774936,0.5754475703324808,52.94117647058824,0.40923425049950646,0.07221780891167762,0.21665342673503285,True,False
2026-09-11T01:39:17+00:00,2026-09-11,cohort,82876426|same|0|0|1|0|0|0|all|0,82876426,isn't the view spectacular,Harry Potter - J. K. Rowling,Harry Potter - J. K. Rowling,,same,0,0,1,0,0,0,all,0,478,30471,865,198,138,58300,18,Explicit,No Archive Warnings Apply,M/M,English,,21 Aug 2026,2.8387647271175873,0.6497981687506154,0.45288963276558036,15.953757225433526,148.3704974271012,33.9622641509434,23.670668953687823,True,False
2026-09-11T01:39:17+00:00,2026-09-11,cohort,67535751|same|0|0|1|0|0|0|all|0,67535751,The Fallacy of Forward Motion,Harry Potter - J. K. Rowling,Harry Potter - J. K. Rowling,,same,0,0,1,0,0,0,all,0,478,6271,118,68,87,57867,16,Explicit,No Archive Warnings Apply,F/M,English,,21 Aug 2026,1.8816775633870197,1.0843565619518418,1.3873385424972093,73.72881355932203,20.391587606062178,11.751084383154476,15.034475607859402,True,False
2026-09-11T01:39:17+00:00,2026-09-11,cohort,79103426|same|0|0|1|0|0|0|all|0,79103426,The Potter Harem Dueling Club,Harry Potter - J. K. Rowling,Harry Potter - J. K. Rowling,,same,0,0,1,0,0,0,all,0,478,9291,80,44,7,23927,3,Explicit,"No Archive Warnings Apply, F/F, F/M, Multi",,English,,21 Aug 2026,0.8610483263373157,0.4735765794855237,0.07534172855451512,8.75,33.435031554311024,18.389267354871066,2.925565261002215,True,False
2026-09-11T01:39:17+00:00,2026-09-11,cohort,65684623|same|0|0|1|0|0|0|all|0,65684623,Two Sides,Harry Potter - J. K. Rowling,Harry Potter - J. K. Rowling,,same,0,0,1,0,0,0,all,0,478,80108,494,170,136,103937,22,Explicit,Underage Sex,F/M,English,,21 Aug 2026,0.6166674988765167,0.21221351175912517,0.16977080940730013,27.530364372469634,47.5287914794539,16.3560618451562,13.08484947612496,True,False
2026-09-11T01:39:17+00:00,2026-09-11,cohort,82913111|same|0|0|1|0|0|0|all|0,82913111,The Cadence of Part-time Poets (traduction française),Harry Potter - J. K. Rowling,Harry Potter - J. K. Rowling,,same,0,0,1,0,0,0,all,0,478,308,7,1,16,33437,9,Mature,No Archive Warnings Apply,M/M,Français,,21 Aug 2026,2.272727272727273,0.3246753246753247,5.194805194805195,228.57142857142856,2.09348924843736,0.29906989263390854,4.785118282142537,True,False
2026-09-11T01:39:17+00:00,2026-09-11,cohort,88688706|same|0|0|1|0|0|0|all|0,88688706,Las crónicas de los Stump 2 - la cámara secreta (Hermione Granger x MOC),Harry Potter - J. K. Rowling,Harry Potter - J. K. Rowling,,same,0,0,1,0,0,0,all,0,478,69,3,0,0,62954,15,General Audiences,Creator Chose Not To Use Archive Warnings,F/M,Español,,21 Aug 2026,4.3478260869565215,0.0,0.0,0.0,0.4765384248816596,0.0,0.0,True,False
2026-09-11T01:39:17+00:00,2026-09-11,cohort,81139291|same|0|0|1|0|0|0|all|0,81139291,A Step Before the Dance,Harry Potter - J. K. Rowling,Hogwarts Legacy (Video Game),,same,0,0,1,0,0,0,all,0,478,765,32,2,10,72655,7,Teen And Up Audiences,Creator Chose Not To Use Archive Warnings,F/M,English,,21 Aug 2026,4.183006535947712,0.261437908496732,1.3071895424836601,31.25,4.404376849494184,0.2752735530933865,1.3763677654669328,True,False
2026-09-11T01:39:17+00:00,2026-09-11,cohort,69274511|same|0|0|1|0|0|0|all|0,69274511,Echoes of the Past,Harry Potter - J. K. Rowling,Harry Potter - J. K. Rowling,,same,0,0,1,0,0,0,all,0,478,22149,408,186,237,60149,25,Teen And Up Audiences,No Archive Warnings Apply,Gen,English,,21 Aug 2026,1.8420696193959096,0.8397670323716646,1.0700257347961535,58.08823529411765,67.83155164674392,30.923207368368548,39.402151324211545,True,False
2026-09-11T01:39:17+00:00,2026-09-11,cohort,87875701|same|0|0|1|0|0|0|all|0,87875701,What’s Wrong With Your Hair?,Harry Potter - J. K. Rowling,Harry Potter - J. K. Rowling,,same,0,0,1,0,0,0,all,0,478,1519,95,12,8,9513,5,General Audiences,No Archive Warnings Apply,Gen,English,,22 Aug 2026,6.2541145490454255,0.7899934167215273,0.5266622778143515,8.421052631578947,99.86334489645749,12.61431725007884,8.409544833385892,True,False
2026-09-11T01:39:17+00:00,2026-09-11,cohort,91068291|same|0|0|1|0|0|0|all|0,91068291,Scars and Starlight,Harry Potter - J. K. Rowling,Harry Potter - J. K. Rowling,,same,0,0,1,0,0,0,all,0,478,1072,107,13,15,3992,11,Teen And Up Audiences,No Archive Warnings Apply,M/M,English,,21 Aug 2026,9.981343283582088,1.212686567164179,1.3992537313432836,14.018691588785046,268.03607214428854,32.56513026052104,37.5751503006012,True,False
2026-09-11T01:39:17+00:00,2026-09-11,cohort,49029589|same|0|0|1|0|0|0|all|0,49029589,Verdant Outcasts,Harry Potter - J. K. Rowling,Harry Potter - J. K. Rowling,,same,0,0,1,0,0,0,all,0,478,4119,105,20,53,338873,43,Teen And Up Audiences,Graphic Depictions Of Violence,F/M,English,,21 Aug 2026,2.5491624180626364,0.48555474629764506,1.2867200776887595,50.476190476190474,3.0985059299501585,0.5901916057047921,1.564007755117699,True,False
2026-09-11T01:39:17+00:00,2026-09-11,cohort,53071666|same|0|0|1|0|0|0|all|0,53071666,tired even for a phoenix,Harry Potter - J. K. Rowling,Harry Potter - J. K. Rowling,,same,0,0,1,0,0,0,all,0,478,84051,4413,1507,781,69498,14,Not Rated,"Creator Chose Not To Use Archive Warnings, No category",,English,,21 Aug 2026,5.250383695613378,1.7929590367752914,0.9291977489857349,17.697711307500565,634.9823016489684,216.84077239632796,112.37733459955683,True,False
2026-09-11T01:39:17+00:00,2026-09-11,cohort,91067391|same|0|0|1|0|0|0|all|0,91067391,[ART] Chibi Drarry 2,Harry Potter - J. K. Rowling,Harry Potter - J. K. Rowling,,same,0,0,1,0,0,0,all,0,478,513,48,2,4,0,1,General Audiences,No Archive Warnings Apply,M/M,English,,21 Aug 2026,9.35672514619883,0.3898635477582846,0.7797270955165692,8.333333333333332,0.0,0.0,0.0,False,False
2026-09-11T01:39:17+00:00,2026-09-11,cohort,63507514|same|0|0|1|0|0|0|all|0,63507514,Make me in your image and likeness,Harry Potter - J. K. Rowling,Harry Potter - J. K. Rowling,,same,0,0,1,0,0,0,all,0,478,3714,85,30,14,31233,8,Mature,"Creator Chose Not To Use Archive Warnings, F/F, F/M, M/M",,English,,21 Aug 2026,2.2886375875067313,0.8077544426494345,0.3769520732364028,16.470588235294116,27.21480485384049,9.605225242531937,4.482438446514904,True,False
2026-09-11T01:39:17+00:00,2026-09-11,cohort,79146631|same|0|0|1|0|0|0|all|0,79146631,Carvers Insisting They Are Sculptors,Harry Potter - J. K. Rowling,Harry Potter - J. K. Rowling,,same,0,0,1,0,0,0,all,0,478,57523,2537,800,379,38076,22,Mature,Graphic Depictions Of Violence,Gen,English,,22 Aug 2026,4.41040974914382,1.3907480486066441,0.6588668880273978,14.938904217579818,666.2989809853976,210.10610358230906,99.53776657211891,True,False
2026-09-11T01:39:17+00:00,2026-09-11,cohort,90817571|same|0|0|1|0|0|0|all|0,90817571,Guilty,Harry Potter - J. K. Rowling,Harry Potter - J. K. Rowling,,same,0,0,1,0,0,0,all,0,479,68,1,2,0,27149,11,Mature,Creator Chose Not To Use Archive Warnings,F/M,English,,21 Aug 2026,1.4705882352941175,2.941176470588235,0.0,0.0,0.36833769199602195,0.7366753839920439,0.0,True,False
2026-09-11T01:39:17+00:00,2026-09-11,cohort,87389891|same|0|0|1|0|0|0|all|0,87389891,Naufragé,Harry Potter - J. K. Rowling,Harry Potter - J. K. Rowling,,same,0,0,1,0,0,0,all,0,479,177,33,4,16,1102,1,Explicit,No Archive Warnings Apply,F/M,English,,21 Aug 2026,18.64406779661017,2.2598870056497176,9.03954802259887,48.484848484848484,299.45553539019966,36.29764065335753,145.19056261343013,True,False
2026-09-11T01:39:17+00:00,2026-09-11,cohort,90991386|same|0|0|1|0|0|0|all|0,90991386,First Words of a Shooting Star,Harry Potter - J. K. Rowling,Harry Potter - J. K. Rowling,,same,0,0,1,0,0,0,all,0,479,93,5,0,2,2507,2,Mature,Creator Chose Not To Use Archive Warnings,M/M,English,,21 Aug 2026,5.376344086021505,0.0,2.1505376344086025,40.0,19.94415636218588,0.0,7.9776625448743514,True,False
2026-09-11T01:39:17+00:00,2026-09-11,cohort,68887086|same|0|0|1|0|0|0|all|0,68887086,"Right Place, Wrong Time",Harry Potter - J. K. Rowling,Harry Potter - J. K. Rowling,,same,0,0,1,0,0,0,all,0,479,4462,59,41,1,69168,16,Explicit,Creator Chose Not To Use Archive Warnings,F/M,English,,21 Aug 2026,1.3222770058269833,0.9188704616763783,0.02241147467503362,1.694915254237288,8.529956049040019,5.927596576451538,0.14457552625491557,True,False
2026-09-11T01:39:17+00:00,2026-09-11,cohort,67663786|same|0|0|1|0|0|0|all|0,67663786,Wrapped around my finger,Harry Potter - J. K. Rowling,Harry Potter - J. K. Rowling,,same,0,0,1,0,0,0,all,0,479,27150,654,137,432,130820,24,Mature,"Graphic Depictions Of Violence, Rape/Non-Con",M/M,English,,22 Aug 2026,2.408839779005525,0.5046040515653776,1.5911602209944753,66.05504587155964,49.99235590888243,10.472404831065587,33.022473627885645,True,False
2026-09-11T01:39:17+00:00,2026-09-11,cohort,91060731|same|0|0|1|0|0|0|all|0,91060731,The Infirmary,Harry Potter - J. K. Rowling,Harry Potter - J. K. Rowling,,same,0,0,1,0,0,0,all,0,479,272,24,3,8,6949,1,Explicit,No Archive Warnings Apply,F/M,English,,21 Aug 2026,8.823529411764707,1.1029411764705883,2.941176470588235,33.33333333333333,34.53734350266225,4.317167937832782,11.512447834220751,True,False
2026-09-11T01:39:17+00:00,2026-09-11,cohort,61752070|same|0|0|1|0|0|0|all|0,61752070,Not Inevitable,Harry Potter - J. K. Rowling,Harry Potter - J. K. Rowling,,same,0,0,1,0,0,0,all,0,479,1525,40,9,16,115095,18,Not Rated,Creator Chose Not To Use Archive Warnings,M/M,English,,21 Aug 2026,2.622950819672131,0.5901639344262295,1.0491803278688525,40.0,3.4753898953038798,0.781962726443373,1.390155958121552,True,False
2026-09-11T01:39:17+00:00,2026-09-11,cohort,91058781|same|0|0|1|0|0|0|all|0,91058781,Come a Little Closer,Harry Potter - J. K. Rowling,Harry Potter - J. K. Rowling,,same,0,0,1,0,0,0,all,0,479,368,24,4,0,2758,3,Mature,"Creator Chose Not To Use Archive Warnings, Underage Sex",F/M,English,,21 Aug 2026,6.521739130434782,1.0869565217391304,0.0,0.0,87.0195794053662,14.5032632342277,0.0,True,False
2026-09-11T01:39:17+00:00,2026-09-11,cohort,89510021|same|0|0|1|0|0|0|all|0,89510021,Room 312,Harry Potter - J. K. Rowling,Harry Potter - J. K. Rowling,,same,0,0,1,0,0,0,all,0,479,229,16,3,3,5289,1,Explicit,No Archive Warnings Apply,M/M,English,,21 Aug 2026,6.986899563318777,1.3100436681222707,1.3100436681222707,18.75,30.251465305350727,5.672149744753262,5.672149744753262,True,False
2026-09-11T01:39:17+00:00,2026-09-11,cohort,91065376|same|0|0|1|0|0|0|all|0,91065376,Touches,Harry Potter - J. K. Rowling,Harry Potter - J. K. Rowling,,same,0,0,1,0,0,0,all,0,479,156,22,1,3,750,1,Mature,No Archive Warnings Apply,M/M,English,,21 Aug 2026,14.102564102564102,0.641025641025641,1.9230769230769231,13.636363636363635,293.3333333333333,13.333333333333332,40.0,True,False
2026-09-11T01:39:17+00:00,2026-09-11,cohort,17349428|same|0|0|1|0|0|0|all|0,17349428,Behind the Books,Harry Potter - J. K. Rowling,Harry Potter - J. K. Rowling,,same,0,0,1,0,0,0,all,0,479,9431,707,69,103,24791,8,Mature,Creator Chose Not To Use Archive Warnings,F/F,English,,21 Aug 2026,7.496553917930231,0.731629731735765,1.0921429328809245,14.56859971711457,285.1841394054294,27.832681214957038,41.547335726675,True,False
2026-09-11T01:39:17+00:00,2026-09-11,cohort,91063431|same|0|0|1|0|0|0|all|0,91063431,"Severus, from Rapture",Harry Potter - J. K. Rowling,Harry Potter - J. K. Rowling,,same,0,0,1,0,0,0,all,0,479,747,37,1,4,0,1,General Audiences,No Archive Warnings Apply,M/M,English,,21 Aug 2026,4.953145917001338,0.13386880856760375,0.535475234270415,10.81081081081081,0.0,0.0,0.0,False,False
2026-09-11T01:39:17+00:00,2026-09-11,cohort,61383253|same|0|0|1|0|0|0|all|0,61383253,Hounds of Love,Harry Potter - J. K. Rowling,Harry Potter - J. K. Rowling,,same,0,0,1,0,0,0,all,0,479,1327,75,18,25,19071,7,General Audiences,Creator Chose Not To Use Archive Warnings,M/M,English,,21 Aug 2026,5.651846269781462,1.3564431047475507,1.8839487565938209,33.33333333333333,39.32672644329086,9.438414346389807,13.108908814430286,True,False
2026-09-11T01:39:17+00:00,2026-09-11,cohort,84130761|same|0|0|1|0|0|0|all|0,84130761,get out of the kitchen,Harry Potter - J. K. Rowling,Harry Potter - J. K. Rowling,,same,0,0,1,0,0,0,all,0,479,339,33,4,35,5788,1,Explicit,"Graphic Depictions Of Violence, Major Character Death",F/M,English,,21 Aug 2026,9.734513274336283,1.1799410029498525,10.32448377581121,106.06060606060606,57.01451278507256,6.91085003455425,60.46993780234969,True,False
2026-09-11T01:39:17+00:00,2026-09-11,cohort,91064846|same|0|0|1|0|0|0|all|0,91064846,Cane,Harry Potter - J. K. Rowling,Harry Potter - J. K. Rowling,,same,0,0,1,0,0,0,all,0,479,232,14,2,0,1738,1,Not Rated,Creator Chose Not To Use Archive Warnings,M/M,English,,21 Aug 2026,6.0344827586206895,0.8620689655172413,0.0,0.0,80.5523590333717,11.507479861910241,0.0,True,False
2026-09-11T01:39:17+00:00,2026-09-11,cohort,88500381|same|0|0|1|0|0|0|all|0,88500381,Rejection is Redirection,Harry Potter - J. K. Rowling,Harry Potter - J. K. Rowling,,same,0,0,1,0,0,0,all,0,479,215,2,1,5,16089,5,Mature,Creator Chose Not To Use Archive Warnings,F/M,English,,21 Aug 2026,0.9302325581395349,0.46511627906976744,2.3255813953488373,250.0,1.2430853378084405,0.6215426689042203,3.1077133445211014,True,False
2026-09-11T01:39:17+00:00,2026-09-11,cohort,91033141|same|0|0|1|0|0|0|all|0,91033141,Bound by Blood and Bone,Harry Potter - J. K. Rowling,Harry Potter - J. K. Rowling,,same,0,0,1,0,0,0,all,0,479,1830,73,17,0,55682,24,Explicit,"Creator Chose Not To Use Archive Warnings, Underage Sex",M/M,English,,21 Aug 2026,3.989071038251366,0.9289617486338797,0.0,0.0,13.110161272942781,3.05305125534284,0.0,True,False
2026-09-11T01:39:17+00:00,2026-09-11,cohort,87188936|same|0|0|1|0|0|0|all|0,87188936,Zeitspiel,Harry Potter - J. K. Rowling,Harry Potter - J. K. Rowling,,same,0,0,1,0,0,0,all,0,480,1502,64,13,42,50983,9,Mature,"Graphic Depictions Of Violence, Major Character Death",F/F,English,,21 Aug 2026,4.26098535286285,0.8655126498002662,2.796271637816245,65.625,12.553204009179531,2.5498695643645926,8.238040131024066,True,False
2026-09-11T01:39:17+00:00,2026-09-11,cohort,89316731|same|0|0|1|0|0|0|all|0,89316731,"Chelsea, Chelsea",Harry Potter - J. K. Rowling,Harry Potter - J. K. Rowling,,same,0,0,1,0,0,0,all,0,480,1497,164,24,63,17066,1,Mature,No Archive Warnings Apply,F/M,English,,21 Aug 2026,10.955243820975284,1.6032064128256511,4.208416833667335,38.41463414634146,96.09750380874253,14.06304933786476,36.915504511894994,True,False
2026-09-11T01:39:17+00:00,2026-09-11,cohort,85705221|same|0|0|1|0|0|0|all|0,85705221,Ciszej niż rozsądek,Harry Potter - J. K. Rowling,Harry Potter - J. K. Rowling,,same,0,0,1,0,0,0,all,0,480,407,26,1,14,30799,6,Mature,Creator Chose Not To Use Archive Warnings,M/M,Polski,,21 Aug 2026,6.388206388206388,0.2457002457002457,3.43980343980344,53.84615384615385,8.4418325270301,0.3246858664242346,4.545602129939284,True,False
2026-09-11T01:39:17+00:00,2026-09-11,cohort,90310366|same|0|0|1|0|0|0|all|0,90310366,wild bird,Harry Potter - J. K. Rowling,Harry Potter - J. K. Rowling,,same,0,0,1,0,0,0,all,0,480,66,7,1,2,4706,1,General Audiences,"No Archive Warnings Apply, F/F, Gen",,English,,22 Aug 2026,10.606060606060606,1.5151515151515151,3.0303030303030303,28.57142857142857,14.874628134296643,2.124946876328092,4.249893752656184,True,False
2026-09-11T01:39:17+00:00,2026-09-11,cohort,91063936|same|0|0|1|0|0|0|all|0,91063936,We Shall Be Monsters,Harry Potter - J. K. Rowling,Harry Potter - J. K. Rowling,,same,0,0,1,0,0,0,all,0,480,55,3,1,0,2431,2,Mature,"Graphic Depictions Of Violence, Major Character Death",F/M,English,,21 Aug 2026,5.454545454545454,1.8181818181818181,0.0,0.0,12.340600575894694,4.113533525298231,0.0,True,False
2026-09-11T01:39:17+00:00,2026-09-11,cohort,91063496|same|0|0|1|0|0|0|all|0,91063496,left shoulder,Harry Potter - J. K. Rowling,Harry Potter - J. K. Rowling,,same,0,0,1,0,0,0,all,0,480,149,6,0,0,878,1,General Audiences,Creator Chose Not To Use Archive Warnings,M/M,English,,21 Aug 2026,4.026845637583892,0.0,0.0,0.0,68.3371298405467,0.0,0.0,True,False
2026-09-11T01:39:17+00:00,2026-09-11,cohort,91063306|same|0|0|1|0|0|0|all|0,91063306,sword fight,Harry Potter - J. K. Rowling,Harry Potter - J. K. Rowling,,same,0,0,1,0,0,0,all,0,480,776,47,7,10,3528,1,Explicit,No Archive Warnings Apply,M/M,English,,21 Aug 2026,6.056701030927835,0.902061855670103,1.2886597938144329,21.27659574468085,133.21995464852608,19.841269841269842,28.34467120181406,True,False
2026-09-11T01:39:17+00:00,2026-09-11,cohort,90870861|same|0|0|1|0|0|0|all|0,90870861,The Death Eater's Wife,Harry Potter - J. K. Rowling,Harry Potter - J. K. Rowling,,same,0,0,1,0,0,0,all,0,480,2871,164,37,83,26230,12,Explicit,Creator Chose Not To Use Archive Warnings,F/M,English,,21 Aug 2026,5.712295367467781,1.2887495646116336,2.8909787530477185,50.609756097560975,62.52382767823104,14.105985512771635,31.643156690812045,True,False
2026-09-11T01:39:17+00:00,2026-09-11,cohort,91063071|same|0|0|1|0|0|0|all|0,91063071,Another Rescue Project,Harry Potter - J. K. Rowling,Harry Potter - J. K. Rowling,,same,0,0,1,0,0,0,all,0,480,142,20,3,4,4932,1,Teen And Up Audiences,No Archive Warnings Apply,M/M,English,,21 Aug 2026,14.084507042253522,2.112676056338028,2.8169014084507045,20.0,40.551500405515,6.082725060827251,8.110300081103,True,False
2026-09-11T01:39:17+00:00,2026-09-11,cohort,81655286|same|0|0|1|0|0|0|all|0,81655286,Get Her Back (on hold),Harry Potter - J. K. Rowling,Harry Potter - J. K. Rowling,,same,0,0,1,0,0,0,all,0,480,327,9,2,18,2731,3,Not Rated,Creator Chose Not To Use Archive Warnings,F/M,English,,21 Aug 2026,2.7522935779816518,0.6116207951070336,5.5045871559633035,200.0,32.95496155254486,7.323324789454412,65.90992310508972,True,False
2026-09-11T01:39:17+00:00,2026-09-11,cohort,63209242|same|0|0|1|0|0|0|all|0,63209242,I should be over all the butterflies (but I'm still into you),Harry Potter - J. K. Rowling,Harry Potter - J. K. Rowling,,same,0,0,1,0,0,0,all,0,480,2638,107,19,32,41396,22,Teen And Up Audiences,"No Archive Warnings Apply, F/F, F/M, M/M",,English,,21 Aug 2026,4.056103108415466,0.7202426080363912,1.2130401819560273,29.906542056074763,25.84790801043579,4.58981544110542,7.730215479756498,True,False
2026-09-11T01:39:17+00:00,2026-09-11,cohort,87975706|same|0|0|1|0|0|0|all|0,87975706,Obscura,Harry Potter - J. K. Rowling,Harry Potter - J. K. Rowling,,same,0,0,1,0,0,0,all,0,480,403,16,0,10,16173,4,Explicit,No Archive Warnings Apply,M/M,English,,21 Aug 2026,3.970223325062035,0.0,2.481389578163772,62.5,9.89303159586966,0.0,6.183144747418537,True,False
2026-09-11T01:39:17+00:00,2026-09-11,cohort,74247116|same|0|0|1|0|0|0|all|0,74247116,You'd Miss Me,Harry Potter - J. K. Rowling,Harry Potter - J. K. Rowling,,same,0,0,1,0,0,0,all,0,480,7959,306,90,46,36345,11,Mature,Major Character Death,M/M,English,,21 Aug 2026,3.8447041085563516,1.1307953260459858,0.5779620555346149,15.032679738562091,84.19314898885678,24.762690879075524,12.656486449305268,True,False
2026-09-11T01:39:17+00:00,2026-09-11,cohort,91062206|same|0|0|1|0|0|0|all|0,91062206,Compensating,Harry Potter - J. K. Rowling,Harry Potter - J. K. Rowling,,same,0,0,1,0,0,0,all,0,480,72,6,2,0,4001,1,Teen And Up Audiences,No Archive Warnings Apply,F/M,English,,21 Aug 2026,8.333333333333332,2.7777777777777777,0.0,0.0,14.996250937265682,4.998750312421895,0.0,True,False
2026-09-11T01:39:17+00:00,2026-09-11,cohort,52996585|same|0|0|1|0|0|0|all|0,52996585,Supplant,Harry Potter - J. K. Rowling,Harry Potter - J. K. Rowling,,same,0,0,1,0,0,0,all,0,480,50702,1281,386,903,65975,31,Teen And Up Audiences,No Archive Warnings Apply,F/M,English,,21 Aug 2026,2.5265275531537217,0.7613111908800442,1.7809948325509841,70.49180327868852,194.16445623342173,58.507010231148165,136.87002652519894,True,False
2026-09-11T01:39:17+00:00,2026-09-11,cohort,86483206|same|0|0|1|0|0|0|all|0,86483206,The Art of Winning and Losing Hermione Granger,Harry Potter - J. K. Rowling,Harry Potter - J. K. Rowling,,same,0,0,1,0,0,0,all,0,481,1144,36,23,34,24875,8,Explicit,Creator Chose Not To Use Archive Warnings,F/M,English,,21 Aug 2026,3.146853146853147,2.0104895104895104,2.972027972027972,94.44444444444444,14.472361809045227,9.246231155778894,13.668341708542714,True,False
2026-09-11T01:39:17+00:00,2026-09-11,cohort,91061441|same|0|0|1|0|0|0|all|0,91061441,0909-CUMINME,Harry Potter - J. K. Rowling,Harry Potter - J. K. Rowling,,same,0,0,1,0,0,0,all,0,481,1365,159,17,38,3798,1,Explicit,No Archive Warnings Apply,M/M,English,,21 Aug 2026,11.648351648351648,1.2454212454212454,2.783882783882784,23.89937106918239,418.64139020537124,44.76040021063717,100.05265929436545,True,False
2026-09-11T01:39:17+00:00,2026-09-11,cohort,83741701|same|0|0|1|0|0|0|all|0,83741701,"Stars in Heaven, Salt in the Sea (Shared Tracks)",Harry Potter - J. K. Rowling,Harry Potter - J. K. Rowling,,same,0,0,1,0,0,0,all,0,481,24949,985,240,258,233365,15,Teen And Up Audiences,No Archive Warnings Apply,F/M,English,,21 Aug 2026,3.9480540302216522,0.9619624033027376,1.034109583550443,26.192893401015226,42.20855741006578,10.284318556767296,11.055642448524843,True,False
2026-09-11T01:39:17+00:00,2026-09-11,cohort,57382027|same|0|0|1|0|0|0|all|0,57382027,The Future of House Black [Будущее Дома Блэков],Harry Potter - J. K. Rowling,Harry Potter - J. K. Rowling,,same,0,0,1,0,0,0,all,0,481,3674,104,17,10,50123,12,Teen And Up Audiences,Creator Chose Not To Use Archive Warnings,M/M,Русский,,21 Aug 2026,2.8307022318998367,0.46271094175285793,0.2721829069134458,9.615384615384617,20.7489575643916,3.3916565249486266,1.995092073499192,True,False
2026-09-11T01:39:17+00:00,2026-09-11,cohort,80153461|same|0|0|1|0|0|0|all|0,80153461,Mandrakes,Harry Potter - J. K. Rowling,Harry Potter - J. K. Rowling,,same,0,0,1,0,0,0,all,0,481,186,25,2,0,1584,1,General Audiences,No Archive Warnings Apply,M/M,English,,21 Aug 2026,13.440860215053762,1.0752688172043012,0.0,0.0,157.82828282828285,12.626262626262628,0.0,True,False
2026-09-11T01:39:17+00:00,2026-09-11,cohort,90460116|same|0|0|1|0|0|0|all|0,90460116,never letting you go.,Harry Potter - J. K. Rowling,Harry Potter - J. K. Rowling,,same,0,0,1,0,0,0,all,0,481,1283,25,5,0,3982,1,Explicit,Creator Chose Not To Use Archive Warnings,F/M,English,,21 Aug 2026,1.9485580670303975,0.3897116134060795,0.0,0.0,62.78252134605726,12.556504269211452,0.0,True,False
2026-09-11T01:39:17+00:00,2026-09-11,cohort,91061461|same|0|0|1|0|0|0|all|0,91061461,From the Shadows,Harry Potter - J. K. Rowling,Harry Potter - J. K. Rowling,,same,0,0,1,0,0,0,all,0,481,436,67,9,16,2337,1,Mature,"Graphic Depictions Of Violence, Rape/Non-Con",F/M,English,,21 Aug 2026,15.36697247706422,2.064220183486239,3.669724770642202,23.88059701492537,286.6923406076166,38.510911424903725,68.46384253316218,True,False
2026-09-11T01:39:17+00:00,2026-09-11,cohort,91061201|same|0|0|1|0|0|0|all|0,91061201,"""Idiots.""",Harry Potter - J. K. Rowling,Harry Potter - J. K. Rowling,,same,0,0,1,0,0,0,all,0,481,91,10,2,0,1855,1,Teen And Up Audiences,"Creator Chose Not To Use Archive Warnings, No Archive Warnings Apply, No category",,English,,21 Aug 2026,10.989010989010989,2.197802197802198,0.0,0.0,53.90835579514825,10.781671159029651,0.0,True,False
2026-09-11T01:39:17+00:00,2026-09-11,cohort,91061291|same|0|0|1|0|0|0|all|0,91061291,might be more than friends,Harry Potter - J. K. Rowling,Harry Potter - J. K. Rowling,,same,0,0,1,0,0,0,all,0,481,411,59,5,3,4489,1,Not Rated,"No Archive Warnings Apply, F/F, F/M, Multi",,English,,21 Aug 2026,14.355231143552311,1.2165450121654502,0.7299270072992701,5.084745762711865,131.43239028736915,11.138338159946537,6.683002895967921,True,False
2026-09-11T01:39:17+00:00,2026-09-11,cohort,65885605|same|0|0|1|0|0|0|all|0,65885605,The Souls of Art,Harry Potter - J. K. Rowling,Harry Potter - J. K. Rowling,,same,0,0,1,0,0,0,all,0,481,50,8,1,0,3896,2,Teen And Up Audiences,"Creator Chose Not To Use Archive Warnings, F/F, M/M",,English,,21 Aug 2026,16.0,2.0,0.0,0.0,20.53388090349076,2.566735112936345,0.0,True,False
2026-09-11T01:39:17+00:00,2026-09-11,cohort,91059991|same|0|0|1|0|0|0|all|0,91059991,Extra Herbology Studies in Greenhouse 5,Harry Potter - J. K. Rowling,Harry Potter - J. K. Rowling,,same,0,0,1,0,0,0,all,0,481,192,24,3,6,10040,1,Explicit,"No Archive Warnings Apply, F/F, F/M, Multi",,English,,21 Aug 2026,12.5,1.5625,3.125,25.0,23.904382470119522,2.9880478087649402,5.9760956175298805,True,False
2026-09-11T01:39:17+00:00,2026-09-11,cohort,90174146|same|0|0|1|0|0|0|all|0,90174146,Serpent Eyes,Harry Potter - J. K. Rowling,Harry Potter - J. K. Rowling,,same,0,0,1,0,0,0,all,0,481,191,15,4,1,17363,3,General Audiences,"Major Character Death, F/M, Multi",,English,,21 Aug 2026,7.853403141361256,2.094240837696335,0.5235602094240838,6.666666666666667,8.639060070264355,2.303749352070495,0.5759373380176237,True,False
2026-09-11T01:39:17+00:00,2026-09-11,cohort,91058796|same|0|0|1|0|0|0|all|0,91058796,The Hinkypunk Shuffle,Harry Potter - J. K. Rowling,Harry Potter - J. K. Rowling,,same,0,0,1,0,0,0,all,0,481,571,84,17,24,7017,1,Teen And Up Audiences,No Archive Warnings Apply,F/M,English,,21 Aug 2026,14.711033274956216,2.9772329246935203,4.203152364273205,28.57142857142857,119.70927746900385,24.226877583012683,34.20265070542967,True,False
2026-09-11T01:39:17+00:00,2026-09-11,cohort,88304006|same|0|0|1|0|0|0|all|0,88304006,The Awakened Madness Part 1,Harry Potter - J. K. Rowling,Harry Potter - J. K. Rowling,,same,0,0,1,0,0,0,all,0,481,1683,82,9,13,15909,7,Explicit,Creator Chose Not To Use Archive Warnings,M/M,English,,21 Aug 2026,4.87225193107546,0.53475935828877,0.7724301841948901,15.853658536585366,51.54315167515242,5.657175183858194,8.171475265572946,True,False
2026-09-11T01:39:17+00:00,2026-09-11,cohort,91058966|same|0|0|1|0|0|0|all|0,91058966,Stray,Harry Potter - J. K. Rowling,Harry Potter - J. K. Rowling,,same,0,0,1,0,0,0,all,0,481,308,46,4,1,1458,1,Teen And Up Audiences,No Archive Warnings Apply,M/M,English,,21 Aug 2026,14.935064935064934,1.2987012987012987,0.3246753246753247,2.1739130434782608,315.5006858710562,27.434842249657063,6.858710562414266,True,False
2026-09-11T01:39:17+00:00,2026-09-11,cohort,72030831|same|0|0|1|0|0|0|all|0,72030831,Wandering Eyes,Harry Potter - J. K. Rowling,Harry Potter - J. K. Rowling,,same,0,0,1,0,0,0,all,0,482,1072,18,6,3,37775,12,Teen And Up Audiences,No Archive Warnings Apply,F/M,English,,21 Aug 2026,1.6791044776119404,0.5597014925373134,0.2798507462686567,16.666666666666664,4.765056254136334,1.5883520847121113,0.7941760423560557,True,False
2026-09-11T01:39:17+00:00,2026-09-11,cohort,90258006|same|0|0|1|0|0|0|all|0,90258006,bad case of loving you,Harry Potter - J. K. Rowling,Harry Potter - J. K. Rowling,,same,0,0,1,0,0,0,all,0,482,600,38,9,30,16381,4,Explicit,Creator Chose Not To Use Archive Warnings,M/M,English,,21 Aug 2026,6.333333333333334,1.5,5.0,78.94736842105263,23.197606983700627,5.494170075086991,18.31390025028997,True,False
2026-09-11T01:39:17+00:00,2026-09-11,cohort,81589656|same|0|0|1|0|0|0|all|0,81589656,The After We Choose,Harry Potter - J. K. Rowling,Harry Potter - J. K. Rowling,,same,0,0,1,0,0,0,all,0,482,3530,244,31,104,31792,12,Explicit,Creator Chose Not To Use Archive Warnings,F/M,English,,21 Aug 2026,6.912181303116147,0.8781869688385269,2.9461756373937678,42.62295081967213,76.74886763965777,9.750880724710619,32.71263210870659,True,False
2026-09-11T01:39:17+00:00,2026-09-11,cohort,90839781|same|0|0|1|0|0|0|all|0,90839781,Kinktober 2026: Harry Potter Edition,Harry Potter - J. K. Rowling,Harry Potter - J. K. Rowling,,same,0,0,1,0,0,0,all,0,482,1276,16,2,0,1447,4,Explicit,"Creator Chose Not To Use Archive Warnings, M/M, F/M",,English,,22 Aug 2026,1.2539184952978055,0.1567398119122257,0.0,0.0,110.573600552868,13.8217000691085,0.0,True,False
2026-09-11T01:39:17+00:00,2026-09-11,cohort,80385706|same|0|0|1|0|0|0|all|0,80385706,Of Blood and Bone,Harry Potter - J. K. Rowling,Harry Potter - J. K. Rowling,,same,0,0,1,0,0,0,all,0,482,411,6,7,21,57858,10,Teen And Up Audiences,"Graphic Depictions Of Violence, Major Character Death, Rape/Non-Con, F/F, F/M, M/M",,English,,21 Aug 2026,1.4598540145985401,1.70316301703163,5.109489051094891,350.0,1.0370216737529814,1.2098586193784784,3.629575858135435,True,False
2026-09-11T01:39:17+00:00,2026-09-11,cohort,85253481|same|0|0|1|0|0|0|all|0,85253481,Untold & Unhinged Tales of the Slytherin Boys,Harry Potter - J. K. Rowling,Harry Potter - J. K. Rowling,,same,0,0,1,0,0,0,all,0,482,435,7,4,3,3696,7,Teen And Up Audiences,No Archive Warnings Apply,F/M,English,,21 Aug 2026,1.6091954022988506,0.9195402298850575,0.6896551724137931,42.857142857142854,18.93939393939394,10.822510822510823,8.116883116883118,True,False
2026-09-11T01:39:17+00:00,2026-09-11,cohort,90909811|same|0|0|1|0|0|0|all|0,90909811,"Hermione Granger, Death Eater Pet",Harry Potter - J. K. Rowling,Harry Potter - J. K. Rowling,,same,0,0,1,0,0,0,all,0,482,7288,20,10,0,129291,39,Explicit,"Rape/Non-Con, Graphic Depictions Of Violence, F/F, F/M, M/M, Multi",,English,,21 Aug 2026,0.27442371020856204,0.13721185510428102,0.0,0.0,1.5468980826198266,0.7734490413099133,0.0,True,False
2026-09-11T01:39:17+00:00,2026-09-11,cohort,91057971|same|0|0|1|0|0|0|all|0,91057971,Hands of Time (Will Wring My Neck),Harry Potter - J. K. Rowling,Harry Potter - J. K. Rowling,,same,0,0,1,0,0,0,all,0,482,121,5,3,3,3649,1,Teen And Up Audiences,Creator Chose Not To Use Archive Warnings,F/M,English,,21 Aug 2026,4.132231404958678,2.479338842975207,2.479338842975207,60.0,13.702384214853383,8.22143052891203,8.22143052891203,True,False
2026-09-11T01:39:17+00:00,2026-09-11,cohort,64204252|same|0|0|1|0|0|0|all|0,64204252,Starting Over (With You),Harry Potter - J. K. Rowling,Harry Potter - J. K. Rowling,,same,0,0,1,0,0,0,all,0,482,36978,1094,283,51,35141,13,Explicit,"Creator Chose Not To Use Archive Warnings, No Archive Warnings Apply",M/M,English,,21 Aug 2026,2.95851587430364,0.7653199199524041,0.13791984423170534,4.661791590493602,311.3172647335022,80.5327110782277,14.512962067101107,True,False
2026-09-11T01:39:17+00:00,2026-09-11,cohort,67753316|same|0|0|1|0|0|0|all|0,67753316,Его интересует только один взгляд,Harry Potter - J. K. Rowling,Harry Potter - J. K. Rowling,,same,0,0,1,0,0,0,all,0,482,992,43,4,2,161959,13,Teen And Up Audiences,No Archive Warnings Apply,M/M,Русский,,21 Aug 2026,4.334677419354839,0.4032258064516129,0.20161290322580644,4.651162790697675,2.654992930309523,0.24697608654042072,0.12348804327021036,True,False
2026-09-11T01:39:17+00:00,2026-09-11,cohort,90975486|same|0|0|1|0|0|0|all|0,90975486,Managing Mischief,Harry Potter - J. K. Rowling,Harry Potter - J. K. Rowling,,same,0,0,1,0,0,0,all,0,482,302,21,4,11,5890,2,Teen And Up Audiences,"No Archive Warnings Apply, No category",,English,,21 Aug 2026,6.95364238410596,1.3245033112582782,3.642384105960265,52.38095238095239,35.65365025466893,6.791171477079796,18.67572156196944,True,False
2026-09-11T01:39:17+00:00,2026-09-11,cohort,76718736|same|0|0|1|0|0|0|all|0,76718736,The Dark and Forgotten,Harry Potter - J. K. Rowling,Harry Potter - J. K. Rowling,,same,0,0,1,0,0,0,all,0,482,121,4,1,0,8418,4,Explicit,"Graphic Depictions Of Violence, Creator Chose Not To Use Archive Warnings",F/M,English,,21 Aug 2026,3.3057851239669422,0.8264462809917356,0.0,0.0,4.751722499406035,1.1879306248515087,0.0,True,False
2026-09-11T01:39:17+00:00,2026-09-11,cohort,81560946|same|0|0|1|0|0|0|all|0,81560946,Between shadows and snakes: maledicta et romance | E.V,Harry Potter - J. K. Rowling,Hogwarts Legacy (Video Game),,same,0,0,1,0,0,0,all,0,482,191,6,0,0,98539,15,Explicit,Graphic Depictions Of Violence,F/M,English,,21 Aug 2026,3.1413612565445024,0.0,0.0,0.0,0.6088959701235044,0.0,0.0,True,False
2026-09-11T01:39:17+00:00,2026-09-11,cohort,91055961|same|0|0|1|0|0|0|all|0,91055961,Lighting Star,Harry Potter - J. K. Rowling,Harry Potter - J. K. Rowling,,same,0,0,1,0,0,0,all,0,482,122,7,0,3,13179,1,Explicit,Creator Chose Not To Use Archive Warnings,M/M,English,,21 Aug 2026,5.737704918032787,0.0,2.459016393442623,42.857142857142854,5.31148038546172,0.0,2.2763487366264514,True,False
2026-09-11T01:39:17+00:00,2026-09-11,cohort,91032831|same|0|0|1|0|0|0|all|0,91032831,Letters to Nowhere,Harry Potter - J. K. Rowling,Harry Potter - J. K. Rowling,,same,0,0,1,0,0,0,all,0,483,212,19,2,0,3728,1,Teen And Up Audiences,No Archive Warnings Apply,F/M,English,,21 Aug 2026,8.962264150943396,0.9433962264150944,0.0,0.0,50.9656652360515,5.364806866952789,0.0,True,False
2026-09-11T01:39:17+00:00,2026-09-11,cohort,87426781|same|0|0|1|0|0|0|all|0,87426781,Come to Claim,Harry Potter - J. K. Rowling,Harry Potter - J. K. Rowling,,same,0,0,1,0,0,0,all,0,483,280,10,1,6,8097,4,Explicit,"No Archive Warnings Apply, F/F, F/M, M/M, Multi",,Українська,,21 Aug 2026,3.571428571428571,0.35714285714285715,2.142857142857143,60.0,12.350253180190194,1.2350253180190194,7.410151908114116,True,False
2026-09-11T01:39:17+00:00,2026-09-11,cohort,85390961|same|0|0|1|0|0|0|all|0,85390961,A Giant in a Joke shop,Harry Potter - J. K. Rowling,Harry Potter - J. K. Rowling,,same,0,0,1,0,0,0,all,0,483,183,5,1,2,13099,3,Explicit,"Creator Chose Not To Use Archive Warnings, F/M, M/M, Multi",,Français,,21 Aug 2026,2.73224043715847,0.546448087431694,1.092896174863388,40.0,3.8170852736850143,0.7634170547370028,1.5268341094740057,True,False
2026-09-11T01:39:17+00:00,2026-09-11,cohort,91055286|same|0|0|1|0|0|0|all|0,91055286,Eat it.,Harry Potter - J. K. Rowling,Harry Potter - J. K. Rowling,,same,0,0,1,0,0,0,all,0,483,241,7,1,0,513,1,Explicit,"Graphic Depictions Of Violence, Rape/Non-Con",F/F,English,,21 Aug 2026,2.904564315352697,0.4149377593360996,0.0,0.0,136.4522417153996,19.49317738791423,0.0,True,False
2026-09-11T01:39:17+00:00,2026-09-11,cohort,73148051|same|0|0|1|0|0|0|all|0,73148051,Hinterlist,Harry Potter - J. K. Rowling,Harry Potter - J. K. Rowling,,same,0,0,1,0,0,0,all,0,483,3094,159,30,12,14100,3,Explicit,Creator Chose Not To Use Archive Warnings,M/M,English,,21 Aug 2026,5.138978668390433,0.9696186166774402,0.3878474466709761,7.547169811320755,112.7659574468085,21.27659574468085,8.51063829787234,True,False
2026-09-11T01:39:17+00:00,2026-09-11,cohort,91054986|same|0|0|1|0|0|0|all|0,91054986,Off the Record,Harry Potter - J. K. Rowling,Harry Potter - J. K. Rowling,,same,0,0,1,0,0,0,all,0,483,510,32,5,1,6395,1,Not Rated,Creator Chose Not To Use Archive Warnings,F/F,English,,21 Aug 2026,6.2745098039215685,0.9803921568627451,0.19607843137254902,3.125,50.03909304143862,7.818608287724785,1.5637216575449568,True,False
2026-09-11T01:39:17+00:00,2026-09-11,cohort,78430886|same|0|0|1|0|0|0|all|0,78430886,"A Long, Beautiful Game || Długa, piękna gra [PL]",Harry Potter - J. K. Rowling,Harry Potter - J. K. Rowling,,same,0,0,1,0,0,0,all,0,483,969,26,2,7,38389,8,Explicit,No Archive Warnings Apply,F/M,Polski,,21 Aug 2026,2.683178534571723,0.20639834881320948,0.7223942208462332,26.923076923076923,6.7727734507280735,0.5209825731329287,1.8234390059652505,True,False
2026-09-11T01:39:17+00:00,2026-09-11,cohort,43899829|same|0|0|1|0|0|0|all|0,43899829,Red Earth and Pouring Rain,Harry Potter - J. K. Rowling,Harry Potter - J. K. Rowling,,same,0,0,1,0,0,0,all,0,483,54010,1335,311,917,222251,64,Mature,Creator Chose Not To Use Archive Warnings,F/M,English,,21 Aug 2026,2.471764488057767,0.5758192927235697,1.6978337344936125,68.68913857677903,60.06722129484231,13.99318788216926,41.25965687443476,True,False
2026-09-11T01:39:17+00:00,2026-09-11,cohort,75789091|same|0|0|1|0|0|0|all|0,75789091,The Only Hope for Me Is You,Harry Potter - J. K. Rowling,Harry Potter - J. K. Rowling,,same,0,0,1,0,0,0,all,0,483,2854,255,26,65,33340,11,Explicit,Graphic Depictions Of Violence,F/M,English,,21 Aug 2026,8.934828311142256,0.9110021023125439,2.2775052557813593,25.49019607843137,76.48470305938812,7.798440311937613,19.49610077984403,True,False
2026-09-11T01:39:17+00:00,2026-09-11,cohort,91052461|same|0|0|1|0|0|0|all|0,91052461,"Draco Malfoy, Fanboy",Harry Potter - J. K. Rowling,Harry Potter - J. K. Rowling,,same,0,0,1,0,0,0,all,0,483,1133,179,14,15,865,1,Teen And Up Audiences,No Archive Warnings Apply,F/M,English,,21 Aug 2026,15.798764342453664,1.235657546337158,1.323918799646955,8.379888268156424,2069.364161849711,161.84971098265896,173.41040462427745,True,False
2026-09-11T01:39:17+00:00,2026-09-11,cohort,91001201|same|0|0|1|0|0|0|all|0,91001201,Harry Potter A New Beginning,Harry Potter - J. K. Rowling,Harry Potter - J. K. Rowling,,same,0,0,1,0,0,0,all,0,483,94,4,0,2,39210,9,General Audiences,No Archive Warnings Apply,Other,English,,21 Aug 2026,4.25531914893617,0.0,2.127659574468085,50.0,1.02014792144861,0.0,0.510073960724305,True,False
2026-09-11T01:39:17+00:00,2026-09-11,cohort,88469016|same|0|0|1|0|0|0|all|0,88469016,[SBRB]ROOM.9,Harry Potter - J. K. Rowling,Harry Potter - J. K. Rowling,,same,0,0,1,0,0,0,all,0,483,813,70,3,24,37689,4,Explicit,Underage Sex,M/M,中文-普通话 國語,,21 Aug 2026,8.61008610086101,0.36900369003690037,2.952029520295203,34.285714285714285,18.573058452068242,0.7959882193743533,6.367905754994826,True,False
2026-09-11T01:39:17+00:00,2026-09-11,cohort,90054146|same|0|0|1|0|0|0|all|0,90054146,Hermione Granger is not Boring,Harry Potter - J. K. Rowling,Harry Potter - J. K. Rowling,,same,0,0,1,0,0,0,all,0,483,3183,154,42,42,19323,5,Explicit,No Archive Warnings Apply,F/M,English,,21 Aug 2026,4.838202953188816,1.3195098963242224,1.3195098963242224,27.27272727272727,79.69776949749003,21.73575531749728,21.73575531749728,True,False
2026-09-11T01:39:17+00:00,2026-09-11,cohort,85842131|same|0|0|1|0|0|0|all|0,85842131,Your voice calls for me,Harry Potter - J. K. Rowling,Harry Potter - J. K. Rowling,,same,0,0,1,0,0,0,all,0,483,2960,124,30,46,14737,13,General Audiences,Creator Chose Not To Use Archive Warnings,M/M,English,,21 Aug 2026,4.1891891891891895,1.0135135135135136,1.5540540540540542,37.096774193548384,84.14195562190405,20.356924747234853,31.21395127909344,True,False
2026-09-11T01:39:17+00:00,2026-09-11,cohort,91051401|same|0|0|1|0|0|0|all|0,91051401,Wrong send,Harry Potter - J. K. Rowling,Harry Potter - J. K. Rowling,,same,0,0,1,0,0,0,all,0,483,1835,297,22,55,3957,1,Not Rated,Underage Sex,M/M,English,,21 Aug 2026,16.185286103542236,1.1989100817438691,2.997275204359673,18.51851851851852,750.5686125852918,55.597675006317914,138.9941875157948,True,False
2026-09-11T01:39:17+00:00,2026-09-11,cohort,61271521|same|0|0|1|0|0|0|all|0,61271521,Wisdom of Letters,Harry Potter - J. K. Rowling,Harry Potter - J. K. Rowling,,same,0,0,1,0,0,0,all,0,483,46720,1171,462,1093,176614,22,Mature,Creator Chose Not To Use Archive Warnings,Multi,English,,21 Aug 2026,2.506421232876712,0.9888698630136985,2.3394691780821915,93.33902647309992,66.30278460371206,26.158741662608854,61.886373673661204,True,False
2026-09-11T01:39:17+00:00,2026-09-11,cohort,80193661|same|0|0|1|0|0|0|all|0,80193661,In the Arms of the Wicked,Harry Potter - J. K. Rowling,Harry Potter - J. K. Rowling,,same,0,0,1,0,0,0,all,0,483,6373,174,39,135,118999,14,Explicit,Graphic Depictions Of Violence,F/M,English,,21 Aug 2026,2.730268319472776,0.6119566922956222,2.1183116271771536,77.58620689655173,14.621971613206833,3.2773384650291177,11.344633148177715,True,False
2026-09-11T01:39:17+00:00,2026-09-11,cohort,91049991|same|0|0|1|0|0|0|all|0,91049991,giveth,Harry Potter - J. K. Rowling,Harry Potter - J. K. Rowling,,same,0,0,1,0,0,0,all,0,483,60,2,0,1,898,1,Mature,Creator Chose Not To Use Archive Warnings,M/M,English,,21 Aug 2026,3.3333333333333335,0.0,1.6666666666666667,50.0,22.271714922048996,0.0,11.135857461024498,True,False
2026-09-11T01:39:17+00:00,2026-09-11,cohort,73582231|same|0|0|1|0|0|0|all|0,73582231,Fall With You Through the Dark,Harry Potter - J. K. Rowling,Harry Potter - J. K. Rowling,,same,0,0,1,0,0,0,all,0,484,16914,428,166,164,98656,19,Explicit,"Graphic Depictions Of Violence, Underage Sex, F/M, M/M",,English,,21 Aug 2026,2.5304481494619844,0.9814354972212369,0.9696109731583304,38.31775700934579,43.383068439831334,16.82614336685047,16.623418747972753,True,False
2026-09-11T01:39:17+00:00,2026-09-11,cohort,25808401|same|0|0|1|0|0|0|all|0,25808401,What If He Had A Choice,Harry Potter - J. K. Rowling,Harry Potter - Fandom,,same,0,0,1,0,0,0,all,0,484,104724,3440,391,290,78360,70,Not Rated,Creator Chose Not To Use Archive Warnings,M/M,English,,21 Aug 2026,3.2848248729995033,0.3733623620182575,0.2769183759214698,8.430232558139535,438.99948953547727,49.89790709545687,37.00867789688617,True,False
2026-09-11T01:39:17+00:00,2026-09-11,cohort,91050326|same|0|0|1|0|0|0|all|0,91050326,Little Lion Boy,Harry Potter - J. K. Rowling,Harry Potter - J. K. Rowling,,same,0,0,1,0,0,0,all,0,484,1443,153,43,29,1464,1,Mature,No Archive Warnings Apply,Gen,English,,21 Aug 2026,10.602910602910603,2.9799029799029797,2.0097020097020097,18.954248366013072,1045.0819672131147,293.7158469945355,198.0874316939891,True,False
2026-09-11T01:39:17+00:00,2026-09-11,cohort,51823411|same|0|0|1|0|0|0|all|0,51823411,We're two worlds apart,Harry Potter - J. K. Rowling,Harry Potter - J. K. Rowling,,same,0,0,1,0,0,0,all,0,484,1847,70,8,5,6974,5,Not Rated,Creator Chose Not To Use Archive Warnings,Other,English,,21 Aug 2026,3.7899296155928535,0.4331348132106118,0.2707092582566324,7.142857142857142,100.37281330656725,11.471178663607684,7.169486664754804,True,False
2026-09-11T01:39:17+00:00,2026-09-11,cohort,75829671|same|0|0|1|0|0|0|all|0,75829671,The long afterlife of Myrtle Warren,Harry Potter - J. K. Rowling,Harry Potter - J. K. Rowling,,same,0,0,1,0,0,0,all,0,484,16292,444,92,526,169329,22,Teen And Up Audiences,Graphic Depictions Of Violence,F/M,English,,21 Aug 2026,2.725263933218758,0.5646943285047876,3.2285784434078075,118.46846846846846,26.22114345445848,5.4332099049778835,31.063787065417028,True,False
2026-09-11T01:39:17+00:00,2026-09-11,cohort,79002331|same|0|0|1|0|0|0|all|0,79002331,Improper Confessions,Harry Potter - J. K. Rowling,Harry Potter - J. K. Rowling,,same,0,0,1,0,0,0,all,0,484,1551,65,11,17,13969,3,Explicit,"Underage Sex, Creator Chose Not To Use Archive Warnings",F/F,English,,21 Aug 2026,4.190844616376531,0.7092198581560284,1.096067053513862,26.153846153846157,46.53160569833202,7.8745794258715724,12.169804567256067,True,False
2026-09-11T01:39:17+00:00,2026-09-11,cohort,89943766|same|0|0|1|0|0|0|all|0,89943766,Harry Potter and the Philosopher's Moan,Harry Potter - J. K. Rowling,Harry Potter - J. K. Rowling,,same,0,0,1,0,0,0,all,0,484,16445,56,20,8,47274,19,Explicit,"Rape/Non-Con, Underage Sex, F/F, F/M, Multi, Other",,English,,21 Aug 2026,0.34052903618121005,0.12161751292186075,0.048647005168744296,14.285714285714285,11.84583491982908,4.230655328510386,1.6922621314041544,True,False
2026-09-11T01:39:17+00:00,2026-09-11,cohort,90721301|same|0|0|1|0|0|0|all|0,90721301,Harry Potter and the Secret of Love,Harry Potter - J. K. Rowling,Harry Potter - J. K. Rowling,,same,0,0,1,0,0,0,all,0,484,116,6,0,1,4005,3,Teen And Up Audiences,"Graphic Depictions Of Violence, Major Character Death",M/M,English,,21 Aug 2026,5.172413793103448,0.0,0.8620689655172413,16.666666666666664,14.981273408239701,0.0,2.4968789013732833,True,False
2026-09-11T01:39:17+00:00,2026-09-11,cohort,66388816|same|0|0|1|0|0|0|all|0,66388816,Some Narnia Like Shit,Harry Potter - J. K. Rowling,Harry Potter - J. K. Rowling,,same,0,0,1,0,0,0,all,0,484,15280,584,96,157,57616,35,Not Rated,"Creator Chose Not To Use Archive Warnings, Graphic Depictions Of Violence",M/M,English,,21 Aug 2026,3.8219895287958114,0.6282722513089005,1.0274869109947644,26.88356164383562,101.36073312968621,16.662038322688144,27.2493751735629,True,False
2026-09-11T01:39:17+00:00,2026-09-11,cohort,87872386|same|0|0|1|0|0|0|all|0,87872386,where all the poets went to die,Harry Potter - J. K. Rowling,Harry Potter - J. K. Rowling,,same,0,0,1,0,0,0,all,0,484,195,8,2,1,16221,7,Explicit,"Graphic Depictions Of Violence, Major Character Death, F/F, M/M",,English,,21 Aug 2026,4.102564102564102,1.0256410256410255,0.5128205128205128,12.5,4.931878429196721,1.2329696072991803,0.6164848036495901,True,False
2026-09-11T01:39:17+00:00,2026-09-11,cohort,88931646|same|0|0|1|0|0|0|all|0,88931646,DEATH SPIRAL.,Harry Potter - J. K. Rowling,Harry Potter - J. K. Rowling,,same,0,0,1,0,0,0,all,0,484,84,6,0,1,16554,6,Not Rated,Creator Chose Not To Use Archive Warnings,F/M,English,,21 Aug 2026,7.142857142857142,0.0,1.1904761904761905,16.666666666666664,3.624501631025734,0.0,0.6040836051709557,True,False
2026-09-11T01:39:17+00:00,2026-09-11,cohort,60406609|same|0|0|1|0|0|0|all|0,60406609,【HP中心/全员向】翠居春晓,Harry Potter - J. K. Rowling,Harry Potter - J. K. Rowling,,same,0,0,1,0,0,0,all,0,484,1438,31,4,5,45577,5,Not Rated,Creator Chose Not To Use Archive Warnings,M/M,中文-普通话 國語,,21 Aug 2026,2.1557719054242,0.27816411682892905,0.34770514603616137,16.129032258064516,6.80167628409066,0.8776356495600851,1.0970445619501064,True,False
2026-09-11T01:39:17+00:00,2026-09-11,cohort,89515841|same|0|0|1|0|0|0|all|0,89515841,What the Body Knows,Harry Potter - J. K. Rowling,Harry Potter - J. K. Rowling,,same,0,0,1,0,0,0,all,0,484,1913,73,21,5,31237,6,Explicit,No Archive Warnings Apply,F/M,English,,21 Aug 2026,3.8159958180867743,1.097752221641401,0.26136957658128596,6.8493150684931505,23.369721804270576,6.722796683420303,1.600665877004834,True,False
2026-09-11T01:39:17+00:00,2026-09-11,cohort,58599535|same|0|0|1|0|0|0|all|0,58599535,Always- a Harry Potter Story,Harry Potter - J. K. Rowling,Harry Potter - J. K. Rowling,,same,0,0,1,0,0,0,all,0,484,16765,365,99,319,65617,52,General Audiences,No Archive Warnings Apply,Gen,English,,21 Aug 2026,2.177154786758127,0.5905159558604235,1.9027736355502534,87.3972602739726,55.62582867244769,15.087553530335127,48.61545026441319,True,False
2026-09-11T01:39:17+00:00,2026-09-11,cohort,90188496|same|0|0|1|0|0|0|all|0,90188496,Twenty-two looks good on you,Harry Potter - J. K. Rowling,Harry Potter - J. K. Rowling,,same,0,0,1,0,0,0,all,0,484,117,19,0,6,326,1,General Audiences,"No Archive Warnings Apply, F/M, M/M, Multi",,English,,21 Aug 2026,16.23931623931624,0.0,5.128205128205128,31.57894736842105,582.8220858895705,0.0,184.04907975460125,True,False
2026-09-11T01:39:17+00:00,2026-09-11,cohort,83499861|same|0|0|1|0|0|0|all|0,83499861,Draco Malfoy and the Absolute Idiot Who is Harry Potter (previously 'a dragon's fresh start'),Harry Potter - J. K. Rowling,Harry Potter - J. K. Rowling,,same,0,0,1,0,0,0,all,0,484,410,29,3,4,3440,3,General Audiences,No Archive Warnings Apply,Multi,English,,21 Aug 2026,7.073170731707316,0.7317073170731708,0.975609756097561,13.793103448275861,84.30232558139535,8.720930232558139,11.627906976744185,True,False
2026-09-11T01:39:17+00:00,2026-09-11,cohort,91048046|same|0|0|1|0|0|0|all|0,91048046,The Version No One Knows,Harry Potter - J. K. Rowling,Harry Potter - J. K. Rowling,,same,0,0,1,0,0,0,all,0,484,1043,35,8,4,21599,1,Explicit,No Archive Warnings Apply,F/M,English,,21 Aug 2026,3.3557046979865772,0.7670182166826461,0.38350910834132307,11.428571428571429,16.204453909903236,3.703875179406454,1.851937589703227,True,False
2026-09-11T01:39:17+00:00,2026-09-11,cohort,53323069|same|0|0|1|0|0|0|all|0,53323069,Adventures of a Suicidal Gentleman,Harry Potter - J. K. Rowling,Harry Potter - J. K. Rowling,,same,0,0,1,0,0,0,all,0,485,3304,59,9,76,46375,20,Teen And Up Audiences,No Archive Warnings Apply,M/M,Tiếng Việt,,21 Aug 2026,1.7857142857142856,0.2723970944309927,2.3002421307506054,128.81355932203388,12.722371967654986,1.940700808625337,16.388140161725065,True,False
2026-09-11T01:39:17+00:00,2026-09-11,cohort,91047631|same|0|0|1|0|0|0|all|0,91047631,Waiting Since Midnight,Harry Potter - J. K. Rowling,Harry Potter - J. K. Rowling,,same,0,0,1,0,0,0,all,0,485,244,7,0,0,1941,1,Explicit,Underage Sex,M/M,English,,21 Aug 2026,2.8688524590163933,0.0,0.0,0.0,36.06388459556929,0.0,0.0,True,False
2026-09-11T01:39:17+00:00,2026-09-11,cohort,63067606|same|0|0|1|0|0|0|all|0,63067606,Tourner en boucle,Harry Potter - J. K. Rowling,Harry Potter - J. K. Rowling,,same,0,0,1,0,0,0,all,0,485,100,4,0,0,506,3,General Audiences,"Creator Chose Not To Use Archive Warnings, No category",,Français,,21 Aug 2026,4.0,0.0,0.0,0.0,79.05138339920948,0.0,0.0,True,False
2026-09-11T01:39:17+00:00,2026-09-11,cohort,73461721|same|0|0|1|0|0|0|all|0,73461721,The right side,Harry Potter - J. K. Rowling,Harry Potter - J. K. Rowling,,same,0,0,1,0,0,0,all,0,485,325,7,0,0,14377,12,Mature,Creator Chose Not To Use Archive Warnings,F/M,English,,21 Aug 2026,2.1538461538461537,0.0,0.0,0.0,4.868887806913821,0.0,0.0,True,False
2026-09-11T01:39:17+00:00,2026-09-11,cohort,84394576|same|0|0|1|0|0|0|all|0,84394576,In the Shadows IV (The Last Bastion),Harry Potter - J. K. Rowling,Harry Potter - J. K. Rowling,,same,0,0,1,0,0,0,all,0,485,641,22,5,23,33992,5,Mature,Creator Chose Not To Use Archive Warnings,F/M,English,,21 Aug 2026,3.43213728549142,0.7800312012480499,3.58814352574103,104.54545454545455,6.472111084961167,1.4709343374911743,6.766297952459403,True,False
2026-09-11T01:39:17+00:00,2026-09-11,cohort,76689636|same|0|0|1|0|0|0|all|0,76689636,Severus and...,Harry Potter - J. K. Rowling,Harry Potter - J. K. Rowling,,same,0,0,1,0,0,0,all,0,485,16990,421,50,44,42249,24,General Audiences,"Creator Chose Not To Use Archive Warnings, F/M, M/M, Multi",,English,,21 Aug 2026,2.4779281930547383,0.2942907592701589,0.2589758681577398,10.451306413301662,99.64732893086227,11.834599635494332,10.414447679235012,True,False
2026-09-11T01:39:17+00:00,2026-09-11,cohort,91044711|same|0|0|1|0|0|0|all|0,91044711,A Legillimens' Canvas,Harry Potter - J. K. Rowling,Harry Potter - J. K. Rowling,,same,0,0,1,0,0,0,all,0,485,471,55,8,8,2428,1,Mature,Graphic Depictions Of Violence,Gen,English,,21 Aug 2026,11.67728237791932,1.6985138004246285,1.6985138004246285,14.545454545454545,226.52388797364088,32.948929159802304,32.948929159802304,True,False
2026-09-11T01:39:17+00:00,2026-09-11,cohort,86865306|same|0|0|1|0|0|0|all|0,86865306,If You’ll Have Me,Harry Potter - J. K. Rowling,Harry Potter - J. K. Rowling,,same,0,0,1,0,0,0,all,0,485,2101,88,15,65,11502,25,General Audiences,No Archive Warnings Apply,M/M,English,,21 Aug 2026,4.18848167539267,0.7139457401237506,3.0937648738695858,73.86363636363636,76.50843331594506,13.041210224308816,56.51191097200487,True,False
2026-09-11T01:39:17+00:00,2026-09-11,cohort,76556791|same|0|0|1|0|0|0|all|0,76556791,La prière d'une mère,Harry Potter - J. K. Rowling,Harry Potter - J. K. Rowling,,same,0,0,1,0,0,0,all,0,485,952,18,2,1,65492,13,Explicit,"Graphic Depictions Of Violence, Underage Sex, F/M, M/M",,Français,,21 Aug 2026,1.8907563025210083,0.21008403361344538,0.10504201680672269,5.555555555555555,2.74842728882917,0.3053808098699078,0.1526904049349539,True,False
2026-09-11T01:39:17+00:00,2026-09-11,cohort,90928326|same|0|0|1|0|0|0|all|0,90928326,Five days | Pět dní | Překlad,Harry Potter - J. K. Rowling,Harry Potter - J. K. Rowling,,same,0,0,1,0,0,0,all,0,485,65,1,0,14,26377,5,Mature,No Archive Warnings Apply,F/M,Čeština,,21 Aug 2026,1.5384615384615385,0.0,21.53846153846154,1400.0,0.3791181711339424,0.0,5.307654395875195,True,False
2026-09-11T01:39:17+00:00,2026-09-11,cohort,91043016|same|0|0|1|0|0|0|all|0,91043016,【HP降雨几率】艾沃尔·麦克米兰-present,Harry Potter - J. K. Rowling,Harry Potter - J. K. Rowling,,same,0,0,1,0,0,0,all,0,485,315,12,0,0,1220,1,Not Rated,"Creator Chose Not To Use Archive Warnings, No category",,中文-普通话 國語,,21 Aug 2026,3.8095238095238098,0.0,0.0,0.0,98.36065573770493,0.0,0.0,True,False
2026-09-11T01:39:17+00:00,2026-09-11,cohort,90841231|same|0|0|1|0|0|0|all|0,90841231,KINKTOBER 2026,Harry Potter - J. K. Rowling,Harry Potter - J. K. Rowling,,same,0,0,1,0,0,0,all,0,485,1589,23,13,10,472,2,Explicit,"Creator Chose Not To Use Archive Warnings, M/M, F/F",,English,,21 Aug 2026,1.44745122718691,0.8181246066708621,0.6293266205160478,43.47826086956522,487.2881355932204,275.4237288135593,211.864406779661,True,False
2026-09-11T01:39:17+00:00,2026-09-11,cohort,91042716|same|0|0|1|0|0|0|all|0,91042716,【HP降雨几率】One Night,Harry Potter - J. K. Rowling,Harry Potter - J. K. Rowling,,same,0,0,1,0,0,0,all,0,485,421,12,0,1,4111,3,Mature,"Creator Chose Not To Use Archive Warnings, No category",,中文-普通话 國語,,21 Aug 2026,2.8503562945368173,0.0,0.23752969121140144,8.333333333333332,29.18997810751642,0.0,2.4324981756263684,True,False
2026-09-11T01:39:17+00:00,2026-09-11,cohort,91042611|same|0|0|1|0|0|0|all|0,91042611,【HP降雨几率】泰瑞·布特-present（h）,Harry Potter - J. K. Rowling,Harry Potter - J. K. Rowling,,same,0,0,1,0,0,0,all,0,485,384,11,0,0,2075,1,Mature,"Creator Chose Not To Use Archive Warnings, No category",,中文-普通话 國語,,21 Aug 2026,2.864583333333333,0.0,0.0,0.0,53.01204819277108,0.0,0.0,True,False
2026-09-11T01:39:17+00:00,2026-09-11,cohort,91042536|same|0|0|1|0|0|0|all|0,91042536,[Drarry]Let's play with mommy,Harry Potter - J. K. Rowling,Harry Potter - J. K. Rowling,,same,0,0,1,0,0,0,all,0,485,222,6,0,0,2905,1,Explicit,Graphic Depictions Of Violence,M/M,中文-普通话 國語,,21 Aug 2026,2.7027027027027026,0.0,0.0,0.0,20.65404475043029,0.0,0.0,True,False
2026-09-11T01:39:17+00:00,2026-09-11,cohort,91042516|same|0|0|1|0|0|0|all|0,91042516,【HP降雨几率】哈利·波特-冬叙,Harry Potter - J. K. Rowling,Harry Potter - J. K. Rowling,,same,0,0,1,0,0,0,all,0,485,131,4,0,0,1391,1,Not Rated,"Creator Chose Not To Use Archive Warnings, No category",,中文-普通话 國語,,21 Aug 2026,3.0534351145038165,0.0,0.0,0.0,28.75629043853343,0.0,0.0,True,False
2026-09-11T01:39:17+00:00,2026-09-11,cohort,71208886|same|0|0|1|0|0|0|all|0,71208886,Mr.Saint and the Devil,Harry Potter - J. K. Rowling,Harry Potter - J. K. Rowling,,same,0,0,1,0,0,0,all,0,486,18722,821,169,221,29627,8,Mature,"Major Character Death, M/M, F/M",,English,,21 Aug 2026,4.385215254780473,0.9026813374639462,1.1804294412990066,26.9183922046285,277.11209369831573,57.04256252742431,74.59412022817024,True,False
2026-09-11T01:39:17+00:00,2026-09-11,cohort,91042461|same|0|0|1|0|0|0|all|0,91042461,【HP降雨几率】瑞文·沙菲克-present,Harry Potter - J. K. Rowling,Harry Potter - J. K. Rowling,,same,0,0,1,0,0,0,all,0,486,161,5,0,0,1343,1,Not Rated,"Creator Chose Not To Use Archive Warnings, No category",,中文-普通话 國語,,21 Aug 2026,3.1055900621118013,0.0,0.0,0.0,37.230081906180196,0.0,0.0,True,False
2026-09-11T01:39:17+00:00,2026-09-11,cohort,80442436|same|0|0|1|0|0|0|all|0,80442436,The Hidden Legacy,Harry Potter - J. K. Rowling,Harry Potter - J. K. Rowling,,same,0,0,1,0,0,0,all,0,486,340,65,2,37,45076,12,General Audiences,No Archive Warnings Apply,Gen,English,,21 Aug 2026,19.11764705882353,0.5882352941176471,10.882352941176471,56.92307692307692,14.420090513798918,0.44369509273227437,8.208359215547075,True,False
2026-09-11T01:39:17+00:00,2026-09-11,cohort,67846216|same|0|0|1|0|0|0|all|0,67846216,The Noble and Most Ancient House of Black,Harry Potter - J. K. Rowling,Harry Potter - J. K. Rowling,,same,0,0,1,0,0,0,all,0,486,2420,32,6,92,30712,25,Explicit,"Graphic Depictions Of Violence, Rape/Non-Con, Underage Sex, F/M, F/F, M/M",,English,,21 Aug 2026,1.322314049586777,0.24793388429752067,3.8016528925619832,287.5,10.41938004688721,1.953633758791352,29.955717634800727,True,False
2026-09-11T01:39:17+00:00,2026-09-11,cohort,91042426|same|0|0|1|0|0|0|all|0,91042426,【HP降雨几率】伊万诺·莱曼-技师（淫）,Harry Potter - J. K. Rowling,Harry Potter - J. K. Rowling,,same,0,0,1,0,0,0,all,0,486,269,2,0,0,971,1,Mature,"Creator Chose Not To Use Archive Warnings, No category",,中文-普通话 國語,,21 Aug 2026,0.7434944237918215,0.0,0.0,0.0,20.597322348094746,0.0,0.0,True,False
2026-09-11T01:39:17+00:00,2026-09-11,cohort,91042386|same|0|0|1|0|0|0|all|0,91042386,【HP降雨几率】伊万诺·莱曼-present（淫）,Harry Potter - J. K. Rowling,Harry Potter - J. K. Rowling,,same,0,0,1,0,0,0,all,0,486,306,2,0,0,1291,1,Mature,"Creator Chose Not To Use Archive Warnings, No category",,中文-普通话 國語,,21 Aug 2026,0.6535947712418301,0.0,0.0,0.0,15.49186676994578,0.0,0.0,True,False
2026-09-11T01:39:17+00:00,2026-09-11,cohort,91042246|same|0|0|1|0|0|0|all|0,91042246,【HP降雨几率】洛维达·卡罗-present,Harry Potter - J. K. Rowling,Harry Potter - J. K. Rowling,,same,0,0,1,0,0,0,all,0,486,160,6,0,0,2007,1,Not Rated,"Creator Chose Not To Use Archive Warnings, No category",,中文-普通话 國語,,21 Aug 2026,3.75,0.0,0.0,0.0,29.895366218236173,0.0,0.0,True,False
2026-09-11T01:39:17+00:00,2026-09-11,cohort,91042146|same|0|0|1|0|0|0|all|0,91042146,Categorically False,Harry Potter - J. K. Rowling,Harry Potter - J. K. Rowling,,same,0,0,1,0,0,0,all,0,486,333,61,2,11,894,1,Teen And Up Audiences,No Archive Warnings Apply,F/M,English,,21 Aug 2026,18.31831831831832,0.6006006006006006,3.303303303303303,18.0327868852459,682.3266219239374,22.371364653243848,123.04250559284117,True,False
2026-09-11T01:39:17+00:00,2026-09-11,cohort,91042161|same|0|0|1|0|0|0|all|0,91042161,【HP降雨几率】约克·伯斯德-present（h）,Harry Potter - J. K. Rowling,Harry Potter - J. K. Rowling,,same,0,0,1,0,0,0,all,0,486,280,15,0,0,1414,1,Mature,"Creator Chose Not To Use Archive Warnings, No category",,中文-普通话 國語,,21 Aug 2026,5.357142857142857,0.0,0.0,0.0,106.08203677510609,0.0,0.0,True,False
2026-09-11T01:39:17+00:00,2026-09-11,cohort,81043856|same|0|0|1|0|0|0|all|0,81043856,En el Pasado Distante,Harry Potter - J. K. Rowling,Harry Potter - J. K. Rowling,,same,0,0,1,0,0,0,all,0,486,904,30,10,5,57893,7,General Audiences,Creator Chose Not To Use Archive Warnings,F/M,Español,,21 Aug 2026,3.3185840707964607,1.1061946902654867,0.5530973451327433,16.666666666666664,5.1819736410274135,1.7273245470091376,0.8636622735045688,True,False
2026-09-11T01:39:17+00:00,2026-09-11,cohort,88738151|same|0|0|1|0|0|0|all|0,88738151,The Thirteenth Vault,Harry Potter - J. K. Rowling,Harry Potter - J. K. Rowling,,same,0,0,1,0,0,0,all,0,486,2169,25,15,20,133555,25,Teen And Up Audiences,No Archive Warnings Apply,F/M,English,,21 Aug 2026,1.1526048870447212,0.6915629322268326,0.9220839096357769,80.0,1.8718879862229045,1.1231327917337428,1.4975103889783234,True,False
2026-09-11T01:39:17+00:00,2026-09-11,cohort,91041841|same|0|0|1|0|0|0|all|0,91041841,【HP降雨几率】伊万诺·莱曼-纯血if,Harry Potter - J. K. Rowling,Harry Potter - J. K. Rowling,,same,0,0,1,0,0,0,all,0,486,414,22,2,2,24588,9,Mature,"Underage Sex, No category",,中文-普通话 國語,,21 Aug 2026,5.314009661835748,0.4830917874396135,0.4830917874396135,9.090909090909092,8.947454042622416,0.8134049129656744,0.8134049129656744,True,False
2026-09-11T01:39:17+00:00,2026-09-11,cohort,86640976|same|0|0|1|0|0|0|all|0,86640976,On Consumption and Observation,Harry Potter - J. K. Rowling,Harry Potter - J. K. Rowling,,same,0,0,1,0,0,0,all,0,486,665,43,14,12,21753,6,Not Rated,No Archive Warnings Apply,Gen,English,,21 Aug 2026,6.466165413533835,2.1052631578947367,1.8045112781954888,27.906976744186046,19.767388406196847,6.4358938996919965,5.516480485450283,True,False
2026-09-11T01:39:17+00:00,2026-09-11,cohort,91041706|same|0|0|1|0|0|0|all|0,91041706,bloody mary on the rocks,Harry Potter - J. K. Rowling,Harry Potter - J. K. Rowling,,same,0,0,1,0,0,0,all,0,486,80,13,5,3,379,1,General Audiences,No Archive Warnings Apply,F/M,English,,21 Aug 2026,16.25,6.25,3.75,23.076923076923077,343.0079155672823,131.92612137203167,79.155672823219,True,False
2026-09-11T01:39:17+00:00,2026-09-11,cohort,91041686|same|0|0|1|0|0|0|all|0,91041686,【HP降雨几率】灵感小片段-First Time,Harry Potter - J. K. Rowling,Harry Potter - J. K. Rowling,,same,0,0,1,0,0,0,all,0,486,229,8,0,2,4126,1,Mature,"Creator Chose Not To Use Archive Warnings, No category",,中文-普通话 國語,,21 Aug 2026,3.4934497816593884,0.0,0.8733624454148471,25.0,19.389238972370336,0.0,4.847309743092584,True,False
2026-09-11T01:39:17+00:00,2026-09-11,cohort,91041616|same|0|0|1|0|0|0|all|0,91041616,【HP降雨几率】下架番外·艾沃尔·麦克米兰-规则之下1（h）,Harry Potter - J. K. Rowling,Harry Potter - J. K. Rowling,,same,0,0,1,0,0,0,all,0,486,257,3,0,0,9314,1,Mature,"Creator Chose Not To Use Archive Warnings, No category",,中文-普通话 國語,,21 Aug 2026,1.1673151750972763,0.0,0.0,0.0,3.2209576980888985,0.0,0.0,True,False
2026-09-11T01:39:17+00:00,2026-09-11,cohort,82130976|same|0|0|1|0|0|0|all|0,82130976,Like a Chicken with its Head Cut Off,Harry Potter - J. K. Rowling,Harry Potter - J. K. Rowling,,same,0,0,1,0,0,0,all,0,486,12920,980,193,83,21075,6,Teen And Up Audiences,"No Archive Warnings Apply, Gen, M/M",,English,,21 Aug 2026,7.5851393188854495,1.4938080495356036,0.6424148606811145,8.46938775510204,465.005931198102,91.57769869513642,39.383155397390276,True,False
2026-09-11T01:39:17+00:00,2026-09-11,cohort,91041556|same|0|0|1|0|0|0|all|0,91041556,【HP降雨几率】下架番外·洛维达·卡罗-失忆症第三天（h）,Harry Potter - J. K. Rowling,Harry Potter - J. K. Rowling,,same,0,0,1,0,0,0,all,0,486,119,1,0,0,4136,1,Mature,"Creator Chose Not To Use Archive Warnings, No category",,中文-普通话 國語,,21 Aug 2026,0.8403361344537815,0.0,0.0,0.0,2.4177949709864603,0.0,0.0,True,False
2026-09-11T01:39:17+00:00,2026-09-11,cohort,91041501|same|0|0|1|0|0|0|all|0,91041501,【HP降雨几率】下架番外·伊万诺·莱曼-对视（h）,Harry Potter - J. K. Rowling,Harry Potter - J. K. Rowling,,same,0,0,1,0,0,0,all,0,486,251,5,0,0,9142,1,Mature,"Creator Chose Not To Use Archive Warnings, No category",,中文-普通话 國語,,21 Aug 2026,1.9920318725099602,0.0,0.0,0.0,5.469262743382192,0.0,0.0,True,False
2026-09-11T01:39:17+00:00,2026-09-11,cohort,91041456|same|0|0|1|0|0|0|all|0,91041456,【HP降雨几率】下架番外·伊万诺·莱曼-达拉崩吧生日蛋糕结局（h）,Harry Potter - J. K. Rowling,Harry Potter - J. K. Rowling,,same,0,0,1,0,0,0,all,0,487,155,2,0,0,785,1,Mature,"Creator Chose Not To Use Archive Warnings, No category",,中文-普通话 國語,,21 Aug 2026,1.2903225806451613,0.0,0.0,0.0,25.477707006369425,0.0,0.0,True,False
2026-09-11T01:39:17+00:00,2026-09-11,cohort,91041371|same|0|0|1|0|0|0|all|0,91041371,【HP降雨几率】下架番外-瑞文·沙菲克-达拉崩吧不害臊结局(h),Harry Potter - J. K. Rowling,Harry Potter - J. K. Rowling,,same,0,0,1,0,0,0,all,0,487,131,4,0,0,835,1,Mature,"Creator Chose Not To Use Archive Warnings, No category",,中文-普通话 國語,,21 Aug 2026,3.0534351145038165,0.0,0.0,0.0,47.90419161676647,0.0,0.0,True,False
2026-09-11T01:39:17+00:00,2026-09-11,cohort,91041311|same|0|0|1|0|0|0|all|0,91041311,【HP降雨几率】哈利·波特-热 完整版（h）,Harry Potter - J. K. Rowling,Harry Potter - J. K. Rowling,,same,0,0,1,0,0,0,all,0,487,284,5,1,0,2900,1,Mature,"Creator Chose Not To Use Archive Warnings, No category",,中文-普通话 國語,,21 Aug 2026,1.7605633802816902,0.35211267605633806,0.0,0.0,17.241379310344826,3.4482758620689653,0.0,True,False
2026-09-11T01:39:17+00:00,2026-09-11,cohort,91041211|same|0|0|1|0|0|0|all|0,91041211,【HP降雨几率】约克·伯斯德-雨季·完整续写版（h）,Harry Potter - J. K. Rowling,Harry Potter - J. K. Rowling,,same,0,0,1,0,0,0,all,0,487,231,11,0,0,10432,1,Mature,"Creator Chose Not To Use Archive Warnings, No category",,中文-普通话 國語,,21 Aug 2026,4.761904761904762,0.0,0.0,0.0,10.544478527607362,0.0,0.0,True,False
2026-09-11T01:39:17+00:00,2026-09-11,cohort,91041061|same|0|0|1|0|0|0|all|0,91041061,Eau De Archie,Harry Potter - J. K. Rowling,Harry Potter - J. K. Rowling,,same,0,0,1,0,0,0,all,0,487,87,12,1,0,546,1,General Audiences,No Archive Warnings Apply,Gen,English,,21 Aug 2026,13.793103448275861,1.1494252873563218,0.0,0.0,219.7802197802198,18.315018315018314,0.0,True,False
2026-09-11T01:39:17+00:00,2026-09-11,cohort,91040946|same|0|0|1|0|0|0|all|0,91040946,【HP降雨几率】下架番外文字版-瑞文·沙菲克-失忆症第三天（h）,Harry Potter - J. K. Rowling,Harry Potter - J. K. Rowling,,same,0,0,1,0,0,0,all,0,487,132,4,0,0,3533,1,Mature,"Creator Chose Not To Use Archive Warnings, No category",,中文-普通话 國語,,21 Aug 2026,3.0303030303030303,0.0,0.0,0.0,11.321822813472968,0.0,0.0,True,False
2026-09-11T01:39:17+00:00,2026-09-11,cohort,91040851|same|0|0|1|0|0|0|all|0,91040851,Trial and Error of Raising a Kid That's Not Yours,Harry Potter - J. K. Rowling,Harry Potter - J. K. Rowling,,same,0,0,1,0,0,0,all,0,487,62,7,2,1,1873,1,Not Rated,"No Archive Warnings Apply, F/F, M/M",,English,,21 Aug 2026,11.29032258064516,3.225806451612903,1.6129032258064515,14.285714285714285,37.373198077949816,10.678056593699946,5.339028296849973,True,False
2026-09-11T01:39:17+00:00,2026-09-11,cohort,91040836|same|0|0|1|0|0|0|all|0,91040836,【HP降雨几率】下架番外文字版-艾沃尔·麦克米兰-失忆症（h）,Harry Potter - J. K. Rowling,Harry Potter - J. K. Rowling,,same,0,0,1,0,0,0,all,0,487,231,3,0,0,4407,1,Mature,"Creator Chose Not To Use Archive Warnings, No category",,中文-普通话 國語,,21 Aug 2026,1.2987012987012987,0.0,0.0,0.0,6.807351940095303,0.0,0.0,True,False
2026-09-11T01:39:17+00:00,2026-09-11,cohort,91040756|same|0|0|1|0|0|0|all|0,91040756,【HP降雨几率】下架番外文字版-伊万诺·莱曼-失忆症（淫）,Harry Potter - J. K. Rowling,Harry Potter - J. K. Rowling,,same,0,0,1,0,0,0,all,0,487,224,7,0,0,5927,1,Mature,"Creator Chose Not To Use Archive Warnings, No category",,中文-普通话 國語,,21 Aug 2026,3.125,0.0,0.0,0.0,11.81035937236376,0.0,0.0,True,False
2026-09-11T01:39:17+00:00,2026-09-11,cohort,91040456|same|0|0|1|0|0|0|all|0,91040456,【HP降雨几率】下架番外文字版-哈利·波特-失忆症（h）,Harry Potter - J. K. Rowling,Harry Potter - J. K. Rowling,,same,0,0,1,0,0,0,all,0,487,235,5,0,0,3404,1,Mature,"Creator Chose Not To Use Archive Warnings, No category",,中文-普通话 國語,,21 Aug 2026,2.127659574468085,0.0,0.0,0.0,14.688601645123384,0.0,0.0,True,False
2026-09-11T01:39:17+00:00,2026-09-11,cohort,91020536|same|0|0|1|0|0|0|all|0,91020536,I'm not in love,Harry Potter - J. K. Rowling,Harry Potter - J. K. Rowling,,same,0,0,1,0,0,0,all,0,487,171,11,1,0,2388,1,Teen And Up Audiences,No Archive Warnings Apply,M/M,English,,21 Aug 2026,6.432748538011696,0.5847953216374269,0.0,0.0,46.06365159128978,4.187604690117253,0.0,True,False
2026-09-11T01:39:17+00:00,2026-09-11,cohort,78275191|same|0|0|1|0|0|0|all|0,78275191,'cause all of my enemies started out friends / help me hold on to you,Harry Potter - J. K. Rowling,Hogwarts Legacy (Video Game),,same,0,0,1,0,0,0,all,0,487,975,52,2,120,55318,42,Teen And Up Audiences,"No Archive Warnings Apply, F/M, Gen, Other, F/F, Multi",,English,,21 Aug 2026,5.333333333333334,0.20512820512820512,12.307692307692308,230.76923076923075,9.400195234824109,0.36154597057015797,21.692758234209478,True,False
2026-09-11T01:39:17+00:00,2026-09-11,cohort,91040281|same|0|0|1|0|0|0|all|0,91040281,【HP降雨几率】下架番外文字版-安东尼·戈德斯坦-失忆症（h）,Harry Potter - J. K. Rowling,Harry Potter - J. K. Rowling,,same,0,0,1,0,0,0,all,0,487,131,4,0,0,5674,1,Mature,"Creator Chose Not To Use Archive Warnings, No category",,中文-普通话 國語,,21 Aug 2026,3.0534351145038165,0.0,0.0,0.0,7.049700387733521,0.0,0.0,True,False
2026-09-11T01:39:17+00:00,2026-09-11,cohort,91040056|same|0|0|1|0|0|0|all|0,91040056,【HP降雨几率】下架番外文字版-瑞文·沙菲克-魅魔（h）,Harry Potter - J. K. Rowling,Harry Potter - J. K. Rowling,,same,0,0,1,0,0,0,all,0,487,205,14,0,0,8166,1,Mature,"Creator Chose Not To Use Archive Warnings, No category",,中文-普通话 國語,,21 Aug 2026,6.829268292682928,0.0,0.0,0.0,17.144256674014205,0.0,0.0,True,False
2026-09-11T01:39:17+00:00,2026-09-11,cohort,86236736|same|0|0|1|0|0|0|all|0,86236736,At All Costs (keep your good name),Harry Potter - J. K. Rowling,Harry Potter - J. K. Rowling,,same,0,0,1,0,0,0,all,0,487,9541,174,47,7,27445,10,Explicit,No Archive Warnings Apply,M/M,English,,22 Aug 2026,1.82370820668693,0.49261083743842365,0.07336757153338225,4.022988505747127,63.39952632537803,17.125159409728546,2.5505556567680814,True,False
2026-09-11T01:39:17+00:00,2026-09-11,cohort,90642706|same|0|0|1|0|0|0|all|0,90642706,[T] Neighborhood Watch | Straż Sąsiedzka || Dramione [PL],Harry Potter - J. K. Rowling,Harry Potter - J. K. Rowling,,same,0,0,1,0,0,0,all,0,487,1257,54,4,0,27002,7,Explicit,Creator Chose Not To Use Archive Warnings,F/M,Polski,,21 Aug 2026,4.295942720763723,0.31821797931583135,0.0,0.0,19.99851862824976,1.4813717502407229,0.0,True,False
2026-09-11T01:39:17+00:00,2026-09-11,cohort,87251666|same|0|0|1|0|0|0|all|0,87251666,Draco Malfoy: The Fall,Harry Potter - J. K. Rowling,Harry Potter - J. K. Rowling,,same,0,0,1,0,0,0,all,0,487,5459,92,26,153,83741,49,Explicit,"Graphic Depictions Of Violence, Rape/Non-Con",F/M,English,,21 Aug 2026,1.685290346217256,0.4762777065396593,2.8027111192526104,166.30434782608697,10.986255239369006,3.1048112632999363,18.270620126341935,True,False
2026-09-11T01:39:17+00:00,2026-09-11,cohort,90960106|same|0|0|1|0|0|0|all|0,90960106,The Heart Wants What the Heart Wants,Harry Potter - J. K. Rowling,Harry Potter - J. K. Rowling,,same,0,0,1,0,0,0,all,0,488,101,6,5,2,5162,2,Not Rated,Creator Chose Not To Use Archive Warnings,M/M,English,,21 Aug 2026,5.9405940594059405,4.9504950495049505,1.9801980198019802,33.33333333333333,11.623401782254941,9.686168151879118,3.8744672607516466,True,False
2026-09-11T01:39:17+00:00,2026-09-11,cohort,90789711|same|0|0|1|0|0|0|all|0,90789711,The Gingerbread Shop,Harry Potter - J. K. Rowling,Harry Potter - J. K. Rowling,,same,0,0,1,0,0,0,all,0,488,69,5,2,2,3450,2,Teen And Up Audiences,No Archive Warnings Apply,M/M,English,,21 Aug 2026,7.246376811594203,2.898550724637681,2.898550724637681,40.0,14.492753623188406,5.797101449275362,5.797101449275362,True,False
2026-09-11T01:39:17+00:00,2026-09-11,cohort,90701136|same|0|0|1|0|0|0|all|0,90701136,What Remained.,Harry Potter - J. K. Rowling,Harry Potter - J. K. Rowling,,same,0,0,1,0,0,0,all,0,488,620,39,2,2,9693,1,Mature,Creator Chose Not To Use Archive Warnings,F/M,English,,21 Aug 2026,6.290322580645161,0.3225806451612903,0.3225806451612903,5.128205128205128,40.23522129371711,2.063344681729083,2.063344681729083,True,False
2026-09-11T01:39:17+00:00,2026-09-11,cohort,90634821|same|0|0|1|0|0|0|all|0,90634821,The Direction of Always.,Harry Potter - J. K. Rowling,Harry Potter - J. K. Rowling,,same,0,0,1,0,0,0,all,0,488,724,46,6,5,7105,1,Mature,Creator Chose Not To Use Archive Warnings,F/M,English,,21 Aug 2026,6.353591160220995,0.8287292817679558,0.6906077348066298,10.869565217391305,64.74313863476425,8.444757213230119,7.037297677691766,True,False
2026-09-11T01:39:17+00:00,2026-09-11,cohort,90524776|same|0|0|1|0|0|0|all|0,90524776,The Vow,Harry Potter - J. K. Rowling,Harry Potter - J. K. Rowling,,same,0,0,1,0,0,0,all,0,488,50,3,2,3,6344,4,Mature,Creator Chose Not To Use Archive Warnings,F/M,English,,21 Aug 2026,6.0,4.0,6.0,100.0,4.7288776796973515,3.1525851197982346,4.7288776796973515,True,False
2026-09-11T01:39:17+00:00,2026-09-11,cohort,89536246|same|0|0|1|0|0|0|all|0,89536246,Book One: Mark of Shadows,Harry Potter - J. K. Rowling,Harry Potter - J. K. Rowling,,same,0,0,1,0,0,0,all,0,488,70,0,0,2,19197,14,Mature,Graphic Depictions Of Violence,F/M,English,,21 Aug 2026,0.0,0.0,2.857142857142857,0.0,0.0,0.0,1.0418294525186227,True,False
2026-09-11T01:39:17+00:00,2026-09-11,cohort,89447291|same|0|0|1|0|0|0|all|0,89447291,forgotten toys,Harry Potter - J. K. Rowling,Harry Potter - J. K. Rowling,,same,0,0,1,0,0,0,all,0,488,686,38,8,15,2040,1,Explicit,No Archive Warnings Apply,F/M,English,,21 Aug 2026,5.539358600583091,1.1661807580174928,2.186588921282799,39.473684210526315,186.27450980392157,39.21568627450981,73.52941176470588,True,False
2026-09-11T01:39:17+00:00,2026-09-11,cohort,89383591|same|0|0|1|0|0|0|all|0,89383591,Castimonia,Harry Potter - J. K. Rowling,Harry Potter - J. K. Rowling,,same,0,0,1,0,0,0,all,0,488,2174,186,26,68,7494,1,Explicit,No Archive Warnings Apply,F/M,English,,21 Aug 2026,8.555657773689052,1.1959521619135236,3.1278748850046,36.55913978494624,248.19855884707766,34.69442220443021,90.73925807312517,True,False
2026-09-11T01:39:17+00:00,2026-09-11,cohort,89379441|same|0|0|1|0|0|0|all|0,89379441,Ducking Autocorrect!,Harry Potter - J. K. Rowling,Harry Potter - J. K. Rowling,,same,0,0,1,0,0,0,all,0,488,566,26,4,15,7497,1,Explicit,"No Archive Warnings Apply, F/M, Multi",,English,,21 Aug 2026,4.593639575971731,0.7067137809187279,2.65017667844523,57.692307692307686,34.68053888221956,5.33546752034147,20.008003201280513,True,False
2026-09-11T01:39:17+00:00,2026-09-11,cohort,89101766|same|0|0|1|0|0|0|all|0,89101766,Prove It,Harry Potter - J. K. Rowling,Harry Potter - J. K. Rowling,,same,0,0,1,0,0,0,all,0,488,6123,303,48,53,7292,1,Explicit,No Archive Warnings Apply,F/M,English,,21 Aug 2026,4.948554630083293,0.7839294463498285,0.8655887636779356,17.491749174917494,415.52386176631927,65.82556226001097,72.68239166209544,True,False
2026-09-11T01:39:17+00:00,2026-09-11,cohort,89067981|same|0|0|1|0|0|0|all|0,89067981,The Freudian Slipper,Harry Potter - J. K. Rowling,Harry Potter - J. K. Rowling,,same,0,0,1,0,0,0,all,0,488,122,21,3,30,4273,1,Mature,No Archive Warnings Apply,M/M,English,,21 Aug 2026,17.21311475409836,2.459016393442623,24.59016393442623,142.85714285714286,49.14579920430611,7.020828457758015,70.20828457758016,True,False
2026-09-11T01:39:17+00:00,2026-09-11,cohort,88908261|same|0|0|1|0|0|0|all|0,88908261,The Immortality of the Crab,Harry Potter - J. K. Rowling,Harry Potter - J. K. Rowling,,same,0,0,1,0,0,0,all,0,488,369,15,4,14,10840,2,Explicit,No Archive Warnings Apply,Multi,English,,21 Aug 2026,4.0650406504065035,1.084010840108401,3.7940379403794036,93.33333333333333,13.837638376383763,3.6900369003690034,12.915129151291513,True,False
2026-09-11T01:39:17+00:00,2026-09-11,cohort,88688526|same|0|0|1|0|0|0|all|0,88688526,"Damn, who hurt you?",Harry Potter - J. K. Rowling,Harry Potter - J. K. Rowling,,same,0,0,1,0,0,0,all,0,489,543,8,2,0,33717,9,Teen And Up Audiences,"Creator Chose Not To Use Archive Warnings, F/F, F/M, M/M",,English,,21 Aug 2026,1.4732965009208103,0.3683241252302026,0.0,0.0,2.3726903342527508,0.5931725835631877,0.0,True,False
2026-09-11T01:39:17+00:00,2026-09-11,cohort,88541531|same|0|0|1|0|0|0|all|0,88541531,Picking flowers from somebody else's yard,Harry Potter - J. K. Rowling,Harry Potter - J. K. Rowling,,same,0,0,1,0,0,0,all,0,489,2825,171,19,11,3899,3,Not Rated,"Graphic Depictions Of Violence, Rape/Non-Con, F/M, M/M",,English,,21 Aug 2026,6.053097345132744,0.6725663716814159,0.3893805309734513,6.432748538011696,438.5739933316235,48.73044370351372,28.212362144139522,True,False
2026-09-11T01:39:17+00:00,2026-09-11,cohort,88415756|same|0|0|1|0|0|0|all|0,88415756,The end is near,Harry Potter - J. K. Rowling,Harry Potter - J. K. Rowling,,same,0,0,1,0,0,0,all,0,489,121,2,0,0,36261,6,Explicit,"Graphic Depictions Of Violence, F/F, F/M, Gen, M/M",,English,,21 Aug 2026,1.6528925619834711,0.0,0.0,0.0,0.5515567689804474,0.0,0.0,True,False
2026-09-11T01:39:17+00:00,2026-09-11,cohort,88261521|same|0|0|1|0|0|0|all|0,88261521,"Bit on the pit, a dull thrill.",Harry Potter - J. K. Rowling,Harry Potter - J. K. Rowling,,same,0,0,1,0,0,0,all,0,489,267,22,2,8,31074,8,Not Rated,Creator Chose Not To Use Archive Warnings,F/M,English,,21 Aug 2026,8.239700374531834,0.7490636704119851,2.9962546816479403,36.36363636363637,7.079873849520499,0.6436248954109545,2.574499581643818,True,False
2026-09-11T01:39:17+00:00,2026-09-11,cohort,88006746|same|0|0|1|0|0|0|all|0,88006746,"just a little rush, babe",Harry Potter - J. K. Rowling,Harry Potter - J. K. Rowling,,same,0,0,1,0,0,0,all,0,489,785,80,11,30,4670,1,Explicit,No Archive Warnings Apply,M/M,English,,21 Aug 2026,10.191082802547772,1.4012738853503186,3.821656050955414,37.5,171.30620985010708,23.554603854389722,64.23982869379014,True,False
2026-09-11T01:39:17+00:00,2026-09-11,cohort,87310676|same|0|0|1|0|0|0|all|0,87310676,The Werewolf and the Wizard,Harry Potter - J. K. Rowling,Harry Potter - J. K. Rowling,,same,0,0,1,0,0,0,all,0,489,242,7,6,2,52254,10,Explicit,"Graphic Depictions Of Violence, Major Character Death, Rape/Non-Con, Underage Sex",F/M,English,,21 Aug 2026,2.8925619834710745,2.479338842975207,0.8264462809917356,28.57142857142857,1.339610364756765,1.1482374555057986,0.38274581850193284,True,False
2026-09-11T01:39:17+00:00,2026-09-11,cohort,86711021|same|0|0|1|0|0|0|all|0,86711021,Take Me As I Am,Harry Potter - J. K. Rowling,Harry Potter - J. K. Rowling,,same,0,0,1,0,0,0,all,0,489,103,3,3,2,44369,4,Explicit,Creator Chose Not To Use Archive Warnings,M/M,English,,21 Aug 2026,2.912621359223301,2.912621359223301,1.9417475728155338,66.66666666666666,0.6761477608239987,0.6761477608239987,0.4507651738826658,True,False
2026-09-11T01:39:17+00:00,2026-09-11,cohort,85507496|same|0|0|1|0|0|0|all|0,85507496,The Art of Pretending,Harry Potter - J. K. Rowling,Harry Potter - J. K. Rowling,,same,0,0,1,0,0,0,all,0,489,545,33,7,10,26048,6,Explicit,"No Archive Warnings Apply, F/F, F/M, M/M",,English,,21 Aug 2026,6.055045871559633,1.2844036697247707,1.834862385321101,30.303030303030305,12.66891891891892,2.6873464373464375,3.839066339066339,True,False
2026-09-11T01:39:17+00:00,2026-09-11,cohort,82942096|same|0|0|1|0|0|0|all|0,82942096,I know it's over for you,Harry Potter - J. K. Rowling,Harry Potter - J. K. Rowling,,same,0,0,1,0,0,0,all,0,489,217,12,0,1,44821,11,Teen And Up Audiences,"Major Character Death, No category",,English,,21 Aug 2026,5.529953917050691,0.0,0.4608294930875576,8.333333333333332,2.677316436491823,0.0,0.22310970304098524,True,False
2026-09-11T01:39:17+00:00,2026-09-11,cohort,81451676|same|0|0|1|0|0|0|all|0,81451676,"so much of the living, love, is the being unknown",Harry Potter - J. K. Rowling,Harry Potter - J. K. Rowling,,same,0,0,1,0,0,0,all,0,489,226,10,1,6,7805,23,Teen And Up Audiences,"Major Character Death, No category",,English,,21 Aug 2026,4.424778761061947,0.4424778761061947,2.6548672566371683,60.0,12.812299807815503,1.2812299807815504,7.687379884689302,True,False
2026-09-11T01:39:17+00:00,2026-09-11,cohort,69704611|same|0|0|1|0|0|0|all|0,69704611,Draw Our Own Constellations,Harry Potter - J. K. Rowling,Harry Potter - J. K. Rowling,,same,0,0,1,0,0,0,all,0,489,852,38,17,59,41086,10,Mature,No Archive Warnings Apply,F/M,English,,21 Aug 2026,4.460093896713615,1.9953051643192488,6.924882629107981,155.26315789473685,9.24889256681108,4.1376624640996935,14.360122669522465,True,False
2026-09-11T01:39:17+00:00,2026-09-11,cohort,57722713|same|0|0|1|0|0|0|all|0,57722713,The Thing About Fate,Harry Potter - J. K. Rowling,Harry Potter - J. K. Rowling,,same,0,0,1,0,0,0,all,0,489,1732,70,19,23,28097,9,Not Rated,Creator Chose Not To Use Archive Warnings,F/M,English,,21 Aug 2026,4.041570438799076,1.0969976905311778,1.327944572748268,32.857142857142854,24.913691853222765,6.762287788731893,8.185927323201765,True,False
2026-09-11T01:39:17+00:00,2026-09-11,cohort,49475917|same|0|0|1|0|0|0|all|0,49475917,A Simple Change of Mind,Harry Potter - J. K. Rowling,Harry Potter - J. K. Rowling,,same,0,0,1,0,0,0,all,0,489,294660,1853,838,323,118937,17,Explicit,"No Archive Warnings Apply, F/F, F/M, Multi",,English,,21 Aug 2026,0.6288603814565941,0.2843955745605104,0.10961786465757144,17.431192660550458,155.79676635529734,70.45746908026939,27.157234502299538,True,False
2026-09-11T01:39:17+00:00,2026-09-11,cohort,91035361|same|0|0|1|0|0|0|all|0,91035361,Lines Among the Stars,Harry Potter - J. K. Rowling,Harry Potter - J. K. Rowling,,same,0,0,1,0,0,0,all,0,489,126,14,1,4,7786,5,Teen And Up Audiences,No Archive Warnings Apply,F/F,English,,21 Aug 2026,11.11111111111111,0.7936507936507936,3.1746031746031744,28.57142857142857,17.980991523246853,1.2843565373747752,5.137426149499101,True,False
2026-09-11T01:39:17+00:00,2026-09-11,cohort,90981351|same|0|0|1|0|0|0|all|0,90981351,All Dogs Go To Heaven,Harry Potter - J. K. Rowling,Harry Potter - J. K. Rowling,,same,0,0,1,0,0,0,all,0,489,3108,208,95,53,5474,2,Explicit,Creator Chose Not To Use Archive Warnings,F/M,English,,21 Aug 2026,6.692406692406692,3.0566280566280564,1.705276705276705,25.48076923076923,379.9780781877968,173.54767994154182,96.8213372305444,True,False
2026-09-11T01:39:17+00:00,2026-09-11,cohort,90958581|same|0|0|1|0|0|0|all|0,90958581,Jumper,Harry Potter - J. K. Rowling,Harry Potter - J. K. Rowling,,same,0,0,1,0,0,0,all,0,490,71,3,0,0,2699,2,Mature,"No Archive Warnings Apply, F/M, M/M",,English,,21 Aug 2026,4.225352112676056,0.0,0.0,0.0,11.115227862171174,0.0,0.0,True,False
2026-09-11T01:39:17+00:00,2026-09-11,cohort,68477566|same|0|0|1|0|0|0|all|0,68477566,Darkness always finds you either way,Harry Potter - J. K. Rowling,Fantastic Beasts and Where to Find Them (Movies),,same,0,0,1,0,0,0,all,0,490,1579,27,5,42,69861,17,General Audiences,"Creator Chose Not To Use Archive Warnings, Graphic Depictions Of Violence",Gen,English,,21 Aug 2026,1.7099430018999366,0.31665611146295125,2.6599113362887903,155.55555555555557,3.864817280027483,0.7157069037087931,6.011937991153863,True,False
2026-09-11T01:39:17+00:00,2026-09-11,cohort,90190826|same|0|0|1|0|0|0|all|0,90190826,Accidental Apparation,Harry Potter - J. K. Rowling,Harry Potter - J. K. Rowling,,same,0,0,1,0,0,0,all,0,490,879,85,5,2,11567,1,Explicit,Underage Sex,M/M,English,,21 Aug 2026,9.670079635949943,0.5688282138794084,0.22753128555176336,2.3529411764705883,73.48491397942422,4.322641998789661,1.729056799515864,True,False
2026-09-11T01:39:17+00:00,2026-09-11,cohort,88926121|same|0|0|1|0|0|0|all|0,88926121,A Night on the Ground(s),Harry Potter - J. K. Rowling,Harry Potter - J. K. Rowling,,same,0,0,1,0,0,0,all,0,490,1564,33,6,1,2416,1,Explicit,No Archive Warnings Apply,F/M,English,,21 Aug 2026,2.1099744245524295,0.3836317135549872,0.0639386189258312,3.0303030303030303,136.58940397350995,24.834437086092716,4.139072847682119,True,False
2026-09-11T01:39:17+00:00,2026-09-11,cohort,91037331|same|0|0|1|0|0|0|all|0,91037331,"Helping Him ""See,""",Harry Potter - J. K. Rowling,Hogwarts Legacy (Video Game),,same,0,0,1,0,0,0,all,0,490,96,11,1,9,3955,1,Explicit,No Archive Warnings Apply,F/M,English,,21 Aug 2026,11.458333333333332,1.0416666666666665,9.375,81.81818181818183,27.81289506953224,2.5284450063211126,22.75600505689001,True,False
2026-09-11T01:39:17+00:00,2026-09-11,cohort,68676021|same|0|0|1|0|0|0|all|0,68676021,Something,Harry Potter - J. K. Rowling,Harry Potter - J. K. Rowling,,same,0,0,1,0,0,0,all,0,490,4354,127,21,15,105265,20,Explicit,Creator Chose Not To Use Archive Warnings,F/M,English,,21 Aug 2026,2.9168580615525954,0.482315112540193,0.3445107946715664,11.811023622047244,12.064788866194842,1.9949650881109582,1.4249750629363986,True,False
2026-09-11T01:39:17+00:00,2026-09-11,cohort,86359241|same|0|0|1|0|0|0|all|0,86359241,"I'll mourn for a kid, but won't cry for a king",Harry Potter - J. K. Rowling,Harry Potter - J. K. Rowling,,same,0,0,1,0,0,0,all,0,490,138,10,4,14,10261,4,Not Rated,"Creator Chose Not To Use Archive Warnings, Graphic Depictions Of Violence, Major Character Death, No Archive Warnings Apply, F/F, F/M, M/M",,English,,21 Aug 2026,7.246376811594203,2.898550724637681,10.144927536231885,140.0,9.745638826625084,3.898255530650034,13.64389435727512,True,False
2026-09-11T01:39:17+00:00,2026-09-11,cohort,89702436|same|0|0|1|0|0|0|all|0,89702436,In the Name of Black,Harry Potter - J. K. Rowling,Harry Potter - J. K. Rowling,,same,0,0,1,0,0,0,all,0,490,1625,61,4,45,58791,14,Teen And Up Audiences,"Graphic Depictions Of Violence, Major Character Death",Gen,English,,21 Aug 2026,3.7538461538461543,0.24615384615384617,2.769230769230769,73.77049180327869,10.375737782993996,0.68037624806518,7.654232790733276,True,False
2026-09-11T01:39:17+00:00,2026-09-11,cohort,91036856|same|0|0|1|0|0|0|all|0,91036856,Nightmares,Harry Potter - J. K. Rowling,Harry Potter - J. K. Rowling,,same,0,0,1,0,0,0,all,0,490,170,27,2,1,1928,1,Not Rated,"Creator Chose Not To Use Archive Warnings, No category",,English,,21 Aug 2026,15.88235294117647,1.1764705882352942,0.5882352941176471,3.7037037037037033,140.04149377593362,10.37344398340249,5.186721991701245,True,False
2026-09-11T01:39:17+00:00,2026-09-11,cohort,87931076|same|0|0|1|0|0|0|all|0,87931076,What We Never Spoke Of,Harry Potter - J. K. Rowling,Harry Potter - J. K. Rowling,,same,0,0,1,0,0,0,all,0,490,257,10,4,2,16006,5,Not Rated,Creator Chose Not To Use Archive Warnings,F/M,English,,21 Aug 2026,3.8910505836575875,1.556420233463035,0.7782101167315175,20.0,6.247657128576784,2.499062851430714,1.249531425715357,True,False
2026-09-11T01:39:17+00:00,2026-09-11,cohort,89790526|same|0|0|1|0|0|0|all|0,89790526,"From the future, with love - Dramione (Traducción)",Harry Potter - J. K. Rowling,Harry Potter - J. K. Rowling,,same,0,0,1,0,0,0,all,0,490,1415,52,6,20,81792,15,Explicit,No Archive Warnings Apply,F/M,Español,,21 Aug 2026,3.674911660777385,0.4240282685512367,1.4134275618374559,38.46153846153847,6.357589984350548,0.7335680751173709,2.445226917057903,True,False
2026-09-11T01:39:17+00:00,2026-09-11,cohort,91034796|same|0|0|1|0|0|0|all|0,91034796,sweet lies of sweet loves,Harry Potter - J. K. Rowling,Harry Potter - J. K. Rowling,,same,0,0,1,0,0,0,all,0,490,63,10,1,10,8691,6,Mature,Creator Chose Not To Use Archive Warnings,M/M,English,,21 Aug 2026,15.873015873015872,1.5873015873015872,15.873015873015872,100.0,11.506155793349441,1.1506155793349442,11.506155793349441,True,False
2026-09-11T01:39:17+00:00,2026-09-11,cohort,90638516|same|0|0|1|0|0|0|all|0,90638516,What if I was… Harry Potter,Harry Potter - J. K. Rowling,Harry Potter - J. K. Rowling,,same,0,0,1,0,0,0,all,0,490,68,3,0,2,2484,2,Teen And Up Audiences,"Graphic Depictions Of Violence, Major Character Death, No category",,English,,21 Aug 2026,4.411764705882353,0.0,2.941176470588235,66.66666666666666,12.077294685990337,0.0,8.051529790660226,True,False
2026-09-11T01:39:17+00:00,2026-09-11,cohort,91036566|same|0|0|1|0|0|0|all|0,91036566,The Long Watch.,Harry Potter - J. K. Rowling,Harry Potter - J. K. Rowling,,same,0,0,1,0,0,0,all,0,490,1167,181,32,16,17825,1,Not Rated,Creator Chose Not To Use Archive Warnings,M/M,English,,21 Aug 2026,15.509854327335045,2.742073693230506,1.371036846615253,8.83977900552486,101.54277699859747,17.952314165497896,8.976157082748948,True,False
2026-09-11T01:39:17+00:00,2026-09-11,cohort,91036351|same|0|0|1|0|0|0|all|0,91036351,The cowardly lion and the graceless serpent,Harry Potter - J. K. Rowling,Harry Potter - J. K. Rowling,,same,0,0,1,0,0,0,all,0,490,53,7,3,1,1542,1,Not Rated,Creator Chose Not To Use Archive Warnings,F/M,English,,21 Aug 2026,13.20754716981132,5.660377358490567,1.8867924528301887,14.285714285714285,45.39559014267186,19.45525291828794,6.485084306095979,True,False
2026-09-11T01:39:17+00:00,2026-09-11,cohort,89960406|same|0|0|1|0|0|0|all|0,89960406,When The Moon Meets The Serpent,Harry Potter - J. K. Rowling,Harry Potter - J. K. Rowling,,same,0,0,1,0,0,0,all,0,490,54,3,0,2,3403,3,General Audiences,Creator Chose Not To Use Archive Warnings,F/M,English,,21 Aug 2026,5.555555555555555,0.0,3.7037037037037033,66.66666666666666,8.81575080811049,0.0,5.8771672054069946,True,False
2026-09-11T01:39:17+00:00,2026-09-11,cohort,90752791|same|0|0|1|0|0|0|all|0,90752791,El Duque y la Espada,Harry Potter - J. K. Rowling,Harry Potter - J. K. Rowling,,same,0,0,1,0,0,0,all,0,491,796,84,13,10,30641,3,Mature,Creator Chose Not To Use Archive Warnings,M/M,Español,,21 Aug 2026,10.552763819095476,1.6331658291457287,1.256281407035176,11.904761904761903,27.41424888221664,4.2426813746287655,3.263601057406743,True,False
2026-09-11T01:39:17+00:00,2026-09-11,cohort,91034481|same|0|0|1|0|0|0|all|0,91034481,[德哈]In Floris Veritas,Harry Potter - J. K. Rowling,Harry Potter - J. K. Rowling,,same,0,0,1,0,0,0,all,0,491,92,6,0,4,12545,6,Not Rated,Graphic Depictions Of Violence,M/M,中文-普通话 國語,,21 Aug 2026,6.521739130434782,0.0,4.3478260869565215,66.66666666666666,4.782781984854523,0.0,3.188521323236349,True,False
2026-09-11T01:39:17+00:00,2026-09-11,cohort,77906406|same|0|0|1|0|0|0|all|0,77906406,The Sweet Scent of Death,Harry Potter - J. K. Rowling,Harry Potter - J. K. Rowling,,same,0,0,1,0,0,0,all,0,491,32122,1465,625,281,83144,9,Mature,Creator Chose Not To Use Archive Warnings,M/M,English,,21 Aug 2026,4.560737189465164,1.9457069920926466,0.874789863644854,19.180887372013654,176.20032714326953,75.17078803040508,33.796786298470124,True,False
2026-09-11T01:39:17+00:00,2026-09-11,cohort,91034901|same|0|0|1|0|0|0|all|0,91034901,Ex Morte ad Vitam,Harry Potter - J. K. Rowling,Harry Potter - J. K. Rowling,,same,0,0,1,0,0,0,all,0,491,87,2,1,2,456,1,Not Rated,"Graphic Depictions Of Violence, Major Character Death",F/M,English,,21 Aug 2026,2.2988505747126435,1.1494252873563218,2.2988505747126435,100.0,43.859649122807014,21.929824561403507,43.859649122807014,True,False
2026-09-11T01:39:17+00:00,2026-09-11,cohort,91034761|same|0|0|1|0|0|0|all|0,91034761,Professor Black's ways of coping,Harry Potter - J. K. Rowling,Harry Potter - J. K. Rowling,,same,0,0,1,0,0,0,all,0,491,133,14,0,2,1765,1,Not Rated,"Creator Chose Not To Use Archive Warnings, No category",,English,,21 Aug 2026,10.526315789473683,0.0,1.5037593984962405,14.285714285714285,79.3201133144476,0.0,11.331444759206798,True,False
2026-09-11T01:39:17+00:00,2026-09-11,cohort,90711846|same|0|0|1|0|0|0|all|0,90711846,【哈德】他奔向夕阳,Harry Potter - J. K. Rowling,Harry Potter - J. K. Rowling,,same,0,0,1,0,0,0,all,0,491,176,5,5,5,180589,24,Not Rated,Creator Chose Not To Use Archive Warnings,M/M,中文-普通话 國語,,21 Aug 2026,2.840909090909091,2.840909090909091,2.840909090909091,100.0,0.2768717917481131,0.2768717917481131,0.2768717917481131,True,False
2026-09-11T01:39:17+00:00,2026-09-11,cohort,73432441|same|0|0|1|0|0|0|all|0,73432441,Bright Young Things: Extras,Harry Potter - J. K. Rowling,Harry Potter - J. K. Rowling,,same,0,0,1,0,0,0,all,0,491,2492,49,17,10,33934,12,Explicit,"Creator Chose Not To Use Archive Warnings, F/F, F/M, M/M, Multi",,English,,21 Aug 2026,1.9662921348314606,0.6821829855537721,0.40128410914927765,20.408163265306122,14.43979489597454,5.009724759827901,2.9468969175458244,True,False
2026-09-11T01:39:17+00:00,2026-09-11,cohort,91031821|same|0|0|1|0|0|0|all|0,91031821,New Hierarchy,Harry Potter - J. K. Rowling,Harry Potter - J. K. Rowling,,same,0,0,1,0,0,0,all,0,491,342,0,0,0,5608,2,Explicit,No Archive Warnings Apply,M/M,English,,21 Aug 2026,0.0,0.0,0.0,0.0,0.0,0.0,0.0,True,False
2026-09-11T01:39:17+00:00,2026-09-11,cohort,91033106|same|0|0|1|0|0|0|all|0,91033106,Mr and Mrs Potter,Harry Potter - J. K. Rowling,Harry Potter - J. K. Rowling,,same,0,0,1,0,0,0,all,0,491,51,4,0,0,697,1,Not Rated,"Creator Chose Not To Use Archive Warnings, F/M, Multi",,English,,21 Aug 2026,7.8431372549019605,0.0,0.0,0.0,57.38880918220947,0.0,0.0,True,False
2026-09-11T01:39:17+00:00,2026-09-11,cohort,90074316|same|0|0|1|0|0|0|all|0,90074316,The Patronus Dog,Harry Potter - J. K. Rowling,Harry Potter - J. K. Rowling,,same,0,0,1,0,0,0,all,0,491,5738,346,73,120,25302,12,Not Rated,Creator Chose Not To Use Archive Warnings,Multi,English,,21 Aug 2026,6.029975601254792,1.2722202858138723,2.0913210177762287,34.68208092485549,136.74808315548177,28.851474191763497,47.427080863172876,True,False
2026-09-11T01:39:17+00:00,2026-09-11,cohort,91032571|same|0|0|1|0|0|0|all|0,91032571,20 лет спустя,Harry Potter - J. K. Rowling,Harry Potter - J. K. Rowling,,same,0,0,1,0,0,0,all,0,491,50,3,0,1,2047,1,Mature,"No Archive Warnings Apply, F/F, F/M, M/M",,Русский,,21 Aug 2026,6.0,0.0,2.0,33.33333333333333,14.655593551538837,0.0,4.885197850512945,True,False
2026-09-11T01:39:17+00:00,2026-09-11,cohort,50365735|same|0|0|1|0|0|0|all|0,50365735,Cruel Love,Harry Potter - J. K. Rowling,Harry Potter - J. K. Rowling,,same,0,0,1,0,0,0,all,0,491,1847,34,14,8,7769,5,Explicit,Creator Chose Not To Use Archive Warnings,F/M,English,,21 Aug 2026,1.8408229561451002,0.7579859231185706,0.4331348132106118,23.52941176470588,43.7636761487965,18.020337237739735,10.297335564422706,True,False
2026-09-11T01:39:17+00:00,2026-09-11,cohort,91029056|same|0|0|1|0|0|0|all|0,91029056,Potter Triplets,Harry Potter - J. K. Rowling,Harry Potter - J. K. Rowling,,same,0,0,1,0,0,0,all,0,491,77,3,0,12,39935,34,General Audiences,"No Archive Warnings Apply, F/M, M/M",,English,,21 Aug 2026,3.896103896103896,0.0,15.584415584415584,400.0,0.75122073369225,0.0,3.004882934769,True,False
2026-09-11T01:39:17+00:00,2026-09-11,cohort,91031376|same|0|0|1|0|0|0|all|0,91031376,It was a bad idea...,Harry Potter - J. K. Rowling,Harry Potter - J. K. Rowling,,same,0,0,1,0,0,0,all,0,492,171,10,0,0,1131,2,Teen And Up Audiences,"Graphic Depictions Of Violence, Underage Sex, F/F, M/M",,English,,21 Aug 2026,5.847953216374268,0.0,0.0,0.0,88.41732979664015,0.0,0.0,True,False
2026-09-11T01:39:17+00:00,2026-09-11,cohort,91031306|same|0|0|1|0|0|0|all|0,91031306,Normalcy,Harry Potter - J. K. Rowling,Harry Potter - J. K. Rowling,,same,0,0,1,0,0,0,all,0,492,2440,335,39,17,17598,1,Not Rated,Creator Chose Not To Use Archive Warnings,M/M,English,,21 Aug 2026,13.729508196721312,1.5983606557377048,0.6967213114754098,5.074626865671641,190.3625411978634,22.16160927378111,9.660188657802022,True,False
2026-09-11T01:39:17+00:00,2026-09-11,cohort,90760396|same|0|0|1|0|0|0|all|0,90760396,back to back,Harry Potter - J. K. Rowling,Harry Potter - J. K. Rowling,,same,0,0,1,0,0,0,all,0,492,157,7,1,4,25675,7,Explicit,Creator Chose Not To Use Archive Warnings,F/M,English,,21 Aug 2026,4.45859872611465,0.6369426751592357,2.547770700636943,57.14285714285714,2.7263875365141184,0.3894839337877313,1.557935735150925,True,False
2026-09-11T01:39:17+00:00,2026-09-11,cohort,91030651|same|0|0|1|0|0|0|all|0,91030651,Dragons and Chrysanthemums,Harry Potter - J. K. Rowling,Harry Potter - J. K. Rowling,,same,0,0,1,0,0,0,all,0,492,106,3,0,3,2975,1,Explicit,"Creator Chose Not To Use Archive Warnings, Major Character Death, No Archive Warnings Apply",F/M,English,,21 Aug 2026,2.8301886792452833,0.0,2.8301886792452833,100.0,10.084033613445378,0.0,10.084033613445378,True,False
2026-09-11T01:39:17+00:00,2026-09-11,cohort,90992746|same|0|0|1|0|0|0|all|0,90992746,What Is Owed,Harry Potter - J. K. Rowling,Harry Potter - J. K. Rowling,,same,0,0,1,0,0,0,all,0,492,56,5,1,3,1057,2,Explicit,No Archive Warnings Apply,Gen,English,,21 Aug 2026,8.928571428571429,1.7857142857142856,5.357142857142857,60.0,47.30368968779565,9.460737937559129,28.38221381267739,True,False
2026-09-11T01:39:17+00:00,2026-09-11,cohort,91029791|same|0|0|1|0|0|0|all|0,91029791,Parselmouth,Harry Potter - J. K. Rowling,Harry Potter - J. K. Rowling,,same,0,0,1,0,0,0,all,0,492,630,45,3,3,836,1,Teen And Up Audiences,Graphic Depictions Of Violence,Multi,English,,21 Aug 2026,7.142857142857142,0.4761904761904762,0.4761904761904762,6.666666666666667,538.2775119617226,35.885167464114836,35.885167464114836,True,False
2026-09-11T01:39:17+00:00,2026-09-11,cohort,88798361|same|0|0|1|0|0|0|all|0,88798361,Someone Like Me,Harry Potter - J. K. Rowling,Harry Potter - J. K. Rowling,,same,0,0,1,0,0,0,all,0,492,296,14,1,7,3999,3,Teen And Up Audiences,Creator Chose Not To Use Archive Warnings,F/M,English,,21 Aug 2026,4.72972972972973,0.33783783783783783,2.364864864864865,50.0,35.00875218804701,2.5006251562890727,17.504376094023506,True,False
2026-09-11T01:39:17+00:00,2026-09-11,cohort,84945286|same|0|0|1|0|0|0|all|0,84945286,No Surprises (please),Harry Potter - J. K. Rowling,Harry Potter - J. K. Rowling,,same,0,0,1,0,0,0,all,0,492,346,23,2,0,8564,3,Mature,Graphic Depictions Of Violence,M/M,English,,21 Aug 2026,6.6473988439306355,0.5780346820809248,0.0,0.0,26.85660906118636,2.335357309668379,0.0,True,False
2026-09-11T01:39:17+00:00,2026-09-11,cohort,91028771|same|0|0|1|0|0|0|all|0,91028771,"When The Weak Court Death, They Find It",Harry Potter - J. K. Rowling,Harry Potter - J. K. Rowling,,same,0,0,1,0,0,0,all,0,492,1106,23,5,10,2582,1,Explicit,Creator Chose Not To Use Archive Warnings,M/M,English,,21 Aug 2026,2.0795660036166366,0.45207956600361665,0.9041591320072333,43.47826086956522,89.07823392718824,19.364833462432223,38.729666924864446,True,False
2026-09-11T01:39:17+00:00,2026-09-11,cohort,91028546|same|0|0|1|0|0|0|all|0,91028546,Go Up In Flames,Harry Potter - J. K. Rowling,Harry Potter - J. K. Rowling,,same,0,0,1,0,0,0,all,0,492,172,6,0,2,397,1,Teen And Up Audiences,No Archive Warnings Apply,F/M,English,,21 Aug 2026,3.488372093023256,0.0,1.1627906976744187,33.33333333333333,151.13350125944584,0.0,50.377833753148614,True,False
2026-09-11T01:39:17+00:00,2026-09-11,cohort,89146131|same|0|0|1|0|0|0|all|0,89146131,Your Father Will Tell You,Harry Potter - J. K. Rowling,Harry Potter - J. K. Rowling,,same,0,0,1,0,0,0,all,0,492,1805,109,9,28,9233,8,Teen And Up Audiences,No Archive Warnings Apply,F/M,English,,21 Aug 2026,6.038781163434903,0.4986149584487534,1.551246537396122,25.688073394495415,118.05480342250623,9.747644319289506,30.32600454890068,True,False
2026-09-11T01:39:17+00:00,2026-09-11,cohort,91027906|same|0|0|1|0|0|0|all|0,91027906,the dodgy-looking hole in the wall in the back room of a sex club,Harry Potter - J. K. Rowling,Harry Potter - J. K. Rowling,,same,0,0,1,0,0,0,all,0,492,64,4,0,0,1825,1,Explicit,"Creator Chose Not To Use Archive Warnings, No Archive Warnings Apply",M/M,English,,21 Aug 2026,6.25,0.0,0.0,0.0,21.91780821917808,0.0,0.0,True,False
2026-09-11T01:39:17+00:00,2026-09-11,cohort,91027516|same|0|0|1|0|0|0|all|0,91027516,Something Brewing,Harry Potter - J. K. Rowling,Harry Potter - J. K. Rowling,,same,0,0,1,0,0,0,all,0,492,256,12,2,1,865,1,Teen And Up Audiences,No Archive Warnings Apply,F/M,English,,21 Aug 2026,4.6875,0.78125,0.390625,8.333333333333332,138.72832369942196,23.121387283236995,11.560693641618498,True,False
2026-09-11T01:39:17+00:00,2026-09-11,cohort,85630906|same|0|0|1|0|0|0|all|0,85630906,Harry Potter Two Point Oh,Harry Potter - J. K. Rowling,Harry Potter - J. K. Rowling,,same,0,0,1,0,0,0,all,0,492,82,0,0,0,27505,7,Teen And Up Audiences,"Creator Chose Not To Use Archive Warnings, No category",,English,,21 Aug 2026,0.0,0.0,0.0,0.0,0.0,0.0,0.0,True,False
2026-09-11T01:39:17+00:00,2026-09-11,cohort,65613067|same|0|0|1|0|0|0|all|0,65613067,Assembling The Disassembled,Harry Potter - J. K. Rowling,Harry Potter - J. K. Rowling,,same,0,0,1,0,0,0,all,0,492,17682,494,135,171,101164,14,Teen And Up Audiences,Graphic Depictions Of Violence,Gen,English,,21 Aug 2026,2.79380160615315,0.7634882931795045,0.9670851713607058,34.61538461538461,48.831600173974934,13.344668063738089,16.903246214068247,True,False
2026-09-11T01:39:17+00:00,2026-09-11,cohort,91025996|same|0|0|1|0|0|0|all|0,91025996,Draco Doesn't Know,Harry Potter - J. K. Rowling,Harry Potter - J. K. Rowling,,same,0,0,1,0,0,0,all,0,493,140,26,2,7,1833,1,General Audiences,No Archive Warnings Apply,F/M,English,,21 Aug 2026,18.571428571428573,1.4285714285714286,5.0,26.923076923076923,141.84397163120568,10.911074740861974,38.18876159301691,True,False
2026-09-11T01:39:17+00:00,2026-09-11,cohort,89711416|same|0|0|1|0|0|0|all|0,89711416,tis the damn season,Harry Potter - J. K. Rowling,Harry Potter - J. K. Rowling,,same,0,0,1,0,0,0,all,0,493,243,10,4,3,24909,3,Teen And Up Audiences,No Archive Warnings Apply,M/M,English,,21 Aug 2026,4.11522633744856,1.646090534979424,1.2345679012345678,30.0,4.014613192018949,1.6058452768075797,1.2043839576056847,True,False
2026-09-11T01:39:17+00:00,2026-09-11,cohort,91024226|same|0|0|1|0|0|0|all|0,91024226,Harry Potter the boy-who-lives (who's that?),Harry Potter - J. K. Rowling,Harry Potter - J. K. Rowling,,same,0,0,1,0,0,0,all,0,493,379,20,6,2,4199,8,Mature,"Creator Chose Not To Use Archive Warnings, Graphic Depictions Of Violence",M/M,English,,21 Aug 2026,5.277044854881266,1.58311345646438,0.5277044854881267,10.0,47.63038818766373,14.28911645629912,4.763038818766373,True,False
2026-09-11T01:39:17+00:00,2026-09-11,cohort,91021701|same|0|0|1|0|0|0|all|0,91021701,Harry Potter And The Asterion Veil,Harry Potter - J. K. Rowling,Harry Potter - J. K. Rowling,,same,0,0,1,0,0,0,all,0,493,99,6,0,3,99581,15,General Audiences,Creator Chose Not To Use Archive Warnings,F/M,English,,21 Aug 2026,6.0606060606060606,0.0,3.0303030303030303,50.0,0.6025245779817435,0.0,0.30126228899087176,True,False
2026-09-11T01:39:17+00:00,2026-09-11,cohort,86224326|same|0|0|1|0|0|0|all|0,86224326,Stats per chapter,Harry Potter - J. K. Rowling,Harry Potter - Fandom,,same,0,0,1,0,0,0,all,0,493,117,1,0,0,1325,9,Not Rated,"Creator Chose Not To Use Archive Warnings, No category",,English,,21 Aug 2026,0.8547008547008548,0.0,0.0,0.0,7.547169811320754,0.0,0.0,True,False
2026-09-11T01:39:17+00:00,2026-09-11,cohort,91022376|same|0|0|1|0|0|0|all|0,91022376,Harry Potter Is a Biological Anomaly,Harry Potter - J. K. Rowling,Harry Potter - J. K. Rowling,,same,0,0,1,0,0,0,all,0,493,859,35,8,5,56670,15,General Audiences,No Archive Warnings Apply,Multi,English,,21 Aug 2026,4.074505238649592,0.9313154831199069,0.5820721769499418,14.285714285714285,6.176107287806599,1.4116816657843656,0.8823010411152286,True,False
2026-09-11T01:39:17+00:00,2026-09-11,cohort,36583366|same|0|0|1|0|0|0|all|0,36583366,I Once Wrote a Letter,Harry Potter - J. K. Rowling,Harry Potter - J. K. Rowling,,same,0,0,1,0,0,0,all,0,493,929,40,8,10,15368,5,Teen And Up Audiences,No Archive Warnings Apply,Gen,English,,21 Aug 2026,4.3057050592034445,0.8611410118406888,1.0764262648008611,25.0,26.028110359187924,5.205622071837585,6.507027589796981,True,False
2026-09-11T01:39:17+00:00,2026-09-11,cohort,72747386|same|0|0|1|0|0|0|all|0,72747386,The King's Gambit,Harry Potter - J. K. Rowling,Harry Potter - J. K. Rowling,,same,0,0,1,0,0,0,all,0,493,1016,25,3,16,47393,27,Mature,"Graphic Depictions Of Violence, Major Character Death, Rape/Non-Con, Underage Sex, F/F, F/M, M/M",,English,,21 Aug 2026,2.4606299212598426,0.2952755905511811,1.574803149606299,64.0,5.275040617812756,0.6330048741375308,3.376025995400165,True,False
2026-09-11T01:39:17+00:00,2026-09-11,cohort,85361026|same|0|0|1|0|0|0|all|0,85361026,Raising Harry,Harry Potter - J. K. Rowling,Harry Potter - J. K. Rowling,,same,0,0,1,0,0,0,all,0,493,1097,82,21,23,13119,6,Mature,No Archive Warnings Apply,M/M,English,,20 Aug 2026,7.474931631722881,1.9143117593436645,2.096627164995442,28.04878048780488,62.50476408262825,16.00731763091699,17.531824071956706,True,False
2026-09-11T01:39:17+00:00,2026-09-11,cohort,78085976|same|0|0|1|0|0|0|all|0,78085976,Harry Potter and the Muggle's Bunker,Harry Potter - J. K. Rowling,Harry Potter - J. K. Rowling,,same,0,0,1,0,0,0,all,0,493,271,10,3,4,14314,10,Teen And Up Audiences,No Archive Warnings Apply,Gen,English,,21 Aug 2026,3.6900369003690034,1.107011070110701,1.4760147601476015,40.0,6.98616738857063,2.095850216571189,2.794466955428252,True,False
2026-09-11T01:39:17+00:00,2026-09-11,cohort,91021571|same|0|0|1|0|0|0|all|0,91021571,Indigo Night,Harry Potter - J. K. Rowling,Harry Potter - J. K. Rowling,,same,0,0,1,0,0,0,all,0,493,70,9,0,5,3656,1,Explicit,Graphic Depictions Of Violence,F/M,English,,21 Aug 2026,12.857142857142856,0.0,7.142857142857142,55.55555555555556,24.61706783369803,0.0,13.676148796498905,True,False
2026-09-11T01:39:17+00:00,2026-09-11,cohort,89631246|same|0|0|1|0|0|0|all|0,89631246,Sweet Circe!,Harry Potter - J. K. Rowling,Harry Potter - J. K. Rowling,,same,0,0,1,0,0,0,all,0,493,151,9,0,1,8318,3,Explicit,Creator Chose Not To Use Archive Warnings,F/M,English,,21 Aug 2026,5.960264900662252,0.0,0.6622516556291391,11.11111111111111,10.819908631882665,0.0,1.202212070209185,True,False
2026-09-11T01:39:17+00:00,2026-09-11,cohort,90651681|same|0|0|1|0|0|0|all|0,90651681,Don't Wanna Be Just Your Sugar Baby,Harry Potter - J. K. Rowling,Harry Potter - J. K. Rowling,,same,0,0,1,0,0,0,all,0,493,175,14,1,4,1206,1,Teen And Up Audiences,No Archive Warnings Apply,M/M,English,,20 Aug 2026,8.0,0.5714285714285714,2.2857142857142856,28.57142857142857,116.08623548922056,8.291873963515755,33.16749585406302,True,False
2026-09-11T01:39:17+00:00,2026-09-11,cohort,91020126|same|0|0|1|0|0|0|all|0,91020126,Snug,Harry Potter - J. K. Rowling,Harry Potter - J. K. Rowling,,same,0,0,1,0,0,0,all,0,493,68,8,0,1,813,1,Teen And Up Audiences,No Archive Warnings Apply,Multi,English,,20 Aug 2026,11.76470588235294,0.0,1.4705882352941175,12.5,98.4009840098401,0.0,12.300123001230013,True,False
2026-09-11T01:39:17+00:00,2026-09-11,cohort,90825181|same|0|0|1|0|0|0|all|0,90825181,Ultimate Best Man,Harry Potter - J. K. Rowling,Harry Potter - J. K. Rowling,,same,0,0,1,0,0,0,all,0,493,193,8,0,0,679,1,Mature,"No Archive Warnings Apply, F/M, M/M, Multi",,English,,20 Aug 2026,4.145077720207254,0.0,0.0,0.0,117.82032400589101,0.0,0.0,True,False
2026-09-11T01:39:17+00:00,2026-09-11,cohort,37734439|same|0|0|1|0|0|0|all|0,37734439,As one leaves off the next begins,Harry Potter - J. K. Rowling,Harry Potter - J. K. Rowling,,same,0,0,1,0,0,0,all,0,493,987,42,10,4,25452,4,Teen And Up Audiences,No Archive Warnings Apply,M/M,English,,21 Aug 2026,4.25531914893617,1.0131712259371835,0.4052684903748734,9.523809523809524,16.501650165016503,3.9289643250039292,1.5715857300015716,True,False
2026-09-11T01:39:17+00:00,2026-09-11,cohort,91019551|same|0|0|1|0|0|0|all|0,91019551,You Like Me Too Much,Harry Potter - J. K. Rowling,Harry Potter - J. K. Rowling,,same,0,0,1,0,0,0,all,0,494,624,81,8,8,2304,1,General Audiences,"Creator Chose Not To Use Archive Warnings, No Archive Warnings Apply",M/M,English,,21 Aug 2026,12.980769230769232,1.282051282051282,1.282051282051282,9.876543209876543,351.5625,34.72222222222222,34.72222222222222,True,False
2026-09-11T01:39:17+00:00,2026-09-11,cohort,91019476|same|0|0|1|0|0|0|all|0,91019476,The Contract,Harry Potter - J. K. Rowling,Harry Potter - J. K. Rowling,,same,0,0,1,0,0,0,all,0,494,456,8,9,0,7013,1,Explicit,Creator Chose Not To Use Archive Warnings,F/M,English,,21 Aug 2026,1.7543859649122806,1.9736842105263157,0.0,0.0,11.407386282617994,12.833309567945244,0.0,True,False
2026-09-11T01:39:17+00:00,2026-09-11,cohort,82913081|same|0|0|1|0|0|0|all|0,82913081,Before The Veil Lifts,Harry Potter - J. K. Rowling,Harry Potter - J. K. Rowling,,same,0,0,1,0,0,0,all,0,494,1350,75,11,25,13089,10,Teen And Up Audiences,No Archive Warnings Apply,M/M,English,,21 Aug 2026,5.555555555555555,0.8148148148148148,1.8518518518518516,33.33333333333333,57.30002292000917,8.404003361601346,19.100007640003057,True,False
2026-09-11T01:39:17+00:00,2026-09-11,cohort,83272371|same|0|0|1|0|0|0|all|0,83272371,Just for a little while,Harry Potter - J. K. Rowling,Harry Potter - J. K. Rowling,,same,0,0,1,0,0,0,all,0,494,16174,228,109,183,82174,33,Mature,Graphic Depictions Of Violence,F/M,English,,21 Aug 2026,1.4096698404847285,0.6739211079510325,1.1314455298627426,80.26315789473685,27.746002385182663,13.264536228003992,22.269817703896607,True,False
2026-09-11T01:39:17+00:00,2026-09-11,cohort,86574256|same|0|0|1|0|0|0|all|0,86574256,Train To Nowhere,Harry Potter - J. K. Rowling,Harry Potter - J. K. Rowling,,same,0,0,1,0,0,0,all,0,494,689,18,8,37,96494,9,Mature,Creator Chose Not To Use Archive Warnings,M/M,English,,21 Aug 2026,2.6124818577648767,1.1611030478955007,5.370101596516691,205.55555555555554,1.8654009575724915,0.8290670922544408,3.834435301676788,True,False
2026-09-11T01:39:17+00:00,2026-09-11,cohort,75928031|same|0|0|1|0|0|0|all|0,75928031,Auguries of Innocence,Harry Potter - J. K. Rowling,Harry Potter - J. K. Rowling,,same,0,0,1,0,0,0,all,0,494,2250,94,14,85,56015,17,Mature,Creator Chose Not To Use Archive Warnings,F/M,English,,21 Aug 2026,4.177777777777777,0.6222222222222222,3.7777777777777777,90.42553191489363,16.781219316254575,2.499330536463447,15.174506828528074,True,False
2026-09-11T01:39:17+00:00,2026-09-11,cohort,91017626|same|0|0|1|0|0|0|all|0,91017626,Time After Time,Harry Potter - J. K. Rowling,Harry Potter - J. K. Rowling,,same,0,0,1,0,0,0,all,0,494,105,20,2,14,1695,1,General Audiences,No Archive Warnings Apply,F/M,English,,21 Aug 2026,19.047619047619047,1.9047619047619049,13.333333333333334,70.0,117.99410029498524,11.799410029498524,82.59587020648968,True,False
2026-09-11T01:39:17+00:00,2026-09-11,cohort,91017216|same|0|0|1|0|0|0|all|0,91017216,Running Home,Harry Potter - J. K. Rowling,Harry Potter - J. K. Rowling,,same,0,0,1,0,0,0,all,0,494,118,2,0,0,2244,1,Explicit,No Archive Warnings Apply,F/M,English,,21 Aug 2026,1.694915254237288,0.0,0.0,0.0,8.9126559714795,0.0,0.0,True,False
2026-09-11T01:39:17+00:00,2026-09-11,cohort,90809996|same|0|0|1|0|0|0|all|0,90809996,To Trace the Ripple Back,Harry Potter - J. K. Rowling,Harry Potter - J. K. Rowling,,same,0,0,1,0,0,0,all,0,494,1034,67,11,20,30767,8,Not Rated,Creator Chose Not To Use Archive Warnings,F/F,English,,21 Aug 2026,6.479690522243714,1.0638297872340425,1.9342359767891684,29.850746268656714,21.776578801963144,3.575259206292456,6.5004712841681025,True,False
2026-09-11T01:39:17+00:00,2026-09-11,cohort,86917246|same|0|0|1|0|0|0|all|0,86917246,You we're born bluer than a butterfly,Harry Potter - J. K. Rowling,Harry Potter - J. K. Rowling,,same,0,0,1,0,0,0,all,0,494,752,38,8,13,16972,4,Mature,Graphic Depictions Of Violence,M/M,English,,21 Aug 2026,5.053191489361701,1.0638297872340425,1.7287234042553192,34.21052631578947,22.3898185246288,4.71364600518501,7.659674758425642,True,False
2026-09-11T01:39:17+00:00,2026-09-11,cohort,88404676|same|0|0|1|0|0|0|all|0,88404676,The Saga of Celestine Potter,Harry Potter - J. K. Rowling,Harry Potter - J. K. Rowling,,same,0,0,1,0,0,0,all,0,494,147,1,0,3,16833,7,Mature,"Graphic Depictions Of Violence, Major Character Death, F/F, F/M, M/M",,English,,20 Aug 2026,0.6802721088435374,0.0,2.0408163265306123,300.0,0.5940711697261332,0.0,1.7822135091783995,True,False
2026-09-11T01:39:17+00:00,2026-09-11,cohort,75213236|same|0|0|1|0|0|0|all|0,75213236,A Place to Rest,Harry Potter - J. K. Rowling,Harry Potter - J. K. Rowling,,same,0,0,1,0,0,0,all,0,494,15346,1081,233,202,39437,20,Not Rated,No Archive Warnings Apply,M/M,English,,20 Aug 2026,7.044180894044051,1.5183109605108822,1.3163039228463445,18.68640148011101,274.10807110074296,59.08157314197328,51.22093465527297,True,False
2026-09-11T01:39:17+00:00,2026-09-11,cohort,89960166|same|0|0|1|0|0|0|all|0,89960166,Will You Remember?,Harry Potter - J. K. Rowling,Harry Potter - J. K. Rowling,,same,0,0,1,0,0,0,all,0,494,59,2,0,0,9255,5,Explicit,"No Archive Warnings Apply, Gen, M/M",,English,,21 Aug 2026,3.389830508474576,0.0,0.0,0.0,2.1609940572663424,0.0,0.0,True,False
2026-09-11T01:39:17+00:00,2026-09-11,cohort,56172052|same|0|0|1|0|0|0|all|0,56172052,Within the Hollow Crown,Harry Potter - J. K. Rowling,Harry Potter - J. K. Rowling,,same,0,0,1,0,0,0,all,0,494,1615,42,1,9,48233,29,Mature,Graphic Depictions Of Violence,M/M,Français,,20 Aug 2026,2.6006191950464395,0.061919504643962855,0.5572755417956656,21.428571428571427,8.707731221362968,0.20732693384197542,1.8659424045777788,True,False
2026-09-11T01:39:17+00:00,2026-09-11,cohort,49264939|same|0|0|1|0|0|0|all|0,49264939,Neomeniae *- George Weasley,Harry Potter - J. K. Rowling,Harry Potter - J. K. Rowling,,same,0,0,1,0,0,0,all,0,494,1258,39,13,10,65284,10,Teen And Up Audiences,"Creator Chose Not To Use Archive Warnings, Graphic Depictions Of Violence, Major Character Death",F/M,English,,21 Aug 2026,3.100158982511924,1.0333863275039745,0.7949125596184419,25.64102564102564,5.973898658170455,1.9912995527234851,1.5317688867103731,True,False
2026-09-11T01:39:17+00:00,2026-09-11,cohort,91014866|same|0|0|1|0|0|0|all|0,91014866,Smoke and Mirrors,Harry Potter - J. K. Rowling,Harry Potter - J. K. Rowling,,same,0,0,1,0,0,0,all,0,495,371,68,5,14,745,1,General Audiences,No Archive Warnings Apply,M/M,English,,20 Aug 2026,18.328840970350406,1.3477088948787064,3.7735849056603774,20.588235294117645,912.751677852349,67.11409395973155,187.91946308724832,True,False
2026-09-11T01:39:17+00:00,2026-09-11,cohort,82482141|same|0|0|1|0|0|0|all|0,82482141,Not Waving But Drowning,Harry Potter - J. K. Rowling,Harry Potter - J. K. Rowling,,same,0,0,1,0,0,0,all,0,495,29483,958,243,335,127056,32,Mature,"Graphic Depictions Of Violence, Major Character Death",Gen,English,,21 Aug 2026,3.2493301224434417,0.8242037784485975,1.136248007326256,34.96868475991649,75.39982369978591,19.125425009444655,26.366326659110943,True,False
2026-09-11T01:39:17+00:00,2026-09-11,cohort,60006811|same|0|0|1|0|0|0|all|0,60006811,Across an Endless Plain,Harry Potter - J. K. Rowling,Harry Potter - J. K. Rowling,,same,0,0,1,0,0,0,all,0,495,752,29,11,2,20624,7,Mature,Major Character Death,M/M,English,,21 Aug 2026,3.856382978723404,1.4627659574468086,0.26595744680851063,6.896551724137931,14.061287820015515,5.333591931730023,0.969743987587277,True,False
2026-09-11T01:39:17+00:00,2026-09-11,cohort,90673861|same|0|0|1|0|0|0|all|0,90673861,My Pretty,Harry Potter - J. K. Rowling,Harry Potter - J. K. Rowling,,same,0,0,1,0,0,0,all,0,495,6923,423,115,47,98488,10,Explicit,Creator Chose Not To Use Archive Warnings,M/M,English,,21 Aug 2026,6.110067889643219,1.6611295681063125,0.6788964321825799,11.11111111111111,42.94939485013403,11.676549427341403,4.7721549833482255,True,False
2026-09-11T01:39:17+00:00,2026-09-11,cohort,79882006|same|0|0|1|0|0|0|all|0,79882006,Terms of Devotion,Harry Potter - J. K. Rowling,Harry Potter - J. K. Rowling,,same,0,0,1,0,0,0,all,0,495,3670,191,34,48,33870,16,Teen And Up Audiences,Creator Chose Not To Use Archive Warnings,M/M,English,,21 Aug 2026,5.204359673024523,0.9264305177111717,1.3079019073569482,25.13089005235602,56.39208739297313,10.038382049010924,14.1718334809566,True,False
2026-09-11T01:39:17+00:00,2026-09-11,cohort,56029075|same|0|0|1|0|0|0|all|0,56029075,Ascension: Origins,Harry Potter - J. K. Rowling,Harry Potter - J. K. Rowling,,same,0,0,1,0,0,0,all,0,495,31902,933,326,322,136533,16,Explicit,"Graphic Depictions Of Violence, Major Character Death, Underage Sex",F/M,English,,20 Aug 2026,2.9245815309384993,1.0218795059870853,1.0093411071406182,34.51232583065381,68.33512777130804,23.87701141848491,23.584041953227423,True,False
2026-09-11T01:39:17+00:00,2026-09-11,cohort,89915911|same|0|0|1|0|0|0|all|0,89915911,Tears and blood,Harry Potter - J. K. Rowling,Harry Potter - J. K. Rowling,,same,0,0,1,0,0,0,all,0,495,1425,113,12,36,10093,4,Mature,Graphic Depictions Of Violence,M/M,English,,21 Aug 2026,7.9298245614035086,0.8421052631578947,2.526315789473684,31.858407079646017,111.95878331516893,11.889428316655106,35.668284949965326,True,False
2026-09-11T01:39:17+00:00,2026-09-11,cohort,74521721|same|0|0|1|0|0|0|all|0,74521721,Crystal Eyes (Original),Harry Potter - J. K. Rowling,Fantastic Beasts and Where to Find Them (Movies),,same,0,0,1,0,0,0,all,0,495,503,17,1,3,15873,7,Mature,No Archive Warnings Apply,M/M,English,,21 Aug 2026,3.3797216699801194,0.19880715705765406,0.5964214711729622,17.647058823529413,10.710010710010708,0.63000063000063,1.89000189000189,True,False
2026-09-11T01:39:17+00:00,2026-09-11,cohort,91011316|same|0|0|1|0|0|0|all|0,91011316,A Matter of Heart,Harry Potter - J. K. Rowling,Harry Potter - J. K. Rowling,,same,0,0,1,0,0,0,all,0,495,135,30,1,10,1553,1,General Audiences,No Archive Warnings Apply,M/M,English,,21 Aug 2026,22.22222222222222,0.7407407407407408,7.4074074074074066,33.33333333333333,193.1745009658725,6.43915003219575,64.3915003219575,True,False
2026-09-11T01:39:17+00:00,2026-09-11,cohort,66264919|same|0|0|1|0|0|0|all|0,66264919,Opportunists,Harry Potter - J. K. Rowling,Harry Potter - J. K. Rowling,,same,0,0,1,0,0,0,all,0,495,3805,160,80,141,13769,6,Not Rated,"Major Character Death, F/F, F/M",,English,,21 Aug 2026,4.204993429697766,2.102496714848883,3.7056504599211566,88.125,116.20306485583558,58.10153242791779,102.40395090420509,True,False
2026-09-11T01:39:17+00:00,2026-09-11,cohort,91010516|same|0|0|1|0|0|0|all|0,91010516,The Prefect Problem,Harry Potter - J. K. Rowling,Harry Potter - J. K. Rowling,,same,0,0,1,0,0,0,all,0,495,147,12,2,0,2547,1,Not Rated,No Archive Warnings Apply,M/M,English,,20 Aug 2026,8.16326530612245,1.3605442176870748,0.0,0.0,47.11425206124852,7.852375343541421,0.0,True,False
2026-09-11T01:39:17+00:00,2026-09-11,cohort,91010996|same|0|0|1|0|0|0|all|0,91010996,We Can All Start Agian,Harry Potter - J. K. Rowling,Harry Potter - J. K. Rowling,,same,0,0,1,0,0,0,all,0,495,769,55,7,3,1674,1,Mature,Graphic Depictions Of Violence,Other,English,,21 Aug 2026,7.152145643693109,0.9102730819245773,0.3901170351105332,5.454545454545454,328.55436081242533,41.81600955794504,17.921146953405017,True,False
2026-09-11T01:39:17+00:00,2026-09-11,cohort,89058271|same|0|0|1|0|0|0|all|0,89058271,Wicked Woman,Harry Potter - J. K. Rowling,Harry Potter - J. K. Rowling,,same,0,0,1,0,0,0,all,0,495,1408,76,31,18,15938,3,Mature,"Creator Chose Not To Use Archive Warnings, No category",,English,,21 Aug 2026,5.3977272727272725,2.2017045454545454,1.278409090909091,23.684210526315788,47.68477851675242,19.450370184464802,11.293763332915045,True,False
2026-09-11T01:39:17+00:00,2026-09-11,cohort,89404506|same|0|0|1|0|0|0|all|0,89404506,Tea and No Sympathy (Tradução PT - BR),Harry Potter - J. K. Rowling,Harry Potter - J. K. Rowling,,same,0,0,1,0,0,0,all,0,495,292,8,0,2,72851,11,Explicit,Creator Chose Not To Use Archive Warnings,M/M,Português brasileiro,,21 Aug 2026,2.73972602739726,0.0,0.684931506849315,25.0,1.0981318032696874,0.0,0.27453295081742185,True,False
2026-09-11T01:39:17+00:00,2026-09-11,cohort,70598391|same|0|0|1|0|0|0|all|0,70598391,Stolen memories.,Harry Potter - J. K. Rowling,Harry Potter - J. K. Rowling,,same,0,0,1,0,0,0,all,0,495,230,15,3,12,26800,15,Not Rated,Creator Chose Not To Use Archive Warnings,F/M,English,,21 Aug 2026,6.521739130434782,1.3043478260869565,5.217391304347826,80.0,5.597014925373134,1.1194029850746268,4.477611940298507,True,False
2026-09-11T01:39:17+00:00,2026-09-11,cohort,91008046|same|0|0|1|0|0|0|all|0,91008046,daughter from hell,Harry Potter - J. K. Rowling,Harry Potter - J. K. Rowling,,same,0,0,1,0,0,0,all,0,495,121,11,4,6,4080,1,Teen And Up Audiences,"Major Character Death, F/M, Gen",,English,,21 Aug 2026,9.090909090909092,3.3057851239669422,4.958677685950414,54.54545454545454,26.96078431372549,9.803921568627452,14.705882352941176,True,False
2026-09-11T01:39:17+00:00,2026-09-11,cohort,89659291|same|0|0|1|0|0|0|all|0,89659291,"And sunlit streets, where my hopes raise",Harry Potter - J. K. Rowling,Harry Potter - J. K. Rowling,,same,0,0,1,0,0,0,all,0,495,1436,98,12,43,15284,17,General Audiences,"No Archive Warnings Apply, F/F, F/M, M/M",,English,,21 Aug 2026,6.8245125348189415,0.8356545961002786,2.9944289693593316,43.87755102040816,64.11934048678357,7.851347814708192,28.133996336037686,True,False
2026-09-11T01:39:17+00:00,2026-09-11,cohort,91007666|same|0|0|1|0|0|0|all|0,91007666,Five Times I Kept The Letter (And One Time I Left It For You),Harry Potter - J. K. Rowling,Harry Potter - J. K. Rowling,,same,0,0,1,0,0,0,all,0,495,96,6,0,2,4155,1,General Audiences,"Creator Chose Not To Use Archive Warnings, M/M, Other",,English,,21 Aug 2026,6.25,0.0,2.083333333333333,33.33333333333333,14.440433212996389,0.0,4.813477737665463,True,False
2026-09-11T01:39:17+00:00,2026-09-11,cohort,91007351|same|0|0|1|0|0|0|all|0,91007351,Willing and able,Harry Potter - J. K. Rowling,Harry Potter - J. K. Rowling,,same,0,0,1,0,0,0,all,0,496,75,7,0,0,1340,1,Not Rated,"Major Character Death, F/M, M/M",,English,,20 Aug 2026,9.333333333333334,0.0,0.0,0.0,52.23880597014926,0.0,0.0,True,False
2026-09-11T01:39:17+00:00,2026-09-11,cohort,68521456|same|0|0|1|0|0|0|all|0,68521456,How The Malfoys Defeated Voldemort,Harry Potter - J. K. Rowling,Harry Potter - J. K. Rowling,,same,0,0,1,0,0,0,all,0,496,53013,924,300,566,132127,58,General Audiences,No Archive Warnings Apply,Multi,English,,20 Aug 2026,1.742968705789146,0.5658989304510215,1.0676626487842604,61.25541125541125,69.93271625027435,22.70542735398518,42.83757294118538,True,False
2026-09-11T01:39:17+00:00,2026-09-11,cohort,89119856|same|0|0|1|0|0|0|all|0,89119856,Big Burning World With You At The Centre,Harry Potter - J. K. Rowling,Harry Potter - J. K. Rowling,,same,0,0,1,0,0,0,all,0,496,147,7,0,1,32817,9,Mature,Graphic Depictions Of Violence,M/M,English,,20 Aug 2026,4.761904761904762,0.0,0.6802721088435374,14.285714285714285,2.133040802023342,0.0,0.30472011457476306,True,False
2026-09-11T01:39:17+00:00,2026-09-11,cohort,91005716|same|0|0|1|0|0|0|all|0,91005716,Neither Can Live While The Other Survives,Harry Potter - J. K. Rowling,Harry Potter - J. K. Rowling,,same,0,0,1,0,0,0,all,0,496,134,22,2,4,3552,1,Not Rated,"Creator Chose Not To Use Archive Warnings, F/F, F/M, M/M",,English,,20 Aug 2026,16.417910447761194,1.4925373134328357,2.9850746268656714,18.181818181818183,61.93693693693694,5.63063063063063,11.26126126126126,True,False
2026-09-11T01:39:17+00:00,2026-09-11,cohort,90751256|same|0|0|1|0|0|0|all|0,90751256,The Chamber of Secrets,Harry Potter - J. K. Rowling,Harry Potter - J. K. Rowling,,same,0,0,1,0,0,0,all,0,496,875,63,14,5,5861,2,Not Rated,Creator Chose Not To Use Archive Warnings,F/M,English,,20 Aug 2026,7.199999999999999,1.6,0.5714285714285714,7.936507936507936,107.49018938747653,23.886708752772563,8.530967411704488,True,False
2026-09-11T01:39:17+00:00,2026-09-11,cohort,87940901|same|0|0|1|0|0|0|all|0,87940901,Ninguna buena acción queda sin castigo.,Harry Potter - J. K. Rowling,Harry Potter - J. K. Rowling,,same,0,0,1,0,0,0,all,0,496,1620,43,8,16,44433,20,Mature,"No Archive Warnings Apply, F/M, M/M",,Español,,20 Aug 2026,2.6543209876543212,0.49382716049382713,0.9876543209876543,37.2093023255814,9.677491954178201,1.800463619381991,3.600927238763982,True,False
2026-09-11T01:39:17+00:00,2026-09-11,cohort,80142031|same|0|0|1|0|0|0|all|0,80142031,The Selfless Art of Falling in Love,Harry Potter - J. K. Rowling,Harry Potter - J. K. Rowling,,same,0,0,1,0,0,0,all,0,496,2076,127,30,70,14969,11,Mature,No Archive Warnings Apply,M/M,English,,20 Aug 2026,6.1175337186897885,1.4450867052023122,3.371868978805395,55.118110236220474,84.84200681408242,20.04141893246042,46.76331084240764,True,False
2026-09-11T01:39:17+00:00,2026-09-11,cohort,72515431|same|0|0|1|0|0|0|all|0,72515431,His Dumbest Idea Yet,Harry Potter - J. K. Rowling,Hogwarts Legacy (Video Game),,same,0,0,1,0,0,0,all,0,496,129,10,0,10,15628,3,Teen And Up Audiences,No Archive Warnings Apply,F/M,English,,20 Aug 2026,7.751937984496124,0.0,7.751937984496124,100.0,6.39877143588431,0.0,6.39877143588431,True,False
2026-09-11T01:39:17+00:00,2026-09-11,cohort,83140151|same|0|0|1|0|0|0|all|0,83140151,A Question of Competence (Dramione),Harry Potter - J. K. Rowling,Harry Potter - J. K. Rowling,,same,0,0,1,0,0,0,all,0,496,1046,27,10,1,20362,11,General Audiences,No Archive Warnings Apply,F/M,English,,20 Aug 2026,2.581261950286807,0.9560229445506693,0.09560229445506692,3.7037037037037033,13.259994106669286,4.911108928396032,0.4911108928396032,True,False
2026-09-11T01:39:17+00:00,2026-09-11,cohort,91004751|same|0|0|1|0|0|0|all|0,91004751,Frottage at the Cottage,Harry Potter - J. K. Rowling,Harry Potter - J. K. Rowling,,same,0,0,1,0,0,0,all,0,496,224,26,1,12,925,1,Explicit,Creator Chose Not To Use Archive Warnings,M/M,English,,20 Aug 2026,11.607142857142858,0.4464285714285714,5.357142857142857,46.15384615384615,281.0810810810811,10.81081081081081,129.7297297297297,True,False
2026-09-11T01:39:17+00:00,2026-09-11,cohort,91004591|same|0|0|1|0|0|0|all|0,91004591,Sweet Dreams Are Made Of Sirius,Harry Potter - J. K. Rowling,Harry Potter - J. K. Rowling,,same,0,0,1,0,0,0,all,0,496,1253,7,1,0,2697,1,Explicit,"Creator Chose Not To Use Archive Warnings, M/M, Other",,English,,20 Aug 2026,0.5586592178770949,0.07980845969672785,0.0,0.0,25.954764553207266,3.707823507601038,0.0,True,False
2026-09-11T01:39:17+00:00,2026-09-11,cohort,74245821|same|0|0|1|0|0|0|all|0,74245821,Jeverus Sillies [ART],Harry Potter - J. K. Rowling,Harry Potter - J. K. Rowling,,same,0,0,1,0,0,0,all,0,496,8012,954,37,39,77,12,Not Rated,Creator Chose Not To Use Archive Warnings,M/M,English,,20 Aug 2026,11.907139291063405,0.46180728906640045,0.48676984523215183,4.088050314465408,123896.1038961039,4805.194805194805,5064.9350649350645,True,False
2026-09-11T01:39:17+00:00,2026-09-11,cohort,74317306|same|0|0|1|0|0|0|all|0,74317306,Six Burning Swans,Harry Potter - J. K. Rowling,Harry Potter - J. K. Rowling,,same,0,0,1,0,0,0,all,0,496,651,18,7,2,27457,11,Explicit,"Graphic Depictions Of Violence, Major Character Death",F/M,English,,20 Aug 2026,2.7649769585253456,1.0752688172043012,0.30721966205837176,11.11111111111111,6.555705284626871,2.5494409440215606,0.7284116982918746,True,False
2026-09-11T01:39:17+00:00,2026-09-11,cohort,91004101|same|0|0|1|0|0|0|all|0,91004101,FREE USE NERD GETTING FUCKED STUPID BY HIS JOCK BOYFRIEND,Harry Potter - J. K. Rowling,Harry Potter - J. K. Rowling,,same,0,0,1,0,0,0,all,0,496,2411,149,19,11,4768,1,Explicit,No Archive Warnings Apply,M/M,English,,20 Aug 2026,6.180008295313148,0.7880547490667772,0.45624222314392365,7.38255033557047,312.5,39.848993288590606,23.07046979865772,True,False
2026-09-11T01:39:17+00:00,2026-09-11,cohort,91003946|same|0|0|1|0|0|0|all|0,91003946,Alone Time,Harry Potter - J. K. Rowling,Harry Potter - J. K. Rowling,,same,0,0,1,0,0,0,all,0,497,683,12,1,0,3084,1,Explicit,Creator Chose Not To Use Archive Warnings,M/M,English,,20 Aug 2026,1.7569546120058566,0.14641288433382138,0.0,0.0,38.91050583657588,3.2425421530479897,0.0,True,False
2026-09-11T01:39:17+00:00,2026-09-11,cohort,84399231|same|0|0|1|0|0|0|all|0,84399231,In the Middle of the Night When I'm in this Dream,Harry Potter - J. K. Rowling,Harry Potter - J. K. Rowling,,same,0,0,1,0,0,0,all,0,497,188,5,1,2,15611,3,Mature,"Graphic Depictions Of Violence, Major Character Death, F/M, Multi",,English,,20 Aug 2026,2.6595744680851063,0.5319148936170213,1.0638297872340425,40.0,3.2028697713150986,0.6405739542630198,1.2811479085260395,True,False
2026-09-11T01:39:17+00:00,2026-09-11,cohort,91003566|same|0|0|1|0|0|0|all|0,91003566,the fifth attempt,Harry Potter - J. K. Rowling,Harry Potter - J. K. Rowling,,same,0,0,1,0,0,0,all,0,497,727,104,22,35,7049,1,Teen And Up Audiences,No Archive Warnings Apply,Multi,English,,20 Aug 2026,14.305364511691884,3.0261348005502064,4.814305364511692,33.65384615384615,147.53865796566888,31.21010072350688,49.65243296921549,True,False
2026-09-11T01:39:17+00:00,2026-09-11,cohort,87881051|same|0|0|1|0|0|0|all|0,87881051,Bunny Potter,Harry Potter - J. K. Rowling,Harry Potter - J. K. Rowling,,same,0,0,1,0,0,0,all,0,497,1143,60,2,15,30761,50,Explicit,Creator Chose Not To Use Archive Warnings,M/M,English,,20 Aug 2026,5.2493438320209975,0.17497812773403326,1.3123359580052494,25.0,19.50521764572023,0.6501739215240077,4.876304411430057,True,False
2026-09-11T01:39:17+00:00,2026-09-11,cohort,91003401|same|0|0|1|0|0|0|all|0,91003401,Words Have Nothing To Say,Harry Potter - J. K. Rowling,Harry Potter - J. K. Rowling,,same,0,0,1,0,0,0,all,0,497,119,22,1,10,2828,1,Explicit,Creator Chose Not To Use Archive Warnings,F/M,English,,20 Aug 2026,18.487394957983195,0.8403361344537815,8.403361344537815,45.45454545454545,77.7934936350778,3.536067892503536,35.36067892503536,True,False
2026-09-11T01:39:17+00:00,2026-09-11,cohort,90958521|same|0|0|1|0|0|0|all|0,90958521,La rata bajo la almohada,Harry Potter - J. K. Rowling,Harry Potter - J. K. Rowling,,same,0,0,1,0,0,0,all,0,497,67,8,1,4,1261,1,Teen And Up Audiences,"Creator Chose Not To Use Archive Warnings, Gen, M/M",,Español,,20 Aug 2026,11.940298507462686,1.4925373134328357,5.970149253731343,50.0,63.44171292624901,7.930214115781126,31.720856463124505,True,False
2026-09-11T01:39:17+00:00,2026-09-11,cohort,89535426|same|0|0|1|0|0|0|all|0,89535426,Insatiable an appetite (for only jily),Harry Potter - J. K. Rowling,Harry Potter - J. K. Rowling,,same,0,0,1,0,0,0,all,0,497,50,1,0,0,0,1,General Audiences,Creator Chose Not To Use Archive Warnings,F/M,English,,20 Aug 2026,2.0,0.0,0.0,0.0,0.0,0.0,0.0,False,False
2026-09-11T01:39:17+00:00,2026-09-11,cohort,89822831|same|0|0|1|0|0|0|all|0,89822831,We'll make it through the night,Harry Potter - J. K. Rowling,Harry Potter - J. K. Rowling,,same,0,0,1,0,0,0,all,0,497,212,7,2,6,321,1,Teen And Up Audiences,"Graphic Depictions Of Violence, F/M, M/M",,English,,20 Aug 2026,3.30188679245283,0.9433962264150944,2.8301886792452833,85.71428571428571,218.06853582554515,62.30529595015576,186.91588785046727,True,False
2026-09-11T01:39:17+00:00,2026-09-11,cohort,88729301|same|0|0|1|0|0|0|all|0,88729301,The Life He Chose,Harry Potter - J. K. Rowling,Harry Potter - J. K. Rowling,,same,0,0,1,0,0,0,all,0,497,4170,62,15,12,493827,57,Not Rated,"Major Character Death, No category",,English,,20 Aug 2026,1.486810551558753,0.3597122302158274,0.28776978417266186,19.35483870967742,1.2555004080376326,0.30375009871878206,0.24300007897502565,True,False
2026-09-11T01:39:17+00:00,2026-09-11,cohort,89997026|same|0|0|1|0|0|0|all|0,89997026,Mercy for the Damned,Harry Potter - J. K. Rowling,Harry Potter - J. K. Rowling,,same,0,0,1,0,0,0,all,0,497,248,14,5,3,11198,5,Explicit,Graphic Depictions Of Violence,F/M,English,,20 Aug 2026,5.64516129032258,2.0161290322580645,1.2096774193548387,21.428571428571427,12.502232541525274,4.46508305054474,2.679049830326844,True,False
2026-09-11T01:39:17+00:00,2026-09-11,cohort,90400211|same|0|0|1|0|0|0|all|0,90400211,Wild Flowers,Harry Potter - J. K. Rowling,Harry Potter - J. K. Rowling,,same,0,0,1,0,0,0,all,0,497,721,67,9,7,3467,2,Not Rated,"Creator Chose Not To Use Archive Warnings, Graphic Depictions Of Violence, Major Character Death, F/F, F/M, M/M, Multi",,English,,20 Aug 2026,9.29264909847434,1.248266296809986,0.9708737864077669,10.44776119402985,193.25064897606,25.959042399769256,20.19036631093164,True,False
2026-09-11T01:39:17+00:00,2026-09-11,cohort,69696831|same|0|0|1|0|0|0|all|0,69696831,centre,Harry Potter - J. K. Rowling,Harry Potter - J. K. Rowling,,same,0,0,1,0,0,0,all,0,498,398,12,7,14,16621,2,Explicit,"No Archive Warnings Apply, F/F, F/M",,English,,20 Aug 2026,3.015075376884422,1.7587939698492463,3.5175879396984926,116.66666666666667,7.219782203236869,4.21153961855484,8.42307923710968,True,False
2026-09-11T01:39:17+00:00,2026-09-11,cohort,91002781|same|0|0|1|0|0|0|all|0,91002781,All the quiet ways to break-,Harry Potter - J. K. Rowling,Harry Potter - J. K. Rowling,,same,0,0,1,0,0,0,all,0,498,346,14,4,7,2870,1,Explicit,"Creator Chose Not To Use Archive Warnings, F/F, M/M",,English,,20 Aug 2026,4.046242774566474,1.1560693641618496,2.023121387283237,50.0,48.78048780487805,13.937282229965156,24.390243902439025,True,False
2026-09-11T01:39:17+00:00,2026-09-11,cohort,91002621|same|0|0|1|0|0|0|all|0,91002621,Surprise at the lake,Harry Potter - J. K. Rowling,Harry Potter - J. K. Rowling,,same,0,0,1,0,0,0,all,0,498,56,1,0,4,245,1,General Audiences,No Archive Warnings Apply,F/M,English,,20 Aug 2026,1.7857142857142856,0.0,7.142857142857142,400.0,40.81632653061225,0.0,163.265306122449,True,False
2026-09-11T01:39:17+00:00,2026-09-11,cohort,88658451|same|0|0|1|0|0|0|all|0,88658451,Better Than the Mentor,Harry Potter - J. K. Rowling,Harry Potter - J. K. Rowling,,same,0,0,1,0,0,0,all,0,498,198,6,2,3,3680,4,Teen And Up Audiences,"Graphic Depictions Of Violence, Major Character Death",Multi,English,,20 Aug 2026,3.0303030303030303,1.0101010101010102,1.5151515151515151,50.0,16.304347826086957,5.434782608695652,8.152173913043478,True,False
2026-09-11T01:39:17+00:00,2026-09-11,cohort,91002311|same|0|0|1|0|0|0|all|0,91002311,"Nighttime buses, sudokus and tall strangers",Harry Potter - J. K. Rowling,Harry Potter - J. K. Rowling,,same,0,0,1,0,0,0,all,0,498,75,13,1,5,1050,1,General Audiences,Creator Chose Not To Use Archive Warnings,M/M,English,,20 Aug 2026,17.333333333333336,1.3333333333333335,6.666666666666667,38.46153846153847,123.80952380952381,9.523809523809524,47.61904761904762,True,False
2026-09-11T01:39:17+00:00,2026-09-11,cohort,91002306|same|0|0|1|0|0|0|all|0,91002306,Use la vestimenta apropiada y el papel se interpretará solo,Harry Potter - J. K. Rowling,Harry Potter - J. K. Rowling,,same,0,0,1,0,0,0,all,0,498,74,6,0,0,263,1,General Audiences,Creator Chose Not To Use Archive Warnings,M/M,Español,,20 Aug 2026,8.108108108108109,0.0,0.0,0.0,228.13688212927758,0.0,0.0,True,False
2026-09-11T01:39:17+00:00,2026-09-11,cohort,91002086|same|0|0|1|0|0|0|all|0,91002086,Stalking and paranoia,Harry Potter - J. K. Rowling,Harry Potter - J. K. Rowling,,same,0,0,1,0,0,0,all,0,498,167,11,1,0,292,1,General Audiences,Creator Chose Not To Use Archive Warnings,M/M,Русский,,20 Aug 2026,6.58682634730539,0.5988023952095809,0.0,0.0,376.71232876712327,34.24657534246575,0.0,True,False
2026-09-11T01:39:17+00:00,2026-09-11,cohort,91001446|same|0|0|1|0|0|0|all|0,91001446,The Patronus Bond,Harry Potter - J. K. Rowling,Harry Potter - J. K. Rowling,,same,0,0,1,0,0,0,all,0,498,397,44,13,7,7104,1,Mature,Graphic Depictions Of Violence,Multi,English,,20 Aug 2026,11.083123425692696,3.27455919395466,1.7632241813602016,15.909090909090908,61.93693693693694,18.29954954954955,9.853603603603602,True,False
2026-09-11T01:39:17+00:00,2026-09-11,cohort,90736831|same|0|0|1|0|0|0|all|0,90736831,Sailor Song,Harry Potter - J. K. Rowling,Harry Potter - J. K. Rowling,,same,0,0,1,0,0,0,all,0,498,306,3,3,4,78117,18,Explicit,Creator Chose Not To Use Archive Warnings,F/M,English,,20 Aug 2026,0.9803921568627451,0.9803921568627451,1.3071895424836601,133.33333333333331,0.3840393256269442,0.3840393256269442,0.5120524341692589,True,False
2026-09-11T01:39:17+00:00,2026-09-11,cohort,89654836|same|0|0|1|0|0|0|all|0,89654836,Destined in the Stars,Harry Potter - J. K. Rowling,Harry Potter - J. K. Rowling,,same,0,0,1,0,0,0,all,0,498,160,8,3,15,26575,11,Mature,No Archive Warnings Apply,Multi,English,,20 Aug 2026,5.0,1.875,9.375,187.5,3.0103480714957667,1.1288805268109126,5.644402634054562,True,False
2026-09-11T01:39:17+00:00,2026-09-11,cohort,81094621|same|0|0|1|0|0|0|all|0,81094621,Jealousy is a useful toll,Harry Potter - J. K. Rowling,Harry Potter - J. K. Rowling,,same,0,0,1,0,0,0,all,0,498,1908,62,14,17,51077,12,Explicit,"Underage Sex, F/F, M/M",,English,,20 Aug 2026,3.2494758909853245,0.7337526205450734,0.890985324947589,27.419354838709676,12.138535935939856,2.74095972747029,3.328308240499638,True,False
2026-09-11T01:39:17+00:00,2026-09-11,cohort,72388916|same|0|0|1|0|0|0|all|0,72388916,to die for,Harry Potter - J. K. Rowling,Harry Potter - J. K. Rowling,,same,0,0,1,0,0,0,all,0,498,931,23,8,50,78659,8,Explicit,Creator Chose Not To Use Archive Warnings,M/M,English,,20 Aug 2026,2.4704618689581093,0.8592910848549946,5.370569280343716,217.39130434782606,2.924013781004081,1.0170482716535933,6.356551697834958,True,False
2026-09-11T01:39:17+00:00,2026-09-11,cohort,66461395|same|0|0|1|0|0|0|all|0,66461395,If Only Someone Knew What That Snape Boy Thought,Harry Potter - J. K. Rowling,Harry Potter - J. K. Rowling,,same,0,0,1,0,0,0,all,0,498,81164,2007,462,1310,324177,42,Explicit,Graphic Depictions Of Violence,Gen,English,,20 Aug 2026,2.4727711793405946,0.5692178798482086,1.6140160662362624,65.27154957648231,61.91062290045253,14.251473731942735,40.41002291957789,True,False
2026-09-11T01:39:17+00:00,2026-09-11,cohort,89520171|same|0|0|1|0|0|0|all|0,89520171,His brown eyes and black beautiful hair (What is wrong with me),Harry Potter - J. K. Rowling,Harry Potter - J. K. Rowling,,same,0,0,1,0,0,0,all,0,498,51,2,0,4,3147,4,General Audiences,Creator Chose Not To Use Archive Warnings,Multi,English,,20 Aug 2026,3.9215686274509802,0.0,7.8431372549019605,200.0,6.355258976803305,0.0,12.71051795360661,True,False
2026-09-11T01:39:17+00:00,2026-09-11,cohort,90081381|same|0|0|1|0|0|0|all|0,90081381,I’m a dreamer (and the stars know it),Harry Potter - J. K. Rowling,Harry Potter - J. K. Rowling,,same,0,0,1,0,0,0,all,0,499,178,19,4,8,7461,3,Not Rated,Creator Chose Not To Use Archive Warnings,Multi,English,,20 Aug 2026,10.674157303370785,2.247191011235955,4.49438202247191,42.10526315789473,25.465755260688915,5.361211633829246,10.722423267658492,True,False
2026-09-11T01:39:17+00:00,2026-09-11,cohort,90949566|same|0|0|1|0|0|0|all|0,90949566,Justice in Flames,Harry Potter - J. K. Rowling,Harry Potter - J. K. Rowling,,same,0,0,1,0,0,0,all,0,499,112,7,0,1,15009,3,Explicit,Creator Chose Not To Use Archive Warnings,F/M,English,,20 Aug 2026,6.25,0.0,0.8928571428571428,14.285714285714285,4.663868345659271,0.0,0.666266906522753,True,False
2026-09-11T01:39:17+00:00,2026-09-11,cohort,87259401|same|0|0|1|0|0|0|all|0,87259401,It's Never Us,Harry Potter - J. K. Rowling,Harry Potter - J. K. Rowling,,same,0,0,1,0,0,0,all,0,499,4303,365,69,47,7915,3,Explicit,Creator Chose Not To Use Archive Warnings,M/M,English,,20 Aug 2026,8.48245410178945,1.603532419242389,1.0922612131071348,12.876712328767123,461.1497157296273,87.17624763108023,59.38092229943146,True,False
2026-09-11T01:39:17+00:00,2026-09-11,cohort,90999976|same|0|0|1|0|0|0|all|0,90999976,The ghost of Slytherin,Harry Potter - J. K. Rowling,Harry Potter - J. K. Rowling,,same,0,0,1,0,0,0,all,0,499,367,30,4,7,2677,1,Teen And Up Audiences,Creator Chose Not To Use Archive Warnings,Gen,English,,20 Aug 2026,8.174386920980927,1.08991825613079,1.9073569482288828,23.333333333333332,112.06574523720583,14.942099364960777,26.14867388868136,True,False
2026-09-11T01:39:17+00:00,2026-09-11,cohort,90999486|same|0|0|1|0|0|0|all|0,90999486,making amends,Harry Potter - J. K. Rowling,Harry Potter - J. K. Rowling,,same,0,0,1,0,0,0,all,0,499,400,33,2,0,5443,1,Teen And Up Audiences,"Creator Chose Not To Use Archive Warnings, F/M, M/M",,English,,20 Aug 2026,8.25,0.5,0.0,0.0,60.628329965092775,3.6744442403086537,0.0,True,False
2026-09-11T01:39:17+00:00,2026-09-11,cohort,89621481|same|0|0|1|0|0|0|all|0,89621481,One Last Chance,Harry Potter - J. K. Rowling,Harry Potter - J. K. Rowling,,same,0,0,1,0,0,0,all,0,499,801,15,3,5,4779,6,Mature,Creator Chose Not To Use Archive Warnings,F/M,English,,20 Aug 2026,1.8726591760299627,0.37453183520599254,0.6242197253433208,33.33333333333333,31.38731952291274,6.277463904582549,10.462439840970914,True,False
2026-09-11T01:39:17+00:00,2026-09-11,cohort,83984256|same|0|0|1|0|0|0|all|0,83984256,Archimedea,Harry Potter - J. K. Rowling,Harry Potter - J. K. Rowling,,same,0,0,1,0,0,0,all,0,499,341,12,5,10,24208,7,Explicit,Graphic Depictions Of Violence,F/M,English,,20 Aug 2026,3.519061583577713,1.466275659824047,2.932551319648094,83.33333333333334,4.957038995373431,2.0654329147389294,4.130865829477859,True,False
2026-09-11T01:39:17+00:00,2026-09-11,cohort,82756416|same|0|0|1|0|0|0|all|0,82756416,"Love, Bets and Other Remedies",Harry Potter - J. K. Rowling,Harry Potter - J. K. Rowling,,same,0,0,1,0,0,0,all,0,499,37066,542,546,215,43494,14,Explicit,No Archive Warnings Apply,F/M,English,,20 Aug 2026,1.4622565154049534,1.473048076404252,0.580046403712297,39.66789667896679,124.61488941003357,125.53455649055041,49.43210557778084,True,False
2026-09-11T01:39:17+00:00,2026-09-11,cohort,90998691|same|0|0|1|0|0|0|all|0,90998691,Revelaciones,Harry Potter - J. K. Rowling,Harry Potter - J. K. Rowling,,same,0,0,1,0,0,0,all,0,499,954,137,19,13,2409,1,Teen And Up Audiences,Creator Chose Not To Use Archive Warnings,M/M,Español,,21 Aug 2026,14.360587002096437,1.9916142557651992,1.3626834381551363,9.48905109489051,568.700705687007,78.87090078870901,53.964300539643006,True,False
2026-09-11T01:39:17+00:00,2026-09-11,cohort,89335851|same|0|0|1|0|0|0|all|0,89335851,The Goblet,Harry Potter - J. K. Rowling,Harry Potter - J. K. Rowling,,same,0,0,1,0,0,0,all,0,499,1815,79,4,103,55388,17,Teen And Up Audiences,"No Archive Warnings Apply, F/F, F/M, Gen, M/M",,English,,21 Aug 2026,4.352617079889807,0.22038567493112945,5.674931129476584,130.37974683544306,14.26301726005633,0.7221780891167762,18.596085794756988,True,False
2026-09-11T01:39:17+00:00,2026-09-11,cohort,66163870|same|0|0|1|0|0|0|all|0,66163870,A Dalliance with Fate.,Harry Potter - J. K. Rowling,Harry Potter - J. K. Rowling,,same,0,0,1,0,0,0,all,0,499,21748,504,109,250,70753,34,Not Rated,Major Character Death,F/M,English,,20 Aug 2026,2.3174544785727424,0.5011955122310097,1.149530991355527,49.60317460317461,71.23372860514748,15.405707178494199,35.33419077636284,True,False
2026-09-11T01:39:17+00:00,2026-09-11,cohort,90462096|same|0|0|1|0|0|0|all|0,90462096,Little Constellation,Harry Potter - J. K. Rowling,Harry Potter - J. K. Rowling,,same,0,0,1,0,0,0,all,0,499,277,32,7,3,6427,4,Not Rated,Creator Chose Not To Use Archive Warnings,M/M,English,,21 Aug 2026,11.552346570397113,2.527075812274368,1.083032490974729,9.375,49.78994865411545,10.891551268087756,4.667807686323323,True,False
2026-09-11T01:39:17+00:00,2026-09-11,cohort,90997976|same|0|0|1|0|0|0|all|0,90997976,The After Hours,Harry Potter - J. K. Rowling,Harry Potter - J. K. Rowling,,same,0,0,1,0,0,0,all,0,499,77,9,2,4,2380,1,Mature,No Archive Warnings Apply,Multi,English,,20 Aug 2026,11.688311688311687,2.5974025974025974,5.194805194805195,44.44444444444444,37.81512605042017,8.403361344537815,16.80672268907563,True,False
2026-09-11T01:39:17+00:00,2026-09-11,cohort,43700836|same|0|0|1|0|0|0|all|0,43700836,Of Mice and Men,Harry Potter - J. K. Rowling,Harry Potter - J. K. Rowling,,same,0,0,1,0,0,0,all,0,499,214676,5316,1359,1650,153996,41,Mature,"No Archive Warnings Apply, Creator Chose Not To Use Archive Warnings",Gen,English,,20 Aug 2026,2.4762898507518307,0.6330470103784308,0.7686001229760197,31.038374717832955,345.20377152653316,88.24904542975142,107.1456401464973,True,False
2026-09-11T01:39:17+00:00,2026-09-11,cohort,90342621|same|0|0|1|0|0|0|all|0,90342621,A green light,Harry Potter - J. K. Rowling,Harry Potter - J. K. Rowling,,same,0,0,1,0,0,0,all,0,499,129,4,1,0,6190,2,Not Rated,Creator Chose Not To Use Archive Warnings,F/M,English,,20 Aug 2026,3.10077519379845,0.7751937984496124,0.0,0.0,6.462035541195477,1.6155088852988693,0.0,True,False
2026-09-11T01:39:17+00:00,2026-09-11,cohort,90118006|same|0|0|1|0|0|0|all|0,90118006,you seem pretty sad for a boy so in love,Harry Potter - J. K. Rowling,Harry Potter - J. K. Rowling,,same,0,0,1,0,0,0,all,0,499,157,10,1,7,18662,2,Mature,"No Archive Warnings Apply, F/F, M/M",,English,,20 Aug 2026,6.369426751592357,0.6369426751592357,4.45859872611465,70.0,5.358482477762298,0.5358482477762297,3.7509377344336086,True,False
2026-09-11T01:39:17+00:00,2026-09-11,cohort,90996616|same|0|0|1|0|0|0|all|0,90996616,Draco Somebody,Harry Potter - J. K. Rowling,Harry Potter - J. K. Rowling,,same,0,0,1,0,0,0,all,0,499,239,72,7,12,989,1,Teen And Up Audiences,No Archive Warnings Apply,M/M,English,,20 Aug 2026,30.125523012552303,2.928870292887029,5.02092050209205,16.666666666666664,728.0080889787664,70.77856420626895,121.33468149646107,True,False
2026-09-11T01:39:17+00:00,2026-09-11,cohort,56241535|same|0|0|1|0|0|0|all|0,56241535,Forever & Always | Fred Weasley,Harry Potter - J. K. Rowling,Harry Potter - J. K. Rowling,,same,0,0,1,0,0,0,all,0,500,144,2,0,0,10295,10,Teen And Up Audiences,Major Character Death,F/M,English,,20 Aug 2026,1.3888888888888888,0.0,0.0,0.0,1.9426906265177268,0.0,0.0,True,False
2026-09-11T01:39:17+00:00,2026-09-11,cohort,56579671|same|0|0|1|0|0|0|all|0,56579671,Into the Pensieve we Go,Harry Potter - J. K. Rowling,Harry Potter - J. K. Rowling,,same,0,0,1,0,0,0,all,0,500,4922,193,32,11,9671,8,Teen And Up Audiences,"Creator Chose Not To Use Archive Warnings, F/F, F/M, Gen, M/M",,English,,20 Aug 2026,3.921170255993499,0.650142218610321,0.22348638764729786,5.699481865284974,199.56571192224177,33.08861544824734,11.374211560335024,True,False
2026-09-11T01:39:17+00:00,2026-09-11,cohort,90715986|same|0|0|1|0|0|0|all|0,90715986,From Darkness Comes Light,Harry Potter - J. K. Rowling,Harry Potter - J. K. Rowling,,same,0,0,1,0,0,0,all,0,500,81,1,0,3,12345,8,Mature,"Creator Chose Not To Use Archive Warnings, F/M, M/M",,English,,20 Aug 2026,1.2345679012345678,0.0,3.7037037037037033,300.0,0.8100445524503849,0.0,2.4301336573511545,True,False
2026-09-11T01:39:17+00:00,2026-09-11,cohort,90996036|same|0|0|1|0|0|0|all|0,90996036,How could no one love you?,Harry Potter - J. K. Rowling,Harry Potter - J. K. Rowling,,same,0,0,1,0,0,0,all,0,500,248,11,2,0,1059,1,General Audiences,Creator Chose Not To Use Archive Warnings,M/M,English,,20 Aug 2026,4.435483870967742,0.8064516129032258,0.0,0.0,103.87157695939565,18.885741265344667,0.0,True,False
2026-09-11T01:39:17+00:00,2026-09-11,cohort,90995856|same|0|0|1|0|0|0|all|0,90995856,Bleeding parts,Harry Potter - J. K. Rowling,Harry Potter - J. K. Rowling,,same,0,0,1,0,0,0,all,0,500,463,11,0,2,599,1,Explicit,"Underage Sex, F/M, M/M",,English,,20 Aug 2026,2.375809935205184,0.0,0.4319654427645789,18.181818181818183,183.63939899833053,0.0,33.3889816360601,True,False
2026-09-11T01:39:17+00:00,2026-09-11,cohort,81253651|same|0|0|1|0|0|0|all|0,81253651,This life ain’t worth living,Harry Potter - J. K. Rowling,Harry Potter - J. K. Rowling,,same,0,0,1,0,0,0,all,0,500,7191,355,31,55,19295,11,Not Rated,Graphic Depictions Of Violence,M/M,English,,20 Aug 2026,4.936726463635099,0.43109442358503686,0.7648449450702267,15.492957746478872,183.98548846851517,16.066338429644986,28.504793988079815,True,False
2026-09-11T01:39:17+00:00,2026-09-11,cohort,63361585|same|0|0|1|0|0|0|all|0,63361585,Novus Orbis | Fred Weasley x Reader | SCRAPPED VERSION,Harry Potter - J. K. Rowling,Harry Potter - J. K. Rowling,,same,0,0,1,0,0,0,all,0,500,1498,17,9,10,155359,41,Teen And Up Audiences,"Graphic Depictions Of Violence, Major Character Death",F/M,English,,20 Aug 2026,1.1348464619492658,0.6008010680907877,0.6675567423230975,58.82352941176471,1.094239792995578,0.5793034198211884,0.6436704664679871,True,False
2026-09-11T01:39:17+00:00,2026-09-11,cohort,73637881|same|0|0|1|0|0|0|all|0,73637881,Hey Prongs,Harry Potter - J. K. Rowling,Harry Potter - J. K. Rowling,,same,0,0,1,0,0,0,all,0,500,861,14,5,2,53234,6,Explicit,Graphic Depictions Of Violence,M/M,English,,20 Aug 2026,1.6260162601626018,0.5807200929152149,0.23228803716608595,14.285714285714285,2.629898185370252,0.9392493519179472,0.3756997407671788,True,False
2026-09-11T01:39:17+00:00,2026-09-11,cohort,90453426|same|0|0|1|0|0|0|all|0,90453426,The omega they needed,Harry Potter - J. K. Rowling,Harry Potter - J. K. Rowling,,same,0,0,1,0,0,0,all,0,500,2039,74,7,8,3876,5,General Audiences,Creator Chose Not To Use Archive Warnings,Multi,English,,20 Aug 2026,3.6292300147130945,0.34330554193231977,0.392349190779794,10.81081081081081,190.91847265221878,18.059855521155832,20.639834881320947,True,False
2026-09-11T01:39:17+00:00,2026-09-11,cohort,75581831|same|0|0|1|0|0|0|all|0,75581831,Frogwarts School of Witchcraft and Wizardry,Harry Potter - J. K. Rowling,Harry Potter - J. K. Rowling,,same,0,0,1,0,0,0,all,0,500,343,12,2,3,41392,10,Explicit,"Underage Sex, F/F, F/M, M/M, Multi",,English,,20 Aug 2026,3.498542274052478,0.5830903790087464,0.8746355685131195,25.0,2.899110939311944,0.4831851565519907,0.724777734827986,True,False
2026-09-11T01:39:17+00:00,2026-09-11,cohort,90992826|same|0|0|1|0|0|0|all|0,90992826,Amortentia,Harry Potter - J. K. Rowling,Harry Potter - Fandom,,same,0,0,1,0,0,0,all,0,500,418,65,4,0,369,1,General Audiences,No Archive Warnings Apply,M/M,English,,20 Aug 2026,15.550239234449762,0.9569377990430622,0.0,0.0,1761.5176151761516,108.40108401084011,0.0,True,False
2026-09-11T01:39:17+00:00,2026-09-11,cohort,90993826|same|0|0|1|0|0|0|all|0,90993826,She Looked So Perfect,Harry Potter - J. K. Rowling,Harry Potter - J. K. Rowling,,same,0,0,1,0,0,0,all,0,500,795,71,8,3,2910,1,Not Rated,Creator Chose Not To Use Archive Warnings,F/M,English,,20 Aug 2026,8.930817610062892,1.0062893081761006,0.37735849056603776,4.225352112676056,243.98625429553266,27.491408934707906,10.309278350515465,True,False
2026-09-11T01:39:17+00:00,2026-09-11,cohort,90993341|same|0|0|1|0|0|0|all|0,90993341,hou me vast (ander breek ik),Harry Potter - J. K. Rowling,Harry Potter - J. K. Rowling,,same,0,0,1,0,0,0,all,0,500,58,1,0,0,1840,2,Not Rated,No Archive Warnings Apply,M/M,Nederlands,,20 Aug 2026,1.7241379310344827,0.0,0.0,0.0,5.434782608695652,0.0,0.0,True,False
2026-09-11T01:39:17+00:00,2026-09-11,cohort,90612171|same|0|0|1|0|0|0|all|0,90612171,One Shots Hogwarts,Harry Potter - J. K. Rowling,Harry Potter - J. K. Rowling,,same,0,0,1,0,0,0,all,0,500,94,2,0,1,67054,50,Explicit,"Creator Chose Not To Use Archive Warnings, F/F, F/M",,Español,,20 Aug 2026,2.127659574468085,0.0,1.0638297872340425,50.0,0.29826706833298533,0.0,0.14913353416649267,True,False
2026-09-11T01:39:17+00:00,2026-09-11,cohort,90990986|same|0|0|1|0|0|0|all|0,90990986,"Be brave, Remus",Harry Potter - J. K. Rowling,Harry Potter - J. K. Rowling,,same,0,0,1,0,0,0,all,0,500,214,43,5,17,1925,1,Explicit,No Archive Warnings Apply,M/M,English,,20 Aug 2026,20.093457943925234,2.336448598130841,7.943925233644859,39.53488372093023,223.37662337662337,25.974025974025974,88.31168831168831,True,False
2026-09-11T01:39:17+00:00,2026-09-11,cohort,65411122|same|0|0|1|0|0|0|all|0,65411122,Black Blood,Harry Potter - J. K. Rowling,Harry Potter - J. K. Rowling,,same,0,0,1,0,0,0,all,0,500,20886,703,167,202,41338,23,Teen And Up Audiences,"No Archive Warnings Apply, Gen, F/F",,English,,20 Aug 2026,3.365891027482524,0.7995786651345399,0.9671550320789045,28.733997155049785,170.06144467560114,40.39866466689245,48.8654506749238,True,False
2026-09-11T01:54:55+00:00,2026-09-11,target,62743075|same|0|0|1|0|0|0|all|0,62743075,When The Stars Fall Down,Harry Potter - J. K. Rowling,Harry Potter - J. K. Rowling,"Regulus Black/James Potter, Sirius Black/Remus Lupin, Mary Macdonald/Lily Evans Potter, Marlene McKinnon/Dorcas Meadowes, Sirius Black & Remus Lupin & Peter Pettigrew & James Potter, Barty Crouch Jr./Evan Rosier",same,0,0,1,0,0,0,all,0,,736,65,6,11,3423,2,Not Rated,"Graphic Depictions Of Violence, No Archive Warnings Apply, Underage Sex","F/F, M/M",English,2025-02-03,2025-09-24,8.831521739130435,0.8152173913043478,1.4945652173913044,16.923076923076923,189.89190768331872,17.5284837861525,32.13555360794624,True,False
2026-09-11T01:54:55+00:00,2026-09-11,cohort,90617201|same|0|0|1|0|0|0|all|0,90617201,"Jesus Christ don't be kind to me, Honey don't feed me (I will come back)",Harry Potter - J. K. Rowling,Harry Potter - J. K. Rowling,,same,0,0,1,0,0,0,all,0,525,246,22,3,1,9575,3,Teen And Up Audiences,No Archive Warnings Apply,M/M,English,,19 Aug 2026,8.94308943089431,1.2195121951219512,0.40650406504065045,4.545454545454546,22.976501305483026,3.133159268929504,1.0443864229765012,True,False
2026-09-11T01:54:55+00:00,2026-09-11,cohort,90145911|same|0|0|1|0|0|0|all|0,90145911,Loud Whispers & Silent Holds,Harry Potter - J. K. Rowling,Harry Potter - J. K. Rowling,,same,0,0,1,0,0,0,all,0,525,183,6,2,7,7957,4,Mature,"Graphic Depictions Of Violence, Gen, M/M, F/M",,English,,19 Aug 2026,3.278688524590164,1.092896174863388,3.825136612021858,116.66666666666667,7.540530350634661,2.5135101168782206,8.79728540907377,True,False
2026-09-11T01:54:55+00:00,2026-09-11,cohort,89379101|same|0|0|1|0|0|0|all|0,89379101,Only You,Harry Potter - J. K. Rowling,Harry Potter - J. K. Rowling,,same,0,0,1,0,0,0,all,0,525,284,14,5,1,12632,9,General Audiences,"Creator Chose Not To Use Archive Warnings, No Archive Warnings Apply, M/M, Multi",,English,,19 Aug 2026,4.929577464788732,1.7605633802816902,0.35211267605633806,7.142857142857142,11.082963901203295,3.9582013932868905,0.7916402786573781,True,False
2026-09-11T01:54:55+00:00,2026-09-11,cohort,88731691|same|0|0|1|0|0|0|all|0,88731691,errata,Harry Potter - J. K. Rowling,Harry Potter - J. K. Rowling,,same,0,0,1,0,0,0,all,0,525,1438,76,18,67,24397,15,Teen And Up Audiences,Creator Chose Not To Use Archive Warnings,M/M,English,,19 Aug 2026,5.285118219749652,1.2517385257301807,4.659248956884562,88.1578947368421,31.15137107021355,7.37795630610321,27.462392917161946,True,False
2026-09-11T01:54:55+00:00,2026-09-11,cohort,88504801|same|0|0|1|0|0|0|all|0,88504801,Harry potter and The human selection,Harry Potter - J. K. Rowling,Harry Potter - J. K. Rowling,,same,0,0,1,0,0,0,all,0,525,746,22,4,3,3528,7,Teen And Up Audiences,"Creator Chose Not To Use Archive Warnings, Graphic Depictions Of Violence, F/F, M/M, F/M",,English,,19 Aug 2026,2.949061662198391,0.5361930294906166,0.40214477211796246,13.636363636363635,62.35827664399093,11.337868480725623,8.503401360544217,True,False
2026-09-11T01:54:55+00:00,2026-09-11,cohort,85352631|same|0|0|1|0|0|0|all|0,85352631,razbunare pasionala,Harry Potter - J. K. Rowling,Harry Potter - J. K. Rowling,,same,0,0,1,0,0,0,all,0,525,564,22,9,5,46015,10,General Audiences,"Major Character Death, M/M, Multi",,English,,19 Aug 2026,3.900709219858156,1.5957446808510638,0.8865248226950355,22.727272727272727,4.781049657720309,1.9558839508855808,1.0866021949364337,True,False
2026-09-11T01:54:55+00:00,2026-09-11,cohort,79724171|same|0|0|1|0|0|0|all|0,79724171,The Serpent's Mask,Harry Potter - J. K. Rowling,Harry Potter - J. K. Rowling,,same,0,0,1,0,0,0,all,0,525,975,12,10,63,270023,91,Teen And Up Audiences,Creator Chose Not To Use Archive Warnings,F/M,English,,19 Aug 2026,1.2307692307692308,1.0256410256410255,6.461538461538462,525.0,0.44440658758698337,0.37033882298915277,2.3331345848316625,True,False
2026-09-11T01:54:55+00:00,2026-09-11,cohort,77484196|same|0|0|1|0|0|0|all|0,77484196,Concussed,Harry Potter - J. K. Rowling,Harry Potter - J. K. Rowling,,same,0,0,1,0,0,0,all,0,525,814,25,6,12,9936,4,Mature,Creator Chose Not To Use Archive Warnings,F/M,English,,19 Aug 2026,3.0712530712530715,0.7371007371007371,1.4742014742014742,48.0,25.161030595813205,6.038647342995168,12.077294685990337,True,False
2026-09-11T01:54:55+00:00,2026-09-11,cohort,75470651|same|0|0|1|0|0|0|all|0,75470651,You Are Deep,Harry Potter - J. K. Rowling,Harry Potter - J. K. Rowling,,same,0,0,1,0,0,0,all,0,525,441,29,7,4,18282,13,Not Rated,"Creator Chose Not To Use Archive Warnings, F/F, F/M, M/M",,English,,19 Aug 2026,6.575963718820861,1.5873015873015872,0.9070294784580499,13.793103448275861,15.862597090033914,3.8289027458702547,2.187944426211574,True,False
2026-09-11T01:54:55+00:00,2026-09-11,cohort,74639041|same|0|0|1|0|0|0|all|0,74639041,The Writing On The Wall,Harry Potter - J. K. Rowling,Harry Potter - J. K. Rowling,,same,0,0,1,0,0,0,all,0,525,100,4,1,1,509,2,Teen And Up Audiences,Major Character Death,Gen,English,,19 Aug 2026,4.0,1.0,1.0,25.0,78.58546168958742,19.646365422396855,19.646365422396855,True,False
2026-09-11T01:54:55+00:00,2026-09-11,cohort,73442671|same|0|0|1|0|0|0|all|0,73442671,Oh! You pretty things,Harry Potter - J. K. Rowling,Harry Potter - J. K. Rowling,,same,0,0,1,0,0,0,all,0,525,2623,128,25,48,37656,11,Mature,"Creator Chose Not To Use Archive Warnings, F/M, M/M",,English,,19 Aug 2026,4.879908501715593,0.9531071292413268,1.8299656881433473,37.5,33.99192691735713,6.639048226046314,12.746972594008922,True,False
2026-09-11T01:54:55+00:00,2026-09-11,cohort,59138905|same|0|0|1|0|0|0|all|0,59138905,Hermione the Vampire Slayer,Harry Potter - J. K. Rowling,Harry Potter - J. K. Rowling,,same,0,0,1,0,0,0,all,0,525,384,16,4,0,13222,2,Mature,"Creator Chose Not To Use Archive Warnings, F/M, M/M",,English,,19 Aug 2026,4.166666666666666,1.0416666666666665,0.0,0.0,12.10104371502042,3.025260928755105,0.0,True,False
2026-09-11T01:54:55+00:00,2026-09-11,cohort,56790637|same|0|0|1|0|0|0|all|0,56790637,as they try to change their worlds,Harry Potter - J. K. Rowling,Harry Potter - J. K. Rowling,,same,0,0,1,0,0,0,all,0,525,931,32,6,5,61826,9,Teen And Up Audiences,"No Archive Warnings Apply, M/M, Gen",,English,,19 Aug 2026,3.4371643394199785,0.644468313641246,0.5370569280343717,15.625,5.175815999741209,0.9704654999514767,0.808721249959564,True,False
2026-09-11T01:54:55+00:00,2026-09-11,cohort,55248685|same|0|0|1|0|0|0|all|0,55248685,"let me go, hold me close",Harry Potter - J. K. Rowling,Harry Potter - J. K. Rowling,,same,0,0,1,0,0,0,all,0,525,34217,1087,298,832,117426,33,Not Rated,Creator Chose Not To Use Archive Warnings,M/M,English,,19 Aug 2026,3.176783470204869,0.8709121197065786,2.4315398778385013,76.54093836246551,92.56893703268442,25.37768466949398,70.85313303697647,True,False
2026-09-11T01:54:55+00:00,2026-09-11,cohort,90204061|same|0|0|1|0|0|0|all|0,90204061,desk job dozen,Harry Potter - J. K. Rowling,Harry Potter - J. K. Rowling,,same,0,0,1,0,0,0,all,0,525,898,39,4,7,0,1,General Audiences,"No Archive Warnings Apply, No category",,English,,19 Aug 2026,4.342984409799555,0.4454342984409799,0.779510022271715,17.94871794871795,0.0,0.0,0.0,False,False
2026-09-11T01:54:55+00:00,2026-09-11,cohort,73671566|same|0|0|1|0|0|0|all|0,73671566,The Scribe's Gambit,Harry Potter - J. K. Rowling,Harry Potter - J. K. Rowling,,same,0,0,1,0,0,0,all,0,526,177,4,1,1,54569,7,Not Rated,"Creator Chose Not To Use Archive Warnings, F/M, Gen",,English,,19 Aug 2026,2.2598870056497176,0.5649717514124294,0.5649717514124294,25.0,0.7330169143652989,0.18325422859132473,0.18325422859132473,True,False
2026-09-11T01:54:55+00:00,2026-09-11,cohort,86005716|same|0|0|1|0|0|0|all|0,86005716,Mothers Are Out Of Bounds,Harry Potter - J. K. Rowling,Harry Potter - J. K. Rowling,,same,0,0,1,0,0,0,all,0,526,1459,47,8,9,14339,1,Explicit,Rape/Non-Con,F/M,English,,19 Aug 2026,3.221384509938314,0.5483207676490748,0.616860863605209,19.148936170212767,32.777739033405396,5.579189622707301,6.276588325545714,True,False
2026-09-11T01:54:55+00:00,2026-09-11,cohort,90219706|same|0|0|1|0|0|0|all|0,90219706,in your eyes,Harry Potter - J. K. Rowling,Harry Potter - J. K. Rowling,,same,0,0,1,0,0,0,all,0,526,239,12,1,3,1182,1,Explicit,No Archive Warnings Apply,F/F,English,,19 Aug 2026,5.02092050209205,0.41841004184100417,1.2552301255230125,25.0,101.5228426395939,8.460236886632826,25.380710659898476,True,False
2026-09-11T01:54:55+00:00,2026-09-11,cohort,90195151|same|0|0|1|0|0|0|all|0,90195151,The Breeding Enforcement,Harry Potter - J. K. Rowling,Harry Potter - J. K. Rowling,,same,0,0,1,0,0,0,all,0,526,190,8,2,8,5565,4,Explicit,Creator Chose Not To Use Archive Warnings,F/M,English,,19 Aug 2026,4.2105263157894735,1.0526315789473684,4.2105263157894735,100.0,14.375561545372866,3.5938903863432166,14.375561545372866,True,False
2026-09-11T01:54:55+00:00,2026-09-11,cohort,64840765|same|0|0|1|0|0|0|all|0,64840765,Выкроенные с небес,Harry Potter - J. K. Rowling,Harry Potter - J. K. Rowling,,same,0,0,1,0,0,0,all,0,526,1185,51,4,138,75176,15,Explicit,No Archive Warnings Apply,M/M,Русский,,19 Aug 2026,4.30379746835443,0.33755274261603374,11.645569620253164,270.5882352941177,6.784080025540066,0.5320847078854953,18.356922422049593,True,False
2026-09-11T01:54:55+00:00,2026-09-11,cohort,79075636|same|0|0|1|0|0|0|all|0,79075636,Ashes of the Phoenix,Harry Potter - J. K. Rowling,Harry Potter - J. K. Rowling,,same,0,0,1,0,0,0,all,0,526,671,48,7,1,9727,2,General Audiences,Creator Chose Not To Use Archive Warnings,Gen,English,,19 Aug 2026,7.153502235469449,1.0432190760059614,0.14903129657228018,2.083333333333333,49.34717795826051,7.196463452246325,1.0280662074637608,True,False
2026-09-11T01:54:55+00:00,2026-09-11,cohort,90880691|same|0|0|1|0|0|0|all|0,90880691,The Wilder You,Harry Potter - J. K. Rowling,Harry Potter - J. K. Rowling,,same,0,0,1,0,0,0,all,0,526,1068,122,17,11,3066,1,Explicit,No Archive Warnings Apply,M/M,English,,19 Aug 2026,11.423220973782772,1.5917602996254683,1.0299625468164793,9.01639344262295,397.9125896934116,55.446836268754076,35.87736464448793,True,False
2026-09-11T01:54:55+00:00,2026-09-11,cohort,90880301|same|0|0|1|0|0|0|all|0,90880301,七夕文（1）,Harry Potter - J. K. Rowling,Harry Potter - J. K. Rowling,,same,0,0,1,0,0,0,all,0,526,137,7,0,2,1938,1,Not Rated,Rape/Non-Con,F/M,中文-普通话 國語,,19 Aug 2026,5.109489051094891,0.0,1.4598540145985401,28.57142857142857,36.119711042311664,0.0,10.319917440660474,True,False
2026-09-11T01:54:55+00:00,2026-09-11,cohort,90879666|same|0|0|1|0|0|0|all|0,90879666,By the lake,Harry Potter - J. K. Rowling,Harry Potter - J. K. Rowling,,same,0,0,1,0,0,0,all,0,526,564,17,1,2,1348,1,Mature,Creator Chose Not To Use Archive Warnings,F/M,English,,19 Aug 2026,3.0141843971631204,0.1773049645390071,0.3546099290780142,11.76470588235294,126.11275964391692,7.4183976261127595,14.836795252225519,True,False
2026-09-11T01:54:55+00:00,2026-09-11,cohort,63334813|same|0|0|1|0|0|0|all|0,63334813,A Game of Kings,Harry Potter - J. K. Rowling,Harry Potter - J. K. Rowling,,same,0,0,1,0,0,0,all,0,526,386,11,3,17,7508,10,General Audiences,"Creator Chose Not To Use Archive Warnings, No category",,English,,19 Aug 2026,2.849740932642487,0.7772020725388601,4.404145077720207,154.54545454545453,14.651038891848696,3.995737879595098,22.64251465103889,True,False
2026-09-11T01:54:55+00:00,2026-09-11,cohort,90879011|same|0|0|1|0|0|0|all|0,90879011,Losing the Chosen One,Harry Potter - J. K. Rowling,Harry Potter - J. K. Rowling,,same,0,0,1,0,0,0,all,0,526,85,1,0,0,17989,8,General Audiences,Creator Chose Not To Use Archive Warnings,F/M,English,,19 Aug 2026,1.1764705882352942,0.0,0.0,0.0,0.555895269331258,0.0,0.0,True,False
2026-09-11T01:54:55+00:00,2026-09-11,cohort,90879301|same|0|0|1|0|0|0|all|0,90879301,DRACO,Harry Potter - J. K. Rowling,Harry Potter - J. K. Rowling,,same,0,0,1,0,0,0,all,0,526,152,16,1,0,7755,1,Teen And Up Audiences,No Archive Warnings Apply,F/M,English,,19 Aug 2026,10.526315789473683,0.6578947368421052,0.0,0.0,20.63185041908446,1.2894906511927788,0.0,True,False
2026-09-11T01:54:55+00:00,2026-09-11,cohort,90879161|same|0|0|1|0|0|0|all|0,90879161,【哈德】白雪公主与他的毒苹果,Harry Potter - J. K. Rowling,Harry Potter - J. K. Rowling,,same,0,0,1,0,0,0,all,0,526,97,8,0,0,12453,1,Not Rated,Creator Chose Not To Use Archive Warnings,M/M,中文-普通话 國語,,19 Aug 2026,8.24742268041237,0.0,0.0,0.0,6.4241548221312135,0.0,0.0,True,False
2026-09-11T01:54:55+00:00,2026-09-11,cohort,83226026|same|0|0|1|0|0|0|all|0,83226026,Hogwarts Dare War of 1993,Harry Potter - J. K. Rowling,Harry Potter - J. K. Rowling,,same,0,0,1,0,0,0,all,0,526,529,19,4,10,40934,8,Teen And Up Audiences,"Creator Chose Not To Use Archive Warnings, No category",,English,,19 Aug 2026,3.5916824196597354,0.7561436672967864,1.890359168241966,52.63157894736842,4.641618214687057,0.9771827820393805,2.4429569550984516,True,False
2026-09-11T01:54:55+00:00,2026-09-11,cohort,80045396|same|0|0|1|0|0|0|all|0,80045396,"What if this doesn’t end well, then what?",Harry Potter - J. K. Rowling,Harry Potter - J. K. Rowling,,same,0,0,1,0,0,0,all,0,526,268,16,4,10,25156,7,General Audiences,Major Character Death,Other,English,,19 Aug 2026,5.970149253731343,1.4925373134328357,3.731343283582089,62.5,6.360311655271108,1.590077913817777,3.975194784544443,True,False
2026-09-11T01:54:55+00:00,2026-09-11,cohort,78500086|same|0|0|1|0|0|0|all|0,78500086,The Lie of Blood,Harry Potter - J. K. Rowling,Harry Potter - J. K. Rowling,,same,0,0,1,0,0,0,all,0,526,2495,136,29,21,48707,8,Teen And Up Audiences,Graphic Depictions Of Violence,M/M,English,,19 Aug 2026,5.4509018036072145,1.1623246492985972,0.8416833667334669,15.441176470588236,27.922064590305293,5.953969655285688,4.31149526762067,True,False
2026-09-11T01:54:55+00:00,2026-09-11,cohort,90788051|same|0|0|1|0|0|0|all|0,90788051,Teach Me How to Forget (Traducción al Español),Harry Potter - J. K. Rowling,Harry Potter - J. K. Rowling,,same,0,0,1,0,0,0,all,0,526,460,7,0,2,111672,20,Explicit,"No Archive Warnings Apply, F/M, M/M",,Español,,19 Aug 2026,1.5217391304347827,0.0,0.43478260869565216,28.57142857142857,0.6268357332187119,0.0,0.17909592377677483,True,False
2026-09-11T01:54:55+00:00,2026-09-11,cohort,51000865|same|0|0|1|0|0|0|all|0,51000865,Threads of Forgiveness,Harry Potter - J. K. Rowling,Harry Potter - J. K. Rowling,,same,0,0,1,0,0,0,all,0,527,5276,184,22,55,74613,6,Teen And Up Audiences,"No Archive Warnings Apply, F/M, M/M",,English,,19 Aug 2026,3.4874905231235784,0.4169825625473844,1.0424564063684612,29.891304347826086,24.660581936123734,2.948547840188707,7.371369600471767,True,False
2026-09-11T01:54:55+00:00,2026-09-11,cohort,80614191|same|0|0|1|0|0|0|all|0,80614191,I love to hate you,Harry Potter - J. K. Rowling,Harry Potter - J. K. Rowling,,same,0,0,1,0,0,0,all,0,527,1024,39,3,8,13710,10,Mature,Creator Chose Not To Use Archive Warnings,F/M,Русский,,19 Aug 2026,3.80859375,0.29296875,0.78125,20.51282051282051,28.44638949671772,2.188183807439825,5.835156819839533,True,False
2026-09-11T01:54:55+00:00,2026-09-11,cohort,89938826|same|0|0|1|0|0|0|all|0,89938826,Coats of Love,Harry Potter - J. K. Rowling,Harry Potter - J. K. Rowling,,same,0,0,1,0,0,0,all,0,527,92,11,1,9,4123,2,General Audiences,No Archive Warnings Apply,M/M,English,,19 Aug 2026,11.956521739130435,1.0869565217391304,9.782608695652174,81.81818181818183,26.679602231384912,2.4254183846713557,21.828765462042202,True,False
2026-09-11T01:54:55+00:00,2026-09-11,cohort,87355721|same|0|0|1|0|0|0|all|0,87355721,The Prefect’s Penance,Harry Potter - J. K. Rowling,Harry Potter - J. K. Rowling,,same,0,0,1,0,0,0,all,0,527,4065,84,30,28,112282,30,Teen And Up Audiences,Creator Chose Not To Use Archive Warnings,M/M,English,,19 Aug 2026,2.066420664206642,0.7380073800738007,0.6888068880688807,33.33333333333333,7.481163499047042,2.6718441068025154,2.4937211663490144,True,False
2026-09-11T01:54:55+00:00,2026-09-11,cohort,35970268|same|0|0|1|0|0|0|all|0,35970268,土拨鼠之日,Harry Potter - J. K. Rowling,Fantastic Beasts and Where to Find Them (Movies),,same,0,0,1,0,0,0,all,0,527,3735,208,30,47,41932,12,Mature,No Archive Warnings Apply,M/M,中文-普通话 國語,,19 Aug 2026,5.568942436412316,0.8032128514056224,1.2583668005354753,22.596153846153847,49.60412095774111,7.154440522751121,11.208623485643423,True,False
2026-09-11T01:54:55+00:00,2026-09-11,cohort,86407131|same|0|0|1|0|0|0|all|0,86407131,Object M-17: Obedience Syndrome,Harry Potter - J. K. Rowling,Harry Potter - J. K. Rowling,,same,0,0,1,0,0,0,all,0,527,2351,33,18,35,380162,53,Explicit,"Graphic Depictions Of Violence, Rape/Non-Con, F/M, Multi",,English,,19 Aug 2026,1.4036580178647384,0.7656316461080391,1.4887282007656317,106.06060606060606,0.86805098878899,0.47348235752126727,0.9206601396246863,True,False
2026-09-11T01:54:55+00:00,2026-09-11,cohort,69236711|same|0|0|1|0|0|0|all|0,69236711,EL HECHIZERO DE HIELO,Harry Potter - J. K. Rowling,Harry Potter - J. K. Rowling,,same,0,0,1,0,0,0,all,0,527,261,4,0,14,118401,71,General Audiences,Major Character Death,F/M,Español,,19 Aug 2026,1.532567049808429,0.0,5.363984674329502,350.0,0.3378349845018201,0.0,1.1824224457563703,True,False
2026-09-11T01:54:55+00:00,2026-09-11,cohort,71252226|same|0|0|1|0|0|0|all|0,71252226,The Girl From Tomorrow,Harry Potter - J. K. Rowling,Harry Potter - J. K. Rowling,,same,0,0,1,0,0,0,all,0,527,79,2,0,1,31888,17,Not Rated,"Graphic Depictions Of Violence, Major Character Death, Underage Sex, F/M, M/M, F/F",,English,,19 Aug 2026,2.5316455696202533,0.0,1.2658227848101267,50.0,0.6271951831409934,0.0,0.3135975915704967,True,False
2026-09-11T01:54:55+00:00,2026-09-11,cohort,83330761|same|0|0|1|0|0|0|all|0,83330761,Guilty As Sin? | Harry James Potter x OC,Harry Potter - J. K. Rowling,Harry Potter - J. K. Rowling,,same,0,0,1,0,0,0,all,0,527,92,8,0,0,15859,6,Teen And Up Audiences,"Graphic Depictions Of Violence, Major Character Death",F/M,English,,19 Aug 2026,8.695652173913043,0.0,0.0,0.0,5.044454253105492,0.0,0.0,True,False
2026-09-11T01:54:55+00:00,2026-09-11,cohort,90767661|same|0|0|1|0|0|0|all|0,90767661,Getting in the way,Harry Potter - J. K. Rowling,Harry Potter - J. K. Rowling,,same,0,0,1,0,0,0,all,0,527,294,8,1,0,384,3,Mature,"Graphic Depictions Of Violence, Major Character Death, Underage Sex, F/M, M/M",,English,,19 Aug 2026,2.7210884353741496,0.3401360544217687,0.0,0.0,208.33333333333331,26.041666666666664,0.0,True,False
2026-09-11T01:54:55+00:00,2026-09-11,cohort,90867311|same|0|0|1|0|0|0|all|0,90867311,The Ones Never Made,Harry Potter - J. K. Rowling,Harry Potter - J. K. Rowling,,same,0,0,1,0,0,0,all,0,527,78,2,0,0,335,1,Teen And Up Audiences,No Archive Warnings Apply,Gen,English,,19 Aug 2026,2.564102564102564,0.0,0.0,0.0,59.701492537313435,0.0,0.0,True,False
2026-09-11T01:54:55+00:00,2026-09-11,cohort,90205381|same|0|0|1|0|0|0|all|0,90205381,Back to the beginning,Harry Potter - J. K. Rowling,Harry Potter - J. K. Rowling,,same,0,0,1,0,0,0,all,0,527,233,8,2,0,15512,5,Not Rated,Creator Chose Not To Use Archive Warnings,F/M,English,,19 Aug 2026,3.4334763948497855,0.8583690987124464,0.0,0.0,5.15729757607014,1.289324394017535,0.0,True,False
2026-09-11T01:54:55+00:00,2026-09-11,cohort,90865606|same|0|0|1|0|0|0|all|0,90865606,[Art] Ты еще кто?,Harry Potter - J. K. Rowling,Harry Potter - J. K. Rowling,,same,0,0,1,0,0,0,all,0,527,272,44,0,5,0,1,General Audiences,No Archive Warnings Apply,Gen,Русский,,19 Aug 2026,16.176470588235293,0.0,1.8382352941176472,11.363636363636363,0.0,0.0,0.0,False,False
2026-09-11T01:54:55+00:00,2026-09-11,cohort,89177456|same|0|0|1|0|0|0|all|0,89177456,Late Night,Harry Potter - J. K. Rowling,Harry Potter - J. K. Rowling,,same,0,0,1,0,0,0,all,0,528,125,18,3,0,1018,1,General Audiences,No Archive Warnings Apply,Gen,English,,19 Aug 2026,14.399999999999999,2.4,0.0,0.0,176.8172888015717,29.469548133595286,0.0,True,False
2026-09-11T01:54:55+00:00,2026-09-11,cohort,90865861|same|0|0|1|0|0|0|all|0,90865861,Forget-Me-Nots,Harry Potter - J. K. Rowling,Harry Potter - J. K. Rowling,,same,0,0,1,0,0,0,all,0,528,52,10,1,3,1356,1,Mature,No Archive Warnings Apply,M/M,English,,19 Aug 2026,19.230769230769234,1.9230769230769231,5.769230769230769,30.0,73.74631268436578,7.374631268436578,22.123893805309734,True,False
2026-09-11T01:54:55+00:00,2026-09-11,cohort,69993381|same|0|0|1|0|0|0|all|0,69993381,遗产的泡沫【塞主♀奥】,Harry Potter - J. K. Rowling,Hogwarts Legacy (Video Game),,same,0,0,1,0,0,0,all,0,528,1138,28,2,32,203512,50,Explicit,"Rape/Non-Con, F/M, M/M",,中文-普通话 國語,,18 Aug 2026,2.460456942003515,0.17574692442882248,2.8119507908611596,114.28571428571428,1.375840245292661,0.09827430323519007,1.572388851763041,True,False
2026-09-11T01:54:55+00:00,2026-09-11,cohort,90863266|same|0|0|1|0|0|0|all|0,90863266,Побудь в моей шкуре!,Harry Potter - J. K. Rowling,Harry Potter - J. K. Rowling,,same,0,0,1,0,0,0,all,0,528,692,42,2,12,30081,10,Explicit,No Archive Warnings Apply,M/M,Русский,,19 Aug 2026,6.069364161849711,0.2890173410404624,1.7341040462427744,28.57142857142857,13.962301785180014,0.6648715135800007,3.989229081480004,True,False
2026-09-11T01:54:55+00:00,2026-09-11,cohort,90864671|same|0|0|1|0|0|0|all|0,90864671,What Will Never Be,Harry Potter - J. K. Rowling,Harry Potter - J. K. Rowling,,same,0,0,1,0,0,0,all,0,528,373,32,6,3,1696,1,Not Rated,"Creator Chose Not To Use Archive Warnings, No category",,English,,19 Aug 2026,8.579088471849866,1.6085790884718498,0.8042895442359249,9.375,188.67924528301887,35.37735849056604,17.68867924528302,True,False
2026-09-11T01:54:55+00:00,2026-09-11,cohort,90864006|same|0|0|1|0|0|0|all|0,90864006,Help meeee,Harry Potter - J. K. Rowling,Harry Potter - J. K. Rowling,,same,0,0,1,0,0,0,all,0,528,963,9,1,8,80,1,Not Rated,Creator Chose Not To Use Archive Warnings,M/M,English,,19 Aug 2026,0.9345794392523363,0.10384215991692627,0.8307372793354102,88.88888888888889,1125.0,125.0,1000.0,True,False
2026-09-11T01:54:55+00:00,2026-09-11,cohort,88697626|same|0|0|1|0|0|0|all|0,88697626,The Sunflower,Harry Potter - J. K. Rowling,Harry Potter - J. K. Rowling,,same,0,0,1,0,0,0,all,0,528,1520,119,11,44,9300,10,Mature,"Creator Chose Not To Use Archive Warnings, M/M, F/F",,English,,19 Aug 2026,7.828947368421052,0.7236842105263158,2.8947368421052633,36.97478991596639,127.95698924731184,11.827956989247312,47.31182795698925,True,False
2026-09-11T01:54:55+00:00,2026-09-11,cohort,90862941|same|0|0|1|0|0|0|all|0,90862941,You're a Dream to Me,Harry Potter - J. K. Rowling,Harry Potter - J. K. Rowling,,same,0,0,1,0,0,0,all,0,528,399,17,5,1,1379,1,Not Rated,Creator Chose Not To Use Archive Warnings,M/M,English,,18 Aug 2026,4.260651629072681,1.2531328320802004,0.2506265664160401,5.88235294117647,123.27773749093546,36.25815808556926,7.25163161711385,True,False
2026-09-11T01:54:55+00:00,2026-09-11,cohort,90862431|same|0|0|1|0|0|0|all|0,90862431,The Day the Golden Trio Imploded,Harry Potter - J. K. Rowling,Harry Potter - J. K. Rowling,,same,0,0,1,0,0,0,all,0,528,639,65,10,4,1363,1,Mature,Graphic Depictions Of Violence,F/M,English,,19 Aug 2026,10.172143974960877,1.5649452269170578,0.6259780907668232,6.153846153846154,476.88921496698464,73.36757153338225,29.3470286133529,True,False
2026-09-11T01:54:55+00:00,2026-09-11,cohort,90861231|same|0|0|1|0|0|0|all|0,90861231,Saved by the Bell,Harry Potter - J. K. Rowling,Harry Potter - J. K. Rowling,,same,0,0,1,0,0,0,all,0,528,179,1,1,0,37200,12,General Audiences,"Creator Chose Not To Use Archive Warnings, F/F, F/M",,English,,19 Aug 2026,0.5586592178770949,0.5586592178770949,0.0,0.0,0.26881720430107525,0.26881720430107525,0.0,True,False
2026-09-11T01:54:55+00:00,2026-09-11,cohort,60139357|same|0|0|1|0|0|0|all|0,60139357,The Breakup,Harry Potter - J. K. Rowling,Harry Potter - J. K. Rowling,,same,0,0,1,0,0,0,all,0,528,29120,747,47,2511,191207,177,Mature,No Archive Warnings Apply,F/M,English,,19 Aug 2026,2.5652472527472527,0.16140109890109888,8.62293956043956,336.144578313253,39.067607357471225,2.4580690037498627,131.32364400884904,True,False
2026-09-11T01:54:55+00:00,2026-09-11,cohort,90765611|same|0|0|1|0|0|0|all|0,90765611,𝑅𝑒𝑎𝑣𝑒𝑎𝑙𝑒𝑑 𝑏𝑦 𝑡ℎ𝑒 𝑇𝑒𝑎𝑟𝑠 𝑜𝑓 𝑡ℎ𝑒 𝐷𝑒𝑎𝑑,Harry Potter - J. K. Rowling,Harry Potter - J. K. Rowling,,same,0,0,1,0,0,0,all,0,528,180,5,1,2,11611,11,Not Rated,"Creator Chose Not To Use Archive Warnings, Multi, Other",,English,,19 Aug 2026,2.7777777777777777,0.5555555555555556,1.1111111111111112,40.0,4.306261303935923,0.8612522607871845,1.722504521574369,True,False
2026-09-11T01:54:55+00:00,2026-09-11,cohort,84063236|same|0|0|1|0|0|0|all|0,84063236,the garden of earthly delights,Harry Potter - J. K. Rowling,Harry Potter - J. K. Rowling,,same,0,0,1,0,0,0,all,0,528,2145,101,21,41,25402,12,Mature,"No Archive Warnings Apply, M/M, Multi",,English,,19 Aug 2026,4.708624708624709,0.9790209790209791,1.9114219114219115,40.5940594059406,39.76064876781356,8.267065585386979,16.140461380993624,True,False
2026-09-11T01:54:55+00:00,2026-09-11,cohort,88334481|same|0|0|1|0|0|0|all|0,88334481,Shearing,Harry Potter - J. K. Rowling,Harry Potter - J. K. Rowling,,same,0,0,1,0,0,0,all,0,528,145,11,0,6,5299,2,Mature,No Archive Warnings Apply,M/M,English,,19 Aug 2026,7.586206896551724,0.0,4.137931034482759,54.54545454545454,20.758633704472544,0.0,11.322891111530478,True,False
2026-09-11T01:54:55+00:00,2026-09-11,cohort,90858231|same|0|0|1|0|0|0|all|0,90858231,Soft As It Began,Harry Potter - J. K. Rowling,Harry Potter - J. K. Rowling,,same,0,0,1,0,0,0,all,0,528,92,21,3,8,4411,1,Explicit,No Archive Warnings Apply,F/M,English,,19 Aug 2026,22.82608695652174,3.260869565217391,8.695652173913043,38.095238095238095,47.60825209703015,6.801178871004307,18.13647698934482,True,False
2026-09-11T01:54:55+00:00,2026-09-11,cohort,90857866|same|0|0|1|0|0|0|all|0,90857866,Possession,Harry Potter - J. K. Rowling,Harry Potter - J. K. Rowling,,same,0,0,1,0,0,0,all,0,528,1037,68,17,7,1389,2,Explicit,Underage Sex,M/M,English,,19 Aug 2026,6.557377049180328,1.639344262295082,0.6750241080038573,10.294117647058822,489.56083513318936,122.39020878329734,50.395968322534195,True,False
2026-09-11T01:54:55+00:00,2026-09-11,cohort,89082761|same|0|0|1|0|0|0|all|0,89082761,chocolate kisses,Harry Potter - J. K. Rowling,Harry Potter - J. K. Rowling,,same,0,0,1,0,0,0,all,0,528,384,30,3,12,4342,2,Teen And Up Audiences,"Graphic Depictions Of Violence, F/F, M/M, Multi",,English,,19 Aug 2026,7.8125,0.78125,3.125,40.0,69.09258406264394,6.909258406264394,27.637033625057576,True,False
2026-09-11T01:54:55+00:00,2026-09-11,cohort,90857641|same|0|0|1|0|0|0|all|0,90857641,Just Say No,Harry Potter - J. K. Rowling,Harry Potter - J. K. Rowling,,same,0,0,1,0,0,0,all,0,528,53,3,1,0,989,1,Not Rated,Creator Chose Not To Use Archive Warnings,F/M,English,,19 Aug 2026,5.660377358490567,1.8867924528301887,0.0,0.0,30.33367037411527,10.111223458038424,0.0,True,False
2026-09-11T01:54:55+00:00,2026-09-11,cohort,90788181|same|0|0|1|0|0|0|all|0,90788181,Courting Destiny,Harry Potter - J. K. Rowling,Harry Potter - J. K. Rowling,,same,0,0,1,0,0,0,all,0,529,19770,408,142,15,167962,21,Teen And Up Audiences,Creator Chose Not To Use Archive Warnings,M/M,English,,19 Aug 2026,2.063732928679818,0.7182599898836621,0.07587253414264036,3.6764705882352944,24.29120872578321,8.454293232993177,0.8930591443302652,True,False
2026-09-11T01:54:55+00:00,2026-09-11,cohort,90856376|same|0|0|1|0|0|0|all|0,90856376,Secret Lives Of Hufflepuffs,Harry Potter - J. K. Rowling,Harry Potter - J. K. Rowling,,same,0,0,1,0,0,0,all,0,529,97,1,0,0,29726,6,General Audiences,"Creator Chose Not To Use Archive Warnings, F/F, F/M",,English,,19 Aug 2026,1.0309278350515463,0.0,0.0,0.0,0.3364058400053825,0.0,0.0,True,False
2026-09-11T01:54:55+00:00,2026-09-11,cohort,65018878|same|0|0|1|0|0|0|all|0,65018878,8.3 Minutes (The Chronological “All Things Under the Atmosphere”),Harry Potter - J. K. Rowling,Harry Potter - J. K. Rowling,,same,0,0,1,0,0,0,all,0,529,469,25,4,1,11048,32,Teen And Up Audiences,No Archive Warnings Apply,F/M,English,,19 Aug 2026,5.330490405117271,0.8528784648187633,0.21321961620469082,4.0,22.62853005068791,3.620564808110065,0.9051412020275162,True,False
2026-09-11T01:54:55+00:00,2026-09-11,cohort,90856816|same|0|0|1|0|0|0|all|0,90856816,Play-Time,Harry Potter - J. K. Rowling,Harry Potter - J. K. Rowling,,same,0,0,1,0,0,0,all,0,529,926,28,2,6,3710,1,Explicit,No Archive Warnings Apply,M/M,English,,19 Aug 2026,3.023758099352052,0.21598272138228944,0.6479481641468683,21.428571428571427,75.47169811320755,5.3908355795148255,16.172506738544474,True,False
2026-09-11T01:54:55+00:00,2026-09-11,cohort,89347441|same|0|0|1|0|0|0|all|0,89347441,【犬右/小天狼星中心受向】Padfoot驯养手册,Harry Potter - J. K. Rowling,Harry Potter - J. K. Rowling,,same,0,0,1,0,0,0,all,0,529,728,36,2,13,7752,2,Explicit,Underage Sex,M/M,中文-普通话 國語,,19 Aug 2026,4.945054945054945,0.27472527472527475,1.7857142857142856,36.11111111111111,46.43962848297213,2.5799793601651184,16.76986584107327,True,False
2026-09-11T01:54:55+00:00,2026-09-11,cohort,90756576|same|0|0|1|0|0|0|all|0,90756576,The Great Pretender,Harry Potter - J. K. Rowling,Harry Potter - J. K. Rowling,,same,0,0,1,0,0,0,all,0,529,125,9,1,7,9382,11,Teen And Up Audiences,"Graphic Depictions Of Violence, Major Character Death, F/M, Gen",,English,,19 Aug 2026,7.199999999999999,0.8,5.6000000000000005,77.77777777777779,9.59283734811341,1.0658708164570454,7.461095715199318,True,False
2026-09-11T01:54:55+00:00,2026-09-11,cohort,90855761|same|0|0|1|0|0|0|all|0,90855761,Baby Mine,Harry Potter - J. K. Rowling,Harry Potter - J. K. Rowling,,same,0,0,1,0,0,0,all,0,529,313,24,1,6,1552,1,Not Rated,Creator Chose Not To Use Archive Warnings,M/M,English,,19 Aug 2026,7.667731629392971,0.3194888178913738,1.9169329073482428,25.0,154.63917525773198,6.443298969072165,38.659793814432994,True,False
2026-09-11T01:54:55+00:00,2026-09-11,cohort,90855061|same|0|0|1|0|0|0|all|0,90855061,First Time,Harry Potter - J. K. Rowling,Harry Potter - J. K. Rowling,,same,0,0,1,0,0,0,all,0,529,740,18,1,1,9833,1,Explicit,Creator Chose Not To Use Archive Warnings,F/M,English,,19 Aug 2026,2.4324324324324325,0.13513513513513514,0.13513513513513514,5.555555555555555,18.305705278145023,1.0169836265636123,1.0169836265636123,True,False
2026-09-11T01:54:55+00:00,2026-09-11,cohort,82366236|same|0|0|1|0|0|0|all|0,82366236,Snake Song,Harry Potter - J. K. Rowling,Harry Potter - J. K. Rowling,,same,0,0,1,0,0,0,all,0,529,224,7,2,17,18913,9,Explicit,Graphic Depictions Of Violence,F/M,English,,19 Aug 2026,3.125,0.8928571428571428,7.5892857142857135,242.85714285714283,3.701157933696399,1.0574736953418284,8.988526410405541,True,False
2026-09-11T01:54:55+00:00,2026-09-11,cohort,85061286|same|0|0|1|0|0|0|all|0,85061286,Parallel Lives,Harry Potter - J. K. Rowling,Harry Potter - J. K. Rowling,,same,0,0,1,0,0,0,all,0,529,3109,81,25,27,26471,8,Explicit,"Creator Chose Not To Use Archive Warnings, Graphic Depictions Of Violence, Major Character Death, Underage Sex, F/M, Multi",,English,,19 Aug 2026,2.6053393374075267,0.8041170794467675,0.8684464458025087,33.33333333333333,30.59952400740433,9.444297533149484,10.199841335801445,True,False
2026-09-11T01:54:55+00:00,2026-09-11,cohort,90852861|same|0|0|1|0|0|0|all|0,90852861,Love for George.,Harry Potter - J. K. Rowling,Harry Potter - J. K. Rowling,,same,0,0,1,0,0,0,all,0,529,1260,25,1,0,3421,1,Explicit,No Archive Warnings Apply,F/M,English,,19 Aug 2026,1.984126984126984,0.07936507936507936,0.0,0.0,73.07804735457468,2.9231218941829873,0.0,True,False
2026-09-11T01:54:55+00:00,2026-09-11,cohort,48745912|same|0|0|1|0|0|0|all|0,48745912,race cars and other (such lovely) things,Harry Potter - J. K. Rowling,Harry Potter - J. K. Rowling,,same,0,0,1,0,0,0,all,0,529,1736,108,16,36,18159,5,Mature,No Archive Warnings Apply,M/M,English,,19 Aug 2026,6.221198156682028,0.9216589861751152,2.0737327188940093,33.33333333333333,59.47464067404593,8.811057877636433,19.824880224681976,True,False
2026-09-11T01:54:55+00:00,2026-09-11,cohort,89756061|same|0|0|1|0|0|0|all|0,89756061,Purely For Academic Purposes,Harry Potter - J. K. Rowling,Harry Potter - J. K. Rowling,,same,0,0,1,0,0,0,all,0,529,277,36,7,5,6723,1,Explicit,No Archive Warnings Apply,F/M,English,,19 Aug 2026,12.996389891696749,2.527075812274368,1.8050541516245486,13.88888888888889,53.5475234270415,10.412018444146957,7.437156031533541,True,False
2026-09-11T01:54:55+00:00,2026-09-11,cohort,87444696|same|0|0|1|0|0|0|all|0,87444696,so much for summer love (and saying us),Harry Potter - J. K. Rowling,Harry Potter - J. K. Rowling,,same,0,0,1,0,0,0,all,0,529,3536,195,28,58,40222,13,Teen And Up Audiences,No Archive Warnings Apply,M/M,English,,19 Aug 2026,5.514705882352941,0.7918552036199095,1.6402714932126699,29.743589743589745,48.48093083387201,6.961364427427776,14.419969171100393,True,False
2026-09-11T01:54:55+00:00,2026-09-11,cohort,90850511|same|0|0|1|0|0|0|all|0,90850511,When sunshine meets the moon.,Harry Potter - J. K. Rowling,Harry Potter - J. K. Rowling,,same,0,0,1,0,0,0,all,0,529,611,37,1,0,1206,1,Teen And Up Audiences,"Underage Sex, M/M, Multi",,English,,19 Aug 2026,6.055646481178396,0.16366612111292964,0.0,0.0,306.7993366500829,8.291873963515755,0.0,True,False
2026-09-11T01:54:55+00:00,2026-09-11,cohort,90849711|same|0|0|1|0|0|0|all|0,90849711,Boys Night Out,Harry Potter - J. K. Rowling,Harry Potter - J. K. Rowling,,same,0,0,1,0,0,0,all,0,529,375,51,2,2,1674,1,Not Rated,"Creator Chose Not To Use Archive Warnings, Gen, M/M, Other",,English,,19 Aug 2026,13.600000000000001,0.5333333333333333,0.5333333333333333,3.9215686274509802,304.6594982078853,11.947431302270012,11.947431302270012,True,False
2026-09-11T01:54:55+00:00,2026-09-11,cohort,73582756|same|0|0|1|0|0|0|all|0,73582756,"Paint It, Black",Harry Potter - J. K. Rowling,Harry Potter - J. K. Rowling,,same,0,0,1,0,0,0,all,0,529,243,31,2,0,11403,8,Not Rated,No Archive Warnings Apply,M/M,English,,19 Aug 2026,12.757201646090536,0.823045267489712,0.0,0.0,27.185828290800664,1.7539244058581074,0.0,True,False
2026-09-11T01:54:55+00:00,2026-09-11,cohort,88958021|same|0|0|1|0|0|0|all|0,88958021,"Student, Wizard, and a... Raven?",Harry Potter - J. K. Rowling,Hogwarts Legacy (Video Game),,same,0,0,1,0,0,0,all,0,530,1203,103,12,43,19070,6,Teen And Up Audiences,Graphic Depictions Of Violence,Gen,English,,19 Aug 2026,8.5619285120532,0.997506234413965,3.5743973399833746,41.74757281553398,54.0115364446775,6.292606187729418,22.548505506030416,True,False
2026-09-11T01:54:55+00:00,2026-09-11,cohort,90848501|same|0|0|1|0|0|0|all|0,90848501,To The Moon And Back,Harry Potter - J. K. Rowling,Harry Potter - J. K. Rowling,,same,0,0,1,0,0,0,all,0,530,68,26,0,1,3819,3,Not Rated,"Creator Chose Not To Use Archive Warnings, F/F, M/M",,English,,19 Aug 2026,38.23529411764706,0.0,1.4705882352941175,3.8461538461538463,68.08064938465567,0.0,2.618486514794449,True,False
2026-09-11T01:54:55+00:00,2026-09-11,cohort,90848576|same|0|0|1|0|0|0|all|0,90848576,（sshp）Resonance,Harry Potter - J. K. Rowling,Harry Potter - J. K. Rowling,,same,0,0,1,0,0,0,all,0,530,134,25,3,2,8389,1,General Audiences,No Archive Warnings Apply,M/M,中文-普通话 國語,,19 Aug 2026,18.65671641791045,2.2388059701492535,1.4925373134328357,8.0,29.80092978900942,3.5761115746811303,2.3840743831207534,True,False
2026-09-11T01:54:55+00:00,2026-09-11,cohort,79412946|same|0|0|1|0|0|0|all|0,79412946,【SBRB】昨日留痕,Harry Potter - J. K. Rowling,Harry Potter - J. K. Rowling,,same,0,0,1,0,0,0,all,0,530,551,47,3,4,18991,6,General Audiences,"Graphic Depictions Of Violence, Major Character Death",M/M,中文-普通话 國語,,19 Aug 2026,8.52994555353902,0.5444646098003629,0.7259528130671506,8.51063829787234,24.748565109788846,1.5796956453056712,2.1062608604075614,True,False
2026-09-11T01:54:55+00:00,2026-09-11,cohort,87843386|same|0|0|1|0|0|0|all|0,87843386,Rooted In Love,Harry Potter - J. K. Rowling,Harry Potter - J. K. Rowling,,same,0,0,1,0,0,0,all,0,530,1161,107,10,15,15859,8,Not Rated,Creator Chose Not To Use Archive Warnings,F/M,English,,19 Aug 2026,9.21619293712317,0.8613264427217916,1.2919896640826873,14.018691588785046,67.46957563528596,6.305567816381864,9.458351724572799,True,False
2026-09-11T01:54:55+00:00,2026-09-11,cohort,90846696|same|0|0|1|0|0|0|all|0,90846696,hatefucked_my_enemy_until_he_passed_out.mp4,Harry Potter - J. K. Rowling,Harry Potter - J. K. Rowling,,same,0,0,1,0,0,0,all,0,530,4736,336,41,10,3862,1,Explicit,Creator Chose Not To Use Archive Warnings,M/M,English,,19 Aug 2026,7.094594594594595,0.8657094594594594,0.21114864864864866,2.976190476190476,870.0155359917142,106.16261004660798,25.893319523562923,True,False
2026-09-11T01:54:55+00:00,2026-09-11,cohort,88882546|same|0|0|1|0|0|0|all|0,88882546,Fullbloods & halfbloods,Harry Potter - J. K. Rowling,Harry Potter - J. K. Rowling,,same,0,0,1,0,0,0,all,0,530,515,15,0,0,3735,12,Not Rated,Underage Sex,M/M,English,,18 Aug 2026,2.912621359223301,0.0,0.0,0.0,40.16064257028112,0.0,0.0,True,False
2026-09-11T01:54:55+00:00,2026-09-11,cohort,54090871|same|0|0|1|0|0|0|all|0,54090871,Throw a Wrench into the Cogs,Harry Potter - J. K. Rowling,Harry Potter - J. K. Rowling,,same,0,0,1,0,0,0,all,0,530,47287,2119,457,642,82850,23,Teen And Up Audiences,No Archive Warnings Apply,M/M,English,,19 Aug 2026,4.481147038298052,0.966438979000571,1.3576670120752004,30.297310051911282,255.76342788171394,55.15992757996379,77.48943874471937,True,False
2026-09-11T01:54:55+00:00,2026-09-11,cohort,90845911|same|0|0|1|0|0|0|all|0,90845911,Devil’s Snare [ART],Harry Potter - J. K. Rowling,Harry Potter - J. K. Rowling,,same,0,0,1,0,0,0,all,0,530,3844,288,11,13,0,1,Explicit,Creator Chose Not To Use Archive Warnings,M/M,English,,18 Aug 2026,7.492195629552549,0.2861602497398543,0.3381893860561915,4.513888888888888,0.0,0.0,0.0,False,False
2026-09-11T01:54:55+00:00,2026-09-11,cohort,59647429|same|0|0|1|0|0|0|all|0,59647429,The Slytherin Weasley,Harry Potter - J. K. Rowling,Harry Potter - J. K. Rowling,,same,0,0,1,0,0,0,all,0,530,565,19,4,13,46059,26,Teen And Up Audiences,"Creator Chose Not To Use Archive Warnings, No category",,English,,19 Aug 2026,3.3628318584070795,0.7079646017699115,2.3008849557522124,68.42105263157895,4.12514383725222,0.8684513341583622,2.822466836014677,True,False
2026-09-11T01:54:55+00:00,2026-09-11,cohort,90844926|same|0|0|1|0|0|0|all|0,90844926,Full Send Minis,Harry Potter - J. K. Rowling,Harry Potter - J. K. Rowling,,same,0,0,1,0,0,0,all,0,530,130,5,0,1,3343,2,Mature,Creator Chose Not To Use Archive Warnings,F/M,English,,19 Aug 2026,3.8461538461538463,0.0,0.7692307692307693,20.0,14.956625785222855,0.0,2.991325157044571,True,False
2026-09-11T01:54:55+00:00,2026-09-11,cohort,57413062|same|0|0|1|0|0|0|all|0,57413062,Auras,Harry Potter - J. K. Rowling,Harry Potter - J. K. Rowling,,same,0,0,1,0,0,0,all,0,530,85,1,0,0,26574,31,Teen And Up Audiences,No Archive Warnings Apply,F/M,Español,,19 Aug 2026,1.1764705882352942,0.0,0.0,0.0,0.3763076691502973,0.0,0.0,True,False
2026-09-11T01:54:55+00:00,2026-09-11,cohort,90844256|same|0|0|1|0|0|0|all|0,90844256,【德哈】碧绿,Harry Potter - J. K. Rowling,Harry Potter - J. K. Rowling,,same,0,0,1,0,0,0,all,0,531,109,4,1,0,2330,1,Not Rated,Creator Chose Not To Use Archive Warnings,M/M,中文-普通话 國語,,19 Aug 2026,3.669724770642202,0.9174311926605505,0.0,0.0,17.167381974248926,4.291845493562231,0.0,True,False
2026-09-11T01:54:55+00:00,2026-09-11,cohort,70844521|same|0|0|1|0|0|0|all|0,70844521,chlorhexidine,Harry Potter - J. K. Rowling,Harry Potter - J. K. Rowling,,same,0,0,1,0,0,0,all,0,531,28937,695,133,232,107094,19,Explicit,"No Archive Warnings Apply, M/M, Multi",,English,,19 Aug 2026,2.4017693610256763,0.4596191726854892,0.8017417147596504,33.38129496402878,64.89625936093525,12.418996395689769,21.663211757894935,True,False
2026-09-11T01:54:55+00:00,2026-09-11,cohort,83447101|same|0|0|1|0|0|0|all|0,83447101,Stars Over a Lawless Sky,Harry Potter - J. K. Rowling,Harry Potter - J. K. Rowling,,same,0,0,1,0,0,0,all,0,531,81,4,0,5,8413,3,Mature,Creator Chose Not To Use Archive Warnings,Multi,English,,19 Aug 2026,4.938271604938271,0.0,6.172839506172839,125.0,4.754546535124213,0.0,5.943183168905265,True,False
2026-09-11T01:54:55+00:00,2026-09-11,cohort,90840916|same|0|0|1|0|0|0|all|0,90840916,"Wishbones, clovers, salt spilling over",Harry Potter - J. K. Rowling,Harry Potter - J. K. Rowling,,same,0,0,1,0,0,0,all,0,531,759,100,8,0,1064,1,General Audiences,Creator Chose Not To Use Archive Warnings,M/M,English,,19 Aug 2026,13.175230566534916,1.0540184453227932,0.0,0.0,939.8496240601503,75.18796992481202,0.0,True,False
2026-09-11T01:54:55+00:00,2026-09-11,cohort,90840126|same|0|0|1|0|0|0|all|0,90840126,The Things Sirius Didn’t Say,Harry Potter - J. K. Rowling,Harry Potter - J. K. Rowling,,same,0,0,1,0,0,0,all,0,531,221,17,0,0,1525,1,Teen And Up Audiences,"Creator Chose Not To Use Archive Warnings, Gen, M/M",,English,,19 Aug 2026,7.6923076923076925,0.0,0.0,0.0,111.47540983606558,0.0,0.0,True,False
2026-09-11T01:54:55+00:00,2026-09-11,cohort,60928408|same|0|0|1|0|0|0|all|0,60928408,the dawn before the rest of the world,Harry Potter - J. K. Rowling,Harry Potter - J. K. Rowling,,same,0,0,1,0,0,0,all,0,531,8766,169,67,99,192544,40,Mature,Major Character Death,Multi,English,,19 Aug 2026,1.9279032626055213,0.7643166780743783,1.1293634496919918,58.57988165680473,8.777214558750208,3.4797241150074787,5.141681901279707,True,False
2026-09-11T01:54:55+00:00,2026-09-11,cohort,82366296|same|0|0|1|0|0|0|all|0,82366296,Off the beaten path,Harry Potter - J. K. Rowling,Harry Potter - J. K. Rowling,,same,0,0,1,0,0,0,all,0,531,384,119,7,7,6173,3,Mature,Creator Chose Not To Use Archive Warnings,F/M,English,,18 Aug 2026,30.989583333333332,1.8229166666666667,1.8229166666666667,5.88235294117647,192.77498785031588,11.33970516766564,11.33970516766564,True,False
2026-09-11T01:54:55+00:00,2026-09-11,cohort,75356911|same|0|0|1|0|0|0|all|0,75356911,Rarity,Harry Potter - J. K. Rowling,Harry Potter - J. K. Rowling,,same,0,0,1,0,0,0,all,0,531,293,14,3,1,22534,5,Not Rated,"Graphic Depictions Of Violence, F/M, M/M",,English,,18 Aug 2026,4.778156996587031,1.023890784982935,0.3412969283276451,7.142857142857142,6.212833939824265,1.3313215585337712,0.4437738528445904,True,False
2026-09-11T01:54:55+00:00,2026-09-11,cohort,90838851|same|0|0|1|0|0|0|all|0,90838851,fade into you,Harry Potter - J. K. Rowling,Harry Potter - J. K. Rowling,,same,0,0,1,0,0,0,all,0,531,1098,104,8,7,4055,1,Mature,Underage Sex,M/M,English,,19 Aug 2026,9.47176684881603,0.7285974499089253,0.6375227686703097,6.730769230769231,256.4734895191122,19.728729963008632,17.26263871763255,True,False
2026-09-11T01:54:55+00:00,2026-09-11,cohort,87241091|same|0|0|1|0|0|0|all|0,87241091,How to Search Horcruxes for Dummies!,Harry Potter - J. K. Rowling,Harry Potter - J. K. Rowling,,same,0,0,1,0,0,0,all,0,531,11274,192,80,41,55498,13,Mature,"Underage Sex, F/F, F/M, Multi",,English,,19 Aug 2026,1.7030335284725917,0.7095973035302466,0.3636686180592514,21.354166666666664,34.595841291578076,14.414933871490865,7.387653609139067,True,False
2026-09-11T01:54:55+00:00,2026-09-11,cohort,86714336|same|0|0|1|0|0|0|all|0,86714336,The soul is something pilable,Harry Potter - J. K. Rowling,Harry Potter - J. K. Rowling,,same,0,0,1,0,0,0,all,0,531,121,3,0,3,14699,3,Mature,Creator Chose Not To Use Archive Warnings,Gen,English,,19 Aug 2026,2.479338842975207,0.0,2.479338842975207,100.0,2.0409551670181645,0.0,2.0409551670181645,True,False
2026-09-11T01:54:55+00:00,2026-09-11,cohort,90838391|same|0|0|1|0|0|0|all|0,90838391,Mine,Harry Potter - J. K. Rowling,Harry Potter - J. K. Rowling,,same,0,0,1,0,0,0,all,0,531,143,4,2,0,1321,1,Explicit,Creator Chose Not To Use Archive Warnings,F/F,English,,19 Aug 2026,2.797202797202797,1.3986013986013985,0.0,0.0,30.28009084027252,15.14004542013626,0.0,True,False
2026-09-11T01:54:55+00:00,2026-09-11,cohort,48427768|same|0|0|1|0|0|0|all|0,48427768,A Silent Conversation,Harry Potter - J. K. Rowling,Harry Potter - J. K. Rowling,,same,0,0,1,0,0,0,all,0,531,3152,76,62,44,35454,9,Explicit,No Archive Warnings Apply,F/M,English,,19 Aug 2026,2.4111675126903553,1.967005076142132,1.3959390862944163,57.89473684210527,21.436227224008576,17.4874485248491,12.410447340215491,True,False
2026-09-11T01:54:55+00:00,2026-09-11,cohort,90039586|same|0|0|1|0|0|0|all|0,90039586,THE NOT SO CHOSEN ONE,Harry Potter - J. K. Rowling,Harry Potter - J. K. Rowling,,same,0,0,1,0,0,0,all,0,531,72,2,0,0,20278,4,Teen And Up Audiences,"Creator Chose Not To Use Archive Warnings, F/F, Multi",,English,,18 Aug 2026,2.7777777777777777,0.0,0.0,0.0,0.9862905611993292,0.0,0.0,True,False
2026-09-11T01:54:55+00:00,2026-09-11,cohort,78456026|same|0|0|1|0|0|0|all|0,78456026,"Once Remembered, Twice Forgotten",Harry Potter - J. K. Rowling,Harry Potter - J. K. Rowling,,same,0,0,1,0,0,0,all,0,532,4544,92,55,82,69855,22,Explicit,No Archive Warnings Apply,F/M,English,,18 Aug 2026,2.024647887323944,1.210387323943662,1.8045774647887325,89.13043478260869,13.17013814329683,7.873452150883973,11.738601388590652,True,False
2026-09-11T01:54:55+00:00,2026-09-11,cohort,64104919|same|0|0|1|0|0|0|all|0,64104919,When Stars Align in the Forest Of Dean,Harry Potter - J. K. Rowling,Harry Potter - J. K. Rowling,,same,0,0,1,0,0,0,all,0,532,68730,1250,599,592,112198,47,Explicit,Creator Chose Not To Use Archive Warnings,F/M,English,,18 Aug 2026,1.8187108977156992,0.8715262621853631,0.8613414811581552,47.36,111.41018556480509,53.38776092265459,52.76386388349168,True,False
2026-09-11T01:54:55+00:00,2026-09-11,cohort,90835501|same|0|0|1|0|0|0|all|0,90835501,Let it out,Harry Potter - J. K. Rowling,Harry Potter - J. K. Rowling,,same,0,0,1,0,0,0,all,0,532,215,10,0,0,936,1,General Audiences,No Archive Warnings Apply,M/M,English,,18 Aug 2026,4.651162790697675,0.0,0.0,0.0,106.83760683760684,0.0,0.0,True,False
2026-09-11T01:54:55+00:00,2026-09-11,cohort,87753916|same|0|0|1|0|0|0|all|0,87753916,Gulp,Harry Potter - J. K. Rowling,Harry Potter - J. K. Rowling,,same,0,0,1,0,0,0,all,0,532,3790,153,37,51,22969,5,Explicit,No Archive Warnings Apply,M/M,English,,18 Aug 2026,4.036939313984169,0.9762532981530342,1.345646437994723,33.33333333333333,66.6115198746136,16.10866820497192,22.203839958204536,True,False
2026-09-11T01:54:55+00:00,2026-09-11,cohort,90835331|same|0|0|1|0|0|0|all|0,90835331,Stalker,Harry Potter - J. K. Rowling,Harry Potter - J. K. Rowling,,same,0,0,1,0,0,0,all,0,532,57,2,0,0,1772,2,Mature,Creator Chose Not To Use Archive Warnings,M/M,English,,18 Aug 2026,3.508771929824561,0.0,0.0,0.0,11.28668171557562,0.0,0.0,True,False
2026-09-11T01:54:55+00:00,2026-09-11,cohort,90835226|same|0|0|1|0|0|0|all|0,90835226,Winter Losses,Harry Potter - J. K. Rowling,Fantastic Beasts and Where to Find Them (Movies),,same,0,0,1,0,0,0,all,0,532,61,4,0,0,1482,1,Explicit,No Archive Warnings Apply,M/M,English,,18 Aug 2026,6.557377049180328,0.0,0.0,0.0,26.99055330634278,0.0,0.0,True,False
2026-09-11T01:54:55+00:00,2026-09-11,cohort,75183521|same|0|0|1|0|0|0|all|0,75183521,Forget Him,Harry Potter - J. K. Rowling,Harry Potter - J. K. Rowling,,same,0,0,1,0,0,0,all,0,532,1264,41,9,3,59788,15,Mature,Major Character Death,M/M,English,,18 Aug 2026,3.2436708860759493,0.7120253164556962,0.23734177215189875,7.317073170731707,6.857563390646953,1.5053187930688432,0.5017729310229477,True,False
2026-09-11T01:54:55+00:00,2026-09-11,cohort,90833656|same|0|0|1|0|0|0|all|0,90833656,Making memories (potions) that never were,Harry Potter - J. K. Rowling,Harry Potter - J. K. Rowling,,same,0,0,1,0,0,0,all,0,532,63,0,0,0,1666,1,General Audiences,"No Archive Warnings Apply, No category",,English,,18 Aug 2026,0.0,0.0,0.0,0.0,0.0,0.0,0.0,True,False
2026-09-11T01:54:55+00:00,2026-09-11,cohort,89952451|same|0|0|1|0|0|0|all|0,89952451,Moonlight in the Sea,Harry Potter - J. K. Rowling,Harry Potter - J. K. Rowling,,same,0,0,1,0,0,0,all,0,532,523,33,8,11,18067,5,Mature,Creator Chose Not To Use Archive Warnings,M/M,English,,18 Aug 2026,6.309751434034416,1.5296367112810707,2.1032504780114722,33.33333333333333,18.26534565782919,4.427962583716168,6.08844855260973,True,False
2026-09-11T01:54:55+00:00,2026-09-11,cohort,90834231|same|0|0|1|0|0|0|all|0,90834231,"Drink Up, Bro",Harry Potter - J. K. Rowling,Harry Potter - J. K. Rowling,,same,0,0,1,0,0,0,all,0,532,2647,94,12,3,3358,1,Explicit,Creator Chose Not To Use Archive Warnings,M/M,English,,18 Aug 2026,3.551190026445032,0.4533434076312807,0.11333585190782018,3.1914893617021276,279.9285288862418,35.735556879094695,8.933889219773674,True,False
2026-09-11T01:54:55+00:00,2026-09-11,cohort,90740841|same|0|0|1|0|0|0|all|0,90740841,Fred Weasley x OC: Treat you better,Harry Potter - J. K. Rowling,Harry Potter - J. K. Rowling,,same,0,0,1,0,0,0,all,0,532,84,7,0,6,8887,2,Explicit,"Creator Chose Not To Use Archive Warnings, Underage Sex",F/M,English,,18 Aug 2026,8.333333333333332,0.0,7.142857142857142,85.71428571428571,7.876673793181051,0.0,6.751434679869472,True,False
2026-09-11T01:54:55+00:00,2026-09-11,cohort,90449301|same|0|0|1|0|0|0|all|0,90449301,Sinner,Harry Potter - J. K. Rowling,Harry Potter - J. K. Rowling,,same,0,0,1,0,0,0,all,0,532,3784,105,25,31,183135,58,Teen And Up Audiences,"Creator Chose Not To Use Archive Warnings, F/M, M/M",,English,,18 Aug 2026,2.7748414376321353,0.6606765327695561,0.8192389006342495,29.523809523809526,5.733475305102793,1.3651131678816175,1.6927403281732054,True,False
2026-09-11T01:54:55+00:00,2026-09-11,cohort,90833816|same|0|0|1|0|0|0|all|0,90833816,the monster he made me,Harry Potter - J. K. Rowling,Harry Potter - J. K. Rowling,,same,0,0,1,0,0,0,all,0,532,1932,46,7,4,8014,1,Explicit,"Rape/Non-Con, Underage Sex",M/M,English,,18 Aug 2026,2.380952380952381,0.36231884057971014,0.2070393374741201,8.695652173913043,57.39955078612428,8.73471425006239,4.991265285749938,True,False
2026-09-11T01:54:55+00:00,2026-09-11,cohort,88392036|same|0|0|1|0|0|0|all|0,88392036,People Can Choose To Be Better,Harry Potter - J. K. Rowling,Harry Potter - J. K. Rowling,,same,0,0,1,0,0,0,all,0,532,2997,124,21,32,62257,21,Not Rated,"Graphic Depictions Of Violence, Major Character Death",M/M,English,,18 Aug 2026,4.137470804137471,0.7007007007007007,1.0677344010677345,25.806451612903224,19.917439002843054,3.3731146698363235,5.139984258798208,True,False
2026-09-11T01:54:55+00:00,2026-09-11,cohort,82174081|same|0|0|1|0|0|0|all|0,82174081,Through The Wall,Harry Potter - J. K. Rowling,Harry Potter - J. K. Rowling,,same,0,0,1,0,0,0,all,0,532,29523,226,60,16,70720,64,Explicit,"Creator Chose Not To Use Archive Warnings, F/F, F/M",,English,,18 Aug 2026,0.765504860617146,0.20323137892490603,0.05419503437997493,7.079646017699115,31.957013574660632,8.484162895927602,2.262443438914027,True,False
2026-09-11T01:54:55+00:00,2026-09-11,cohort,90832911|same|0|0|1|0|0|0|all|0,90832911,I Hate (Love) You,Harry Potter - J. K. Rowling,Harry Potter - J. K. Rowling,,same,0,0,1,0,0,0,all,0,532,750,43,2,2,2266,1,Mature,Underage Sex,M/M,English,,18 Aug 2026,5.733333333333333,0.26666666666666666,0.26666666666666666,4.651162790697675,189.76169461606355,8.8261253309797,8.8261253309797,True,False
2026-09-11T01:54:55+00:00,2026-09-11,cohort,52735210|same|0|0|1|0|0|0|all|0,52735210,Look Out Sunshine!,Harry Potter - J. K. Rowling,Harry Potter - J. K. Rowling,,same,0,0,1,0,0,0,all,0,533,14676,390,68,201,93509,53,Mature,"Creator Chose Not To Use Archive Warnings, F/F, F/M, M/M",,English,,18 Aug 2026,2.657399836467702,0.46334150994821477,1.3695829926410465,51.53846153846153,41.70721534825525,7.272027291490658,21.49525714102386,True,False
2026-09-11T01:54:55+00:00,2026-09-11,cohort,90832201|same|0|0|1|0|0|0|all|0,90832201,What a Lovely Way to Burn,Harry Potter - J. K. Rowling,Harry Potter - J. K. Rowling,,same,0,0,1,0,0,0,all,0,533,2264,132,15,4,5165,1,Explicit,No Archive Warnings Apply,F/M,English,,18 Aug 2026,5.830388692579505,0.6625441696113075,0.17667844522968199,3.0303030303030303,255.56631171345595,29.041626331074543,7.744433688286544,True,False
2026-09-11T01:54:55+00:00,2026-09-11,cohort,90827351|same|0|0|1|0|0|0|all|0,90827351,Popping Percy's Cherry (One-Shot),Harry Potter - J. K. Rowling,Harry Potter - Fandom,,same,0,0,1,0,0,0,all,0,533,1085,117,13,19,2068,1,Explicit,No Archive Warnings Apply,F/M,English,,18 Aug 2026,10.783410138248847,1.19815668202765,1.7511520737327189,16.23931623931624,565.7640232108317,62.862669245647965,91.8762088974855,True,False
2026-09-11T01:54:55+00:00,2026-09-11,cohort,90816716|same|0|0|1|0|0|0|all|0,90816716,OffSide,Harry Potter - J. K. Rowling,Harry Potter - J. K. Rowling,,same,0,0,1,0,0,0,all,0,533,261,6,0,3,20332,6,Explicit,Creator Chose Not To Use Archive Warnings,M/M,English,,18 Aug 2026,2.2988505747126435,0.0,1.1494252873563218,50.0,2.9510131811922093,0.0,1.4755065905961047,True,False
2026-09-11T01:54:55+00:00,2026-09-11,cohort,85298836|same|0|0|1|0|0|0|all|0,85298836,end of the line,Harry Potter - J. K. Rowling,Harry Potter - J. K. Rowling,,same,0,0,1,0,0,0,all,0,533,98,3,0,5,13089,9,Not Rated,"Creator Chose Not To Use Archive Warnings, F/F, F/M, M/M",,English,,18 Aug 2026,3.061224489795918,0.0,5.1020408163265305,166.66666666666669,2.292000916800367,0.0,3.820001528000611,True,False
2026-09-11T01:54:55+00:00,2026-09-11,cohort,84193511|same|0|0|1|0|0|0|all|0,84193511,Minerva,Harry Potter - J. K. Rowling,Harry Potter - J. K. Rowling,,same,0,0,1,0,0,0,all,0,533,215,4,1,0,14182,8,Mature,"Creator Chose Not To Use Archive Warnings, F/F, Gen",,English,,18 Aug 2026,1.8604651162790697,0.46511627906976744,0.0,0.0,2.820476660555634,0.7051191651389085,0.0,True,False
2026-09-11T01:54:55+00:00,2026-09-11,cohort,89444581|same|0|0|1|0|0|0|all|0,89444581,Mother's Day,Harry Potter - J. K. Rowling,Harry Potter - J. K. Rowling,,same,0,0,1,0,0,0,all,0,533,471,35,16,3,13824,7,Mature,No Archive Warnings Apply,Gen,English,,18 Aug 2026,7.43099787685775,3.397027600849257,0.6369426751592357,8.571428571428571,25.318287037037038,11.574074074074073,2.170138888888889,True,False
2026-09-11T01:54:55+00:00,2026-09-11,cohort,86494931|same|0|0|1|0|0|0|all|0,86494931,The Bodyguard,Harry Potter - J. K. Rowling,Harry Potter - J. K. Rowling,,same,0,0,1,0,0,0,all,0,533,164,5,0,2,9102,5,Explicit,No Archive Warnings Apply,F/M,English,,18 Aug 2026,3.048780487804878,0.0,1.2195121951219512,40.0,5.4932981762250055,0.0,2.197319270490002,True,False
2026-09-11T01:54:55+00:00,2026-09-11,cohort,90830726|same|0|0|1|0|0|0|all|0,90830726,She Will Be Loved,Harry Potter - J. K. Rowling,Harry Potter - J. K. Rowling,,same,0,0,1,0,0,0,all,0,533,73,21,0,15,651,1,Teen And Up Audiences,No Archive Warnings Apply,F/M,English,,18 Aug 2026,28.767123287671232,0.0,20.54794520547945,71.42857142857143,322.5806451612903,0.0,230.41474654377882,True,False
2026-09-11T01:54:55+00:00,2026-09-11,cohort,90831051|same|0|0|1|0|0|0|all|0,90831051,does he know he is not your boyfriend?,Harry Potter - J. K. Rowling,Harry Potter - J. K. Rowling,,same,0,0,1,0,0,0,all,0,533,1379,125,9,3,982,1,Not Rated,Creator Chose Not To Use Archive Warnings,M/M,English,,18 Aug 2026,9.064539521392314,0.6526468455402465,0.21754894851341552,2.4,1272.9124236252546,91.64969450101833,30.54989816700611,True,False
2026-09-11T01:54:55+00:00,2026-09-11,cohort,90830831|same|0|0|1|0|0|0|all|0,90830831,"Goodbye, my love",Harry Potter - J. K. Rowling,Harry Potter - J. K. Rowling,,same,0,0,1,0,0,0,all,0,533,195,15,1,0,2268,1,General Audiences,Creator Chose Not To Use Archive Warnings,M/M,English,,18 Aug 2026,7.6923076923076925,0.5128205128205128,0.0,0.0,66.13756613756614,4.409171075837742,0.0,True,False
2026-09-11T01:54:55+00:00,2026-09-11,cohort,90744241|same|0|0|1|0|0|0|all|0,90744241,Love is strange,Harry Potter - J. K. Rowling,Harry Potter - J. K. Rowling,,same,0,0,1,0,0,0,all,0,533,373,24,7,0,15027,6,Explicit,Creator Chose Not To Use Archive Warnings,F/M,English,,18 Aug 2026,6.434316353887399,1.876675603217158,0.0,0.0,15.971251746855659,4.658281759499568,0.0,True,False
2026-09-11T01:54:55+00:00,2026-09-11,cohort,90830676|same|0|0|1|0|0|0|all|0,90830676,"Honey, Honey,",Harry Potter - J. K. Rowling,Harry Potter - J. K. Rowling,,same,0,0,1,0,0,0,all,0,533,217,16,3,9,560,1,Not Rated,Creator Chose Not To Use Archive Warnings,M/M,English,,18 Aug 2026,7.373271889400922,1.3824884792626728,4.147465437788019,56.25,285.7142857142857,53.57142857142857,160.7142857142857,True,False
2026-09-11T01:54:55+00:00,2026-09-11,cohort,73633371|same|0|0|1|0|0|0|all|0,73633371,"It Changes Shape, But Never Ends",Harry Potter - J. K. Rowling,Harry Potter - J. K. Rowling,,same,0,0,1,0,0,0,all,0,533,6262,266,91,74,117021,10,Mature,"Graphic Depictions Of Violence, Major Character Death, Multi, F/M, M/M",,English,,18 Aug 2026,4.247844139252635,1.4532098371127435,1.1817310763334399,27.819548872180448,22.73096281863939,7.776382016902949,6.323651310448551,True,False
2026-09-11T01:54:55+00:00,2026-09-11,cohort,87633856|same|0|0|1|0|0|0|all|0,87633856,Destiny,Harry Potter - J. K. Rowling,Harry Potter - J. K. Rowling,,same,0,0,1,0,0,0,all,0,533,215,7,1,8,29493,7,Mature,"Creator Chose Not To Use Archive Warnings, Graphic Depictions Of Violence",M/M,Türkçe,,18 Aug 2026,3.255813953488372,0.46511627906976744,3.7209302325581395,114.28571428571428,2.3734445461634963,0.33906350659478524,2.712508052758282,True,False
2026-09-11T01:54:55+00:00,2026-09-11,cohort,82105596|same|0|0|1|0|0|0|all|0,82105596,Soul & Static,Harry Potter - J. K. Rowling,Harry Potter - J. K. Rowling,,same,0,0,1,0,0,0,all,0,533,437,23,9,3,9665,3,Not Rated,Creator Chose Not To Use Archive Warnings,M/M,English,,18 Aug 2026,5.263157894736842,2.059496567505721,0.6864988558352403,13.043478260869565,23.797206414899122,9.311950336264873,3.103983445421625,True,False
2026-09-11T01:54:55+00:00,2026-09-11,cohort,90821956|same|0|0|1|0|0|0|all|0,90821956,Two Different Right Arms,Harry Potter - J. K. Rowling,Harry Potter - J. K. Rowling,,same,0,0,1,0,0,0,all,0,533,136,9,2,2,20811,16,Mature,Creator Chose Not To Use Archive Warnings,F/M,English,,18 Aug 2026,6.61764705882353,1.4705882352941175,1.4705882352941175,22.22222222222222,4.324636009802508,0.9610302244005574,0.9610302244005574,True,False
2026-09-11T01:54:55+00:00,2026-09-11,cohort,90829961|same|0|0|1|0|0|0|all|0,90829961,Cold afternoon,Harry Potter - J. K. Rowling,Harry Potter - J. K. Rowling,,same,0,0,1,0,0,0,all,0,533,56,1,0,0,218,1,General Audiences,No Archive Warnings Apply,F/M,English,,18 Aug 2026,1.7857142857142856,0.0,0.0,0.0,45.87155963302752,0.0,0.0,True,False
2026-09-11T01:54:55+00:00,2026-09-11,cohort,82464866|same|0|0|1|0|0|0|all|0,82464866,Say You'll Ruin It All For Me,Harry Potter - J. K. Rowling,Harry Potter - J. K. Rowling,,same,0,0,1,0,0,0,all,0,534,6494,148,45,101,243148,15,Explicit,No Archive Warnings Apply,M/M,English,,18 Aug 2026,2.279026793963659,0.6929473360024638,1.5552817985833076,68.24324324324324,6.08682777567572,1.850724661523023,4.153848684751674,True,False
2026-09-11T01:54:55+00:00,2026-09-11,cohort,88196771|same|0|0|1|0|0|0|all|0,88196771,Through the Wilderness,Harry Potter - J. K. Rowling,Harry Potter - J. K. Rowling,,same,0,0,1,0,0,0,all,0,534,816,50,6,15,22578,4,General Audiences,Creator Chose Not To Use Archive Warnings,Multi,English,,19 Aug 2026,6.127450980392156,0.7352941176470588,1.8382352941176472,30.0,22.14545132429799,2.6574541589157588,6.643635397289397,True,False
2026-09-11T01:54:55+00:00,2026-09-11,cohort,90792031|same|0|0|1|0|0|0|all|0,90792031,Before Petunia Bloomed,Harry Potter - J. K. Rowling,Harry Potter - J. K. Rowling,,same,0,0,1,0,0,0,all,0,534,293,37,12,3,5644,3,Not Rated,No Archive Warnings Apply,Gen,English,,18 Aug 2026,12.627986348122866,4.09556313993174,1.023890784982935,8.108108108108109,65.55634301913535,21.261516654854713,5.315379163713678,True,False
2026-09-11T01:54:55+00:00,2026-09-11,cohort,90829476|same|0|0|1|0|0|0|all|0,90829476,My Secret Crush Became Real,Harry Potter - J. K. Rowling,Harry Potter - J. K. Rowling,,same,0,0,1,0,0,0,all,0,534,200,12,1,0,2295,1,General Audiences,Creator Chose Not To Use Archive Warnings,M/M,English,,18 Aug 2026,6.0,0.5,0.0,0.0,52.287581699346404,4.357298474945534,0.0,True,False
2026-09-11T01:54:55+00:00,2026-09-11,cohort,65187928|same|0|0|1|0|0|0|all|0,65187928,"When Again Your Eyes Open, the Sun Will Rise",Harry Potter - J. K. Rowling,Harry Potter - J. K. Rowling,,same,0,0,1,0,0,0,all,0,534,18558,360,151,417,253015,19,Explicit,Graphic Depictions Of Violence,M/M,English,,18 Aug 2026,1.939864209505335,0.8136652656536264,2.247009376010346,115.83333333333334,14.228405430508072,5.968025611129775,16.48123629033852,True,False
2026-09-11T01:54:55+00:00,2026-09-11,cohort,82875751|same|0|0|1|0|0|0|all|0,82875751,Universum Proximum,Harry Potter - J. K. Rowling,Harry Potter - J. K. Rowling,,same,0,0,1,0,0,0,all,0,534,325,27,3,6,21313,3,Teen And Up Audiences,"No Archive Warnings Apply, M/M, Multi, Other",,English,,18 Aug 2026,8.307692307692308,0.9230769230769231,1.8461538461538463,22.22222222222222,12.668324496786,1.4075916107539999,2.8151832215079997,True,False
2026-09-11T01:54:55+00:00,2026-09-11,cohort,87005306|same|0|0|1|0|0|0|all|0,87005306,drag me head first (fearless),Harry Potter - J. K. Rowling,Harry Potter - J. K. Rowling,,same,0,0,1,0,0,0,all,0,534,82,6,2,4,18357,2,Mature,"No Archive Warnings Apply, F/F, F/M, M/M",,English,,18 Aug 2026,7.317073170731707,2.4390243902439024,4.878048780487805,66.66666666666666,3.268507926131721,1.089502642043907,2.179005284087814,True,False
2026-09-11T01:54:55+00:00,2026-09-11,cohort,90828536|same|0|0|1|0|0|0|all|0,90828536,"Two's company, Three's a crowd",Harry Potter - J. K. Rowling,Harry Potter - J. K. Rowling,,same,0,0,1,0,0,0,all,0,534,452,10,0,4,802,1,Not Rated,Creator Chose Not To Use Archive Warnings,F/M,English,,18 Aug 2026,2.2123893805309733,0.0,0.8849557522123894,40.0,124.68827930174564,0.0,49.87531172069826,True,False
2026-09-11T01:54:55+00:00,2026-09-11,cohort,86164356|same|0|0|1|0|0|0|all|0,86164356,Целиций,Harry Potter - J. K. Rowling,Harry Potter - J. K. Rowling,,same,0,0,1,0,0,0,all,0,534,57,1,0,0,52115,16,Explicit,No Archive Warnings Apply,F/M,Русский,,18 Aug 2026,1.7543859649122806,0.0,0.0,0.0,0.19188333493236112,0.0,0.0,True,False
2026-09-11T01:54:55+00:00,2026-09-11,cohort,84758526|same|0|0|1|0|0|0|all|0,84758526,That Day in the...,Harry Potter - J. K. Rowling,Harry Potter - J. K. Rowling,,same,0,0,1,0,0,0,all,0,534,1426,55,5,12,10956,7,Teen And Up Audiences,No Archive Warnings Apply,M/M,English,,18 Aug 2026,3.8569424964936885,0.3506311360448808,0.8415147265077139,21.818181818181817,50.200803212851405,4.563709382986492,10.95290251916758,True,False
2026-09-11T01:54:55+00:00,2026-09-11,cohort,90827241|same|0|0|1|0|0|0|all|0,90827241,Hate is Quite Similar to Love,Harry Potter - J. K. Rowling,Harry Potter - J. K. Rowling,,same,0,0,1,0,0,0,all,0,534,688,73,8,1,9039,1,Not Rated,"Creator Chose Not To Use Archive Warnings, F/F, M/M, Other",,English,,18 Aug 2026,10.61046511627907,1.1627906976744187,0.14534883720930233,1.36986301369863,80.76114614448501,8.85053656377918,1.1063170704723975,True,False
2026-09-11T01:54:55+00:00,2026-09-11,cohort,39129732|same|0|0|1|0|0|0|all|0,39129732,A Vow of Control: Sidestories,Harry Potter - J. K. Rowling,Harry Potter - J. K. Rowling,,same,0,0,1,0,0,0,all,0,534,114060,288,87,53,51621,49,Explicit,"No Archive Warnings Apply, F/F, Multi, F/M",,English,,18 Aug 2026,0.2524986849026828,0.07627564439768543,0.04646677187445204,18.40277777777778,55.79124774800953,16.853606090544545,10.267139342515643,True,False
2026-09-11T01:54:55+00:00,2026-09-11,cohort,68114536|same|0|0|1|0|0|0|all|0,68114536,"Random Drabbles, Ideas, and One-Shots",Harry Potter - J. K. Rowling,Harry Potter - J. K. Rowling,,same,0,0,1,0,0,0,all,0,534,6754,121,15,347,45677,22,Explicit,No Archive Warnings Apply,F/M,English,,18 Aug 2026,1.7915309446254073,0.22209061297009178,5.1376961800414565,286.77685950413223,26.490356196772993,3.283928454145412,75.96821157256387,True,False
2026-09-11T01:54:55+00:00,2026-09-11,cohort,58799707|same|0|0|1|0|0|0|all|0,58799707,Housecasts and Marauders: The Chamber of Secrets,Harry Potter - J. K. Rowling,Harry Potter - J. K. Rowling,,same,0,0,1,0,0,0,all,0,534,1829,49,20,7,25632,13,General Audiences,Creator Chose Not To Use Archive Warnings,Other,English,,18 Aug 2026,2.6790595954073266,1.0934937124111537,0.38272279934390374,14.285714285714285,19.1167290886392,7.802746566791511,2.730961298377029,True,False
2026-09-11T01:54:55+00:00,2026-09-11,cohort,74062461|same|0|0|1|0|0|0|all|0,74062461,Draco Malfoy in: Dark Magic and Charmed Hearts,Harry Potter - J. K. Rowling,Harry Potter - J. K. Rowling,,same,0,0,1,0,0,0,all,0,535,9227,98,134,121,176834,29,Explicit,Creator Chose Not To Use Archive Warnings,F/M,English,,18 Aug 2026,1.0621003576460388,1.4522596726996857,1.3113688089303133,123.46938775510203,5.541920671364104,7.577728264926429,6.8425755228067,True,False
2026-09-11T01:54:55+00:00,2026-09-11,cohort,89283021|same|0|0|1|0|0|0|all|0,89283021,Hate that you made me love you,Harry Potter - J. K. Rowling,Harry Potter - J. K. Rowling,,same,0,0,1,0,0,0,all,0,535,54,2,0,0,0,1,Teen And Up Audiences,Creator Chose Not To Use Archive Warnings,F/M,English,,18 Aug 2026,3.7037037037037033,0.0,0.0,0.0,0.0,0.0,0.0,False,False
2026-09-11T01:54:55+00:00,2026-09-11,cohort,90826491|same|0|0|1|0|0|0|all|0,90826491,The Express Purpose Of Becoming Attractive,Harry Potter - J. K. Rowling,Harry Potter - J. K. Rowling,,same,0,0,1,0,0,0,all,0,535,456,52,3,7,0,1,Teen And Up Audiences,No Archive Warnings Apply,M/M,English,,18 Aug 2026,11.403508771929824,0.6578947368421052,1.5350877192982455,13.461538461538462,0.0,0.0,0.0,False,False
2026-09-11T01:54:55+00:00,2026-09-11,cohort,90716711|same|0|0|1|0|0|0|all|0,90716711,"Angels with silver wings, shouldn't know suffering",Harry Potter - J. K. Rowling,Harry Potter - J. K. Rowling,,same,0,0,1,0,0,0,all,0,535,149,6,1,2,3045,2,Explicit,No Archive Warnings Apply,M/M,English,,18 Aug 2026,4.026845637583892,0.6711409395973155,1.342281879194631,33.33333333333333,19.704433497536943,3.284072249589491,6.568144499178982,True,False
2026-09-11T01:54:55+00:00,2026-09-11,cohort,90401781|same|0|0|1|0|0|0|all|0,90401781,Beneath The Sky And The Sea,Harry Potter - J. K. Rowling,Harry Potter - J. K. Rowling,,same,0,0,1,0,0,0,all,0,535,100,8,0,0,11996,3,Not Rated,"Creator Chose Not To Use Archive Warnings, F/M, M/M",,English,,18 Aug 2026,8.0,0.0,0.0,0.0,6.668889629876625,0.0,0.0,True,False
2026-09-11T01:54:55+00:00,2026-09-11,cohort,90825931|same|0|0|1|0|0|0|all|0,90825931,he hates his life,Harry Potter - J. K. Rowling,Harry Potter - J. K. Rowling,,same,0,0,1,0,0,0,all,0,535,511,71,4,3,1210,1,Not Rated,Creator Chose Not To Use Archive Warnings,F/M,English,,18 Aug 2026,13.894324853228962,0.7827788649706457,0.5870841487279843,4.225352112676056,586.7768595041322,33.05785123966942,24.793388429752067,True,False
2026-09-11T01:54:55+00:00,2026-09-11,cohort,48799990|same|0|0|1|0|0|0|all|0,48799990,The Hallows,Harry Potter - J. K. Rowling,Harry Potter - J. K. Rowling,,same,0,0,1,0,0,0,all,0,535,629,12,2,5,26120,8,Mature,"Creator Chose Not To Use Archive Warnings, Graphic Depictions Of Violence, Major Character Death, F/M, M/M",,English,,18 Aug 2026,1.9077901430842605,0.3179650238473768,0.7949125596184419,41.66666666666667,4.594180704441041,0.7656967840735068,1.9142419601837672,True,False
2026-09-11T01:54:55+00:00,2026-09-11,cohort,82400301|same|0|0|1|0|0|0|all|0,82400301,Heavenly Hurt,Harry Potter - J. K. Rowling,Harry Potter - J. K. Rowling,,same,0,0,1,0,0,0,all,0,535,1812,180,13,28,16085,15,Mature,"Graphic Depictions Of Violence, Rape/Non-Con",F/M,English,,18 Aug 2026,9.933774834437086,0.717439293598234,1.545253863134658,15.555555555555555,111.90550202051601,8.082064034815046,17.407522536524713,True,False
2026-09-11T01:54:55+00:00,2026-09-11,cohort,90823666|same|0|0|1|0|0|0|all|0,90823666,"[Спидпейнт] Удачной охоты, Поттер",Harry Potter - J. K. Rowling,Harry Potter - J. K. Rowling,,same,0,0,1,0,0,0,all,0,535,132,20,0,4,0,1,General Audiences,No Archive Warnings Apply,Gen,Русский,,18 Aug 2026,15.151515151515152,0.0,3.0303030303030303,20.0,0.0,0.0,0.0,False,False
2026-09-11T01:54:55+00:00,2026-09-11,cohort,90824456|same|0|0|1|0|0|0|all|0,90824456,Stop The Wedding!,Harry Potter - J. K. Rowling,Harry Potter - J. K. Rowling,,same,0,0,1,0,0,0,all,0,535,216,45,4,4,3041,1,Not Rated,"Creator Chose Not To Use Archive Warnings, No Archive Warnings Apply",M/M,English,,18 Aug 2026,20.833333333333336,1.8518518518518516,1.8518518518518516,8.88888888888889,147.97763893456099,13.153567905294311,13.153567905294311,True,False
2026-09-11T01:54:55+00:00,2026-09-11,cohort,90814251|same|0|0|1|0|0|0|all|0,90814251,Give Them Hell,Harry Potter - J. K. Rowling,Harry Potter - J. K. Rowling,,same,0,0,1,0,0,0,all,0,536,84,24,1,8,2000,1,General Audiences,No Archive Warnings Apply,Gen,English,,18 Aug 2026,28.57142857142857,1.1904761904761905,9.523809523809524,33.33333333333333,120.0,5.0,40.0,True,False
2026-09-11T01:54:55+00:00,2026-09-11,cohort,90824091|same|0|0|1|0|0|0|all|0,90824091,【哈德】许愿精灵,Harry Potter - J. K. Rowling,Harry Potter - J. K. Rowling,,same,0,0,1,0,0,0,all,0,536,308,14,2,3,9514,1,Mature,"Graphic Depictions Of Violence, Underage Sex",M/M,中文-普通话 國語,,18 Aug 2026,4.545454545454546,0.6493506493506493,0.974025974025974,21.428571428571427,14.715156611309649,2.102165230187093,3.153247845280639,True,False
2026-09-11T01:54:55+00:00,2026-09-11,cohort,88025736|same|0|0|1|0|0|0|all|0,88025736,Get Off My Lawn,Harry Potter - J. K. Rowling,Harry Potter - J. K. Rowling,,same,0,0,1,0,0,0,all,0,536,618,12,1,4,5904,1,Explicit,Underage Sex,Multi,English,,18 Aug 2026,1.9417475728155338,0.16181229773462785,0.6472491909385114,33.33333333333333,20.325203252032523,1.6937669376693767,6.775067750677507,True,False
2026-09-11T01:54:55+00:00,2026-09-11,cohort,90774241|same|0|0|1|0|0|0|all|0,90774241,As sweet as Butterbeer (a Fred Weasley lovestory),Harry Potter - J. K. Rowling,Harry Potter - J. K. Rowling,,same,0,0,1,0,0,0,all,0,536,50,1,0,0,722,1,Teen And Up Audiences,"Underage Sex, F/M, M/M",,English,,18 Aug 2026,2.0,0.0,0.0,0.0,13.850415512465373,0.0,0.0,True,False
2026-09-11T01:54:55+00:00,2026-09-11,cohort,87279966|same|0|0|1|0|0|0|all|0,87279966,The Soulmates Predicament,Harry Potter - J. K. Rowling,Harry Potter - J. K. Rowling,,same,0,0,1,0,0,0,all,0,536,459,11,3,5,9991,5,Explicit,"No Archive Warnings Apply, F/M, M/M, Other",,English,,18 Aug 2026,2.3965141612200433,0.6535947712418301,1.0893246187363834,45.45454545454545,11.009908918026225,3.00270243218897,5.004504053648283,True,False
2026-09-11T01:54:55+00:00,2026-09-11,cohort,83515931|same|0|0|1|0|0|0|all|0,83515931,Relinquished Control,Harry Potter - J. K. Rowling,Harry Potter - J. K. Rowling,,same,0,0,1,0,0,0,all,0,536,1033,86,7,14,685,1,Explicit,No Archive Warnings Apply,M/M,English,,18 Aug 2026,8.325266214908035,0.6776379477250726,1.3552758954501452,16.27906976744186,1255.4744525547446,102.18978102189782,204.37956204379563,True,False
2026-09-11T01:54:55+00:00,2026-09-11,cohort,90170801|same|0|0|1|0|0|0|all|0,90170801,"Could Row the Boat to Safer Ground, but My Heart Still Beats",Harry Potter - J. K. Rowling,Harry Potter - J. K. Rowling,,same,0,0,1,0,0,0,all,0,536,91,10,1,3,4595,1,Explicit,"No Archive Warnings Apply, F/M, M/M",,English,,18 Aug 2026,10.989010989010989,1.098901098901099,3.296703296703297,30.0,21.762785636561482,2.176278563656148,6.528835690968443,True,False
2026-09-11T01:54:55+00:00,2026-09-11,cohort,90426101|same|0|0|1|0|0|0|all|0,90426101,picturing you and you're touching yourself,Harry Potter - J. K. Rowling,Harry Potter - J. K. Rowling,,same,0,0,1,0,0,0,all,0,536,1781,105,19,12,10369,3,Explicit,No Archive Warnings Apply,M/M,English,,18 Aug 2026,5.895564289724874,1.0668163952835485,0.673778775968557,11.428571428571429,101.26338123252,18.323849937313145,11.572957855145143,True,False
2026-09-11T01:54:55+00:00,2026-09-11,cohort,38341357|same|0|0|1|0|0|0|all|0,38341357,Someone Else's Life,Harry Potter - J. K. Rowling,Harry Potter - J. K. Rowling,,same,0,0,1,0,0,0,all,0,536,45099,1449,314,472,47856,50,Mature,Underage Sex,F/M,English,,18 Aug 2026,3.2129315505887046,0.6962460364974834,1.0465863988115036,32.574189095928226,302.78335005015043,65.61350718823137,98.62922099632229,True,False
2026-09-11T01:54:55+00:00,2026-09-11,cohort,90823171|same|0|0|1|0|0|0|all|0,90823171,End of August,Harry Potter - J. K. Rowling,Harry Potter - J. K. Rowling,,same,0,0,1,0,0,0,all,0,536,118,14,0,0,5098,1,General Audiences,No Archive Warnings Apply,F/M,English,,18 Aug 2026,11.864406779661017,0.0,0.0,0.0,27.46174970576697,0.0,0.0,True,False
2026-09-11T01:54:55+00:00,2026-09-11,cohort,49426270|same|0|0|1|0|0|0|all|0,49426270,We Appreciate Power,Harry Potter - J. K. Rowling,Harry Potter - J. K. Rowling,,same,0,0,1,0,0,0,all,0,536,52479,1774,463,189,47109,22,Mature,"Creator Chose Not To Use Archive Warnings, F/F, F/M, M/M",,English,,18 Aug 2026,3.3803997789592026,0.8822576649707502,0.36014405762304924,10.653889515219841,376.57347852851893,98.28270606465856,40.119722346048526,True,False
2026-09-11T01:54:55+00:00,2026-09-11,cohort,90820631|same|0|0|1|0|0|0|all|0,90820631,The Long Game,Harry Potter - J. K. Rowling,Harry Potter - J. K. Rowling,,same,0,0,1,0,0,0,all,0,536,414,16,1,10,8646,2,Explicit,Creator Chose Not To Use Archive Warnings,M/M,English,,18 Aug 2026,3.864734299516908,0.24154589371980675,2.4154589371980677,62.5,18.505667360629193,1.1566042100393246,11.566042100393245,True,False
2026-09-11T01:54:55+00:00,2026-09-11,cohort,85081566|same|0|0|1|0|0|0|all|0,85081566,The Old Ways,Harry Potter - J. K. Rowling,Harry Potter - J. K. Rowling,,same,0,0,1,0,0,0,all,0,536,34291,1233,476,683,100903,25,Mature,Graphic Depictions Of Violence,F/M,English,,18 Aug 2026,3.5956956635851975,1.3881193316030445,1.9917762678253768,55.39334955393349,122.19656501788847,47.17401861193424,67.68877040325857,True,False
2026-09-11T01:54:55+00:00,2026-09-11,cohort,76726301|same|0|0|1|0|0|0|all|0,76726301,Death wears no crown,Harry Potter - J. K. Rowling,Harry Potter - J. K. Rowling,,same,0,0,1,0,0,0,all,0,536,22136,945,300,290,51838,15,Not Rated,"Creator Chose Not To Use Archive Warnings, F/M, M/M",,English,,18 Aug 2026,4.269063968196603,1.3552584026020962,1.3100831225153595,30.687830687830687,182.2986997955168,57.87260310968787,55.94351633936495,True,False
2026-09-11T01:54:55+00:00,2026-09-11,cohort,90572441|same|0|0|1|0|0|0|all|0,90572441,the wrong sort,Harry Potter - J. K. Rowling,Harry Potter - J. K. Rowling,,same,0,0,1,0,0,0,all,0,536,151,9,4,3,4422,4,General Audiences,"Graphic Depictions Of Violence, No category",,English,,18 Aug 2026,5.960264900662252,2.6490066225165565,1.9867549668874174,33.33333333333333,20.352781546811396,9.045680687471732,6.7842605156037985,True,False
2026-09-11T01:54:55+00:00,2026-09-11,cohort,86894406|same|0|0|1|0|0|0|all|0,86894406,Mamba and Her Master: Shedding,Harry Potter - J. K. Rowling,Hogwarts Legacy (Video Game),,same,0,0,1,0,0,0,all,0,536,293,6,3,11,21807,8,Explicit,"Graphic Depictions Of Violence, Rape/Non-Con, Underage Sex",F/M,English,,18 Aug 2026,2.04778156996587,1.023890784982935,3.754266211604096,183.33333333333331,2.751410097675058,1.375705048837529,5.044251845737608,True,False
2026-09-11T01:54:55+00:00,2026-09-11,cohort,87143091|same|0|0|1|0|0|0|all|0,87143091,Dream of Me,Harry Potter - J. K. Rowling,Hogwarts Legacy (Video Game),,same,0,0,1,0,0,0,all,0,537,640,35,6,20,15501,4,Mature,No Archive Warnings Apply,F/M,English,,18 Aug 2026,5.46875,0.9375,3.125,57.14285714285714,22.579188439455518,3.870718018192375,12.902393393974581,True,False
2026-09-11T01:54:55+00:00,2026-09-11,cohort,64592203|same|0|0|1|0|0|0|all|0,64592203,Harry Potter and the Random Muggle,Harry Potter - J. K. Rowling,Harry Potter - J. K. Rowling,,same,0,0,1,0,0,0,all,0,537,133,10,1,6,14609,8,General Audiences,"Creator Chose Not To Use Archive Warnings, No Archive Warnings Apply, No category",,English,,18 Aug 2026,7.518796992481203,0.7518796992481203,4.511278195488721,60.0,6.845095489082072,0.6845095489082073,4.107057293449244,True,False
2026-09-11T01:54:55+00:00,2026-09-11,cohort,89433401|same|0|0|1|0|0|0|all|0,89433401,Life of a Liar,Harry Potter - J. K. Rowling,Harry Potter - J. K. Rowling,,same,0,0,1,0,0,0,all,0,537,173,6,2,0,7310,2,Not Rated,Creator Chose Not To Use Archive Warnings,M/M,English,,18 Aug 2026,3.4682080924855487,1.1560693641618496,0.0,0.0,8.207934336525307,2.7359781121751023,0.0,True,False
2026-09-11T01:54:55+00:00,2026-09-11,cohort,78512391|same|0|0|1|0|0|0|all|0,78512391,Death Intervenes,Harry Potter - J. K. Rowling,Harry Potter - J. K. Rowling,,same,0,0,1,0,0,0,all,0,537,2083,115,58,18,3279,3,Not Rated,"Creator Chose Not To Use Archive Warnings, F/F, F/M, Gen, M/M",,English,,18 Aug 2026,5.5208833413346134,2.784445511281805,0.8641382621219394,15.65217391304348,350.71668191521803,176.88319609637085,54.89478499542543,True,False
2026-09-11T01:54:55+00:00,2026-09-11,cohort,89565221|same|0|0|1|0|0|0|all|0,89565221,The Harry & Narcissa Situation,Harry Potter - J. K. Rowling,Harry Potter - J. K. Rowling,,same,0,0,1,0,0,0,all,0,537,260,14,0,0,12858,4,Mature,Creator Chose Not To Use Archive Warnings,M/M,English,,18 Aug 2026,5.384615384615385,0.0,0.0,0.0,10.888163011354798,0.0,0.0,True,False
2026-09-11T01:54:55+00:00,2026-09-11,cohort,90820461|same|0|0|1|0|0|0|all|0,90820461,Study Hour,Harry Potter - J. K. Rowling,Harry Potter - J. K. Rowling,,same,0,0,1,0,0,0,all,0,537,119,5,0,2,819,1,Mature,Underage Sex,F/M,English,,18 Aug 2026,4.201680672268908,0.0,1.680672268907563,40.0,61.05006105006105,0.0,24.42002442002442,True,False
2026-09-11T01:54:55+00:00,2026-09-11,cohort,89707456|same|0|0|1|0|0|0|all|0,89707456,nothing in the world belongs to me,Harry Potter - J. K. Rowling,Harry Potter - J. K. Rowling,,same,0,0,1,0,0,0,all,0,537,487,35,5,7,43363,9,Mature,Major Character Death,F/M,English,,18 Aug 2026,7.186858316221765,1.0266940451745379,1.4373716632443532,20.0,8.071397274173835,1.153056753453405,1.614279454834767,True,False
2026-09-11T01:54:55+00:00,2026-09-11,cohort,46103485|same|0|0|1|0|0|0|all|0,46103485,Harry Pottater,Harry Potter - J. K. Rowling,Harry Potter - J. K. Rowling,,same,0,0,1,0,0,0,all,0,537,214,14,2,5,3415,7,General Audiences,"No Archive Warnings Apply, F/M, Gen",,English,,18 Aug 2026,6.5420560747663545,0.9345794392523363,2.336448598130841,35.714285714285715,40.995607613469986,5.856515373352855,14.641288433382138,True,False
2026-09-11T01:54:55+00:00,2026-09-11,cohort,67079980|same|0|0|1|0|0|0|all|0,67079980,Culinary Practices of the Wizarding World,Harry Potter - J. K. Rowling,Harry Potter - J. K. Rowling,,same,0,0,1,0,0,0,all,0,537,73,6,1,1,1587,10,General Audiences,No Archive Warnings Apply,Gen,English,,18 Aug 2026,8.21917808219178,1.36986301369863,1.36986301369863,16.666666666666664,37.80718336483932,6.30119722747322,6.30119722747322,True,False
2026-09-11T01:54:55+00:00,2026-09-11,cohort,90819161|same|0|0|1|0|0|0|all|0,90819161,never wanted anything more,Harry Potter - J. K. Rowling,Harry Potter - J. K. Rowling,,same,0,0,1,0,0,0,all,0,537,1403,113,14,25,12043,1,Explicit,No Archive Warnings Apply,M/M,English,,18 Aug 2026,8.05416963649323,0.9978617248752674,1.7818959372772631,22.123893805309734,93.83044092003654,11.625010379473554,20.758947106202776,True,False
2026-09-11T01:54:55+00:00,2026-09-11,cohort,72218821|same|0|0|1|0|0|0|all|0,72218821,The Heirs’ Prophecy,Harry Potter - J. K. Rowling,Harry Potter - J. K. Rowling,,same,0,0,1,0,0,0,all,0,537,6222,106,27,75,99278,68,Explicit,"Creator Chose Not To Use Archive Warnings, F/F, F/M, M/M, Multi",,English,,18 Aug 2026,1.7036322725811637,0.43394406943105107,1.2054001928640308,70.75471698113208,10.677088579544309,2.7196357702612866,7.554543806281352,True,False
2026-09-11T01:54:55+00:00,2026-09-11,cohort,70905366|same|0|0|1|0|0|0|all|0,70905366,spermarche,Harry Potter - J. K. Rowling,Harry Potter - J. K. Rowling,,same,0,0,1,0,0,0,all,0,537,18090,810,133,97,11260,5,Explicit,Underage Sex,M/M,English,,18 Aug 2026,4.477611940298507,0.7352128247650636,0.5362078496406855,11.975308641975309,719.360568383659,118.11722912966252,86.14564831261102,True,False
2026-09-11T01:54:55+00:00,2026-09-11,cohort,82831021|same|0|0|1|0|0|0|all|0,82831021,Serendipity,Harry Potter - J. K. Rowling,Harry Potter - J. K. Rowling,,same,0,0,1,0,0,0,all,0,537,1619,17,7,6,14093,9,Not Rated,"Rape/Non-Con, Underage Sex",F/M,English,,18 Aug 2026,1.0500308832612724,0.4323656578134651,0.3705991352686844,35.294117647058826,12.0627261761158,4.9670048960476825,4.2574327680408715,True,False
2026-09-11T01:54:55+00:00,2026-09-11,cohort,90818296|same|0|0|1|0|0|0|all|0,90818296,Dirty Talk Dare,Harry Potter - J. K. Rowling,Harry Potter - J. K. Rowling,,same,0,0,1,0,0,0,all,0,537,1387,111,14,19,6459,1,Explicit,No Archive Warnings Apply,F/M,English,,18 Aug 2026,8.002883922134101,1.0093727469358327,1.36986301369863,17.117117117117118,171.85322805387833,21.675181916705373,29.416318315528716,True,False
2026-09-11T01:54:55+00:00,2026-09-11,cohort,90817841|same|0|0|1|0|0|0|all|0,90817841,Wet Hot McGonagall Summer,Harry Potter - J. K. Rowling,Harry Potter - J. K. Rowling,,same,0,0,1,0,0,0,all,0,537,3141,64,34,0,5255,1,Explicit,No Archive Warnings Apply,F/M,English,,18 Aug 2026,2.037567653613499,1.0824578159821714,0.0,0.0,121.78877259752616,64.70028544243577,0.0,True,False
2026-09-11T01:54:55+00:00,2026-09-11,cohort,90817901|same|0|0|1|0|0|0|all|0,90817901,Amor und Psyche,Harry Potter - J. K. Rowling,Harry Potter - J. K. Rowling,,same,0,0,1,0,0,0,all,0,537,67,8,4,4,359,1,Mature,No Archive Warnings Apply,M/M,English,,18 Aug 2026,11.940298507462686,5.970149253731343,5.970149253731343,50.0,222.84122562674094,111.42061281337047,111.42061281337047,True,False
2026-09-11T01:54:55+00:00,2026-09-11,cohort,90781806|same|0|0|1|0|0|0|all|0,90781806,10 jours pour ne pas mourir,Harry Potter - J. K. Rowling,Harry Potter - J. K. Rowling,,same,0,0,1,0,0,0,all,0,537,124,5,1,3,9950,10,Teen And Up Audiences,No Archive Warnings Apply,M/M,Français,,18 Aug 2026,4.032258064516129,0.8064516129032258,2.4193548387096775,60.0,5.025125628140704,1.0050251256281406,3.0150753768844223,True,False
2026-09-11T01:54:55+00:00,2026-09-11,cohort,90817286|same|0|0|1|0|0|0|all|0,90817286,Gold,Harry Potter - J. K. Rowling,Harry Potter - J. K. Rowling,,same,0,0,1,0,0,0,all,0,537,82,2,1,0,573,1,Teen And Up Audiences,No Archive Warnings Apply,M/M,English,,18 Aug 2026,2.4390243902439024,1.2195121951219512,0.0,0.0,34.904013961605585,17.452006980802793,0.0,True,False
2026-09-11T01:54:55+00:00,2026-09-11,cohort,90817076|same|0|0|1|0|0|0|all|0,90817076,暗恋成真,Harry Potter - J. K. Rowling,Harry Potter - J. K. Rowling,,same,0,0,1,0,0,0,all,0,538,84,0,0,0,3542,1,General Audiences,Creator Chose Not To Use Archive Warnings,M/M,中文-普通话 國語,,18 Aug 2026,0.0,0.0,0.0,0.0,0.0,0.0,0.0,True,False
2026-09-11T01:54:55+00:00,2026-09-11,cohort,62336797|same|0|0|1|0|0|0|all|0,62336797,Dangerous Animals,Harry Potter - J. K. Rowling,Harry Potter - J. K. Rowling,,same,0,0,1,0,0,0,all,0,538,2065,86,15,52,66835,8,Mature,Creator Chose Not To Use Archive Warnings,F/M,English,,18 Aug 2026,4.164648910411622,0.7263922518159807,2.5181598062953996,60.46511627906976,12.8675095384155,2.2443330590259594,7.780354604623326,True,False
2026-09-11T01:54:55+00:00,2026-09-11,cohort,75944586|same|0|0|1|0|0|0|all|0,75944586,It's real.,Harry Potter - J. K. Rowling,Harry Potter - J. K. Rowling,,same,0,0,1,0,0,0,all,0,538,2458,55,10,25,55864,9,Mature,No Archive Warnings Apply,F/M,English,,18 Aug 2026,2.237591537835639,0.40683482506102525,1.017087062652563,45.45454545454545,9.84533867965058,1.7900615781182874,4.475153945295718,True,False
2026-09-11T01:54:55+00:00,2026-09-11,cohort,73491966|same|0|0|1|0|0|0|all|0,73491966,Я заставлю вас гордиться,Harry Potter - J. K. Rowling,Harry Potter - J. K. Rowling,,same,0,0,1,0,0,0,all,0,538,3886,79,5,15,179062,35,Explicit,"Creator Chose Not To Use Archive Warnings, F/M, M/M",,Русский,,18 Aug 2026,2.0329387545033453,0.12866700977869275,0.3860010293360782,18.9873417721519,4.411879684131754,0.27923289140074387,0.8376986742022317,True,False
2026-09-11T01:54:55+00:00,2026-09-11,cohort,77009286|same|0|0|1|0|0|0|all|0,77009286,Nott Black & White,Harry Potter - J. K. Rowling,Harry Potter - J. K. Rowling,,same,0,0,1,0,0,0,all,0,538,67278,752,289,2610,584615,124,Explicit,No Archive Warnings Apply,Multi,English,,18 Aug 2026,1.117750230387348,0.429560926305776,3.879425666636939,347.0744680851064,12.863166357346287,4.943424304884411,44.64476621366198,True,False
2026-09-11T01:54:55+00:00,2026-09-11,cohort,80426421|same|0|0|1|0|0|0|all|0,80426421,A Vengeance Through Time,Harry Potter - J. K. Rowling,Harry Potter - J. K. Rowling,,same,0,0,1,0,0,0,all,0,538,973,64,16,32,20324,3,Mature,Graphic Depictions Of Violence,F/M,English,,18 Aug 2026,6.5775950668037,1.644398766700925,3.28879753340185,50.0,31.48986419996064,7.87246604999016,15.74493209998032,True,False
2026-09-11T01:54:55+00:00,2026-09-11,cohort,90774846|same|0|0|1|0|0|0|all|0,90774846,My Little Moon,Harry Potter - J. K. Rowling,Harry Potter - J. K. Rowling,,same,0,0,1,0,0,0,all,0,538,1468,16,19,4,424533,166,Mature,Creator Chose Not To Use Archive Warnings,Multi,English,,18 Aug 2026,1.08991825613079,1.2942779291553135,0.2724795640326975,25.0,0.3768847180313427,0.44755060266221947,0.09422117950783568,True,False
2026-09-11T01:54:55+00:00,2026-09-11,cohort,90815296|same|0|0|1|0|0|0|all|0,90815296,The Veritas Effect: On Truth Potions and Stolen Sweaters,Harry Potter - J. K. Rowling,Harry Potter - J. K. Rowling,,same,0,0,1,0,0,0,all,0,538,63,3,2,0,53898,1,Explicit,No Archive Warnings Apply,F/M,English,,18 Aug 2026,4.761904761904762,3.1746031746031744,0.0,0.0,0.5566069241901369,0.3710712827934246,0.0,True,False
2026-09-11T01:54:55+00:00,2026-09-11,cohort,90814536|same|0|0|1|0|0|0|all|0,90814536,[Art] Объятие,Harry Potter - J. K. Rowling,Harry Potter - J. K. Rowling,,same,0,0,1,0,0,0,all,0,538,318,45,0,2,0,1,General Audiences,No Archive Warnings Apply,M/M,Русский,,18 Aug 2026,14.150943396226415,0.0,0.628930817610063,4.444444444444445,0.0,0.0,0.0,False,False
2026-09-11T01:54:55+00:00,2026-09-11,cohort,85954226|same|0|0|1|0|0|0|all|0,85954226,Slippery,Harry Potter - J. K. Rowling,Harry Potter - J. K. Rowling,,same,0,0,1,0,0,0,all,0,538,3892,84,22,27,44281,30,Explicit,Creator Chose Not To Use Archive Warnings,F/M,English,,18 Aug 2026,2.158273381294964,0.5652620760534429,0.6937307297019527,32.142857142857146,18.969761297170344,4.968270815925567,6.097423274090468,True,False
2026-09-11T01:54:55+00:00,2026-09-11,cohort,90579771|same|0|0|1|0|0|0|all|0,90579771,The Shelving System,Harry Potter - J. K. Rowling,Harry Potter - J. K. Rowling,,same,0,0,1,0,0,0,all,0,538,55,1,0,1,14350,4,Teen And Up Audiences,"No Archive Warnings Apply, F/M, M/M",,English,,18 Aug 2026,1.8181818181818181,0.0,1.8181818181818181,100.0,0.6968641114982579,0.0,0.6968641114982579,True,False
2026-09-11T01:54:55+00:00,2026-09-11,cohort,90812981|same|0|0|1|0|0|0|all|0,90812981,[Manip] Беседа,Harry Potter - J. K. Rowling,Harry Potter - J. K. Rowling,,same,0,0,1,0,0,0,all,0,538,239,21,1,2,0,1,Teen And Up Audiences,No Archive Warnings Apply,M/M,Русский,,18 Aug 2026,8.786610878661087,0.41841004184100417,0.8368200836820083,9.523809523809524,0.0,0.0,0.0,False,False
2026-09-11T01:54:55+00:00,2026-09-11,cohort,89936101|same|0|0|1|0|0|0|all|0,89936101,His Aurora,Harry Potter - J. K. Rowling,Harry Potter - J. K. Rowling,,same,0,0,1,0,0,0,all,0,538,175,7,2,0,24519,12,Explicit,Creator Chose Not To Use Archive Warnings,F/M,English,,18 Aug 2026,4.0,1.1428571428571428,0.0,0.0,2.8549288307027205,0.8156939516293487,0.0,True,False
2026-09-11T01:54:55+00:00,2026-09-11,cohort,87137941|same|0|0|1|0|0|0|all|0,87137941,Diary of the Vampire Mage,Harry Potter - J. K. Rowling,Harry Potter - J. K. Rowling,,same,0,0,1,0,0,0,all,0,538,223,2,0,11,65956,35,Mature,"Creator Chose Not To Use Archive Warnings, No Archive Warnings Apply, F/M, M/M, Multi, Other",,English,,18 Aug 2026,0.8968609865470852,0.0,4.932735426008969,550.0,0.3032324580023046,0.0,1.667778519012675,True,False
2026-09-11T01:54:55+00:00,2026-09-11,cohort,88853856|same|0|0|1|0|0|0|all|0,88853856,The diminishing light,Harry Potter - J. K. Rowling,Harry Potter - J. K. Rowling,,same,0,0,1,0,0,0,all,0,539,2146,69,18,12,6672,4,Not Rated,Graphic Depictions Of Violence,Other,English,,18 Aug 2026,3.2152842497670084,0.8387698042870456,0.5591798695246971,17.391304347826086,103.41726618705036,26.97841726618705,17.98561151079137,True,False
2026-09-11T01:54:55+00:00,2026-09-11,cohort,90811241|same|0|0|1|0|0|0|all|0,90811241,"[Manip] Lux cordis mei, in tenebris ardens...",Harry Potter - J. K. Rowling,Harry Potter - J. K. Rowling,,same,0,0,1,0,0,0,all,0,539,209,14,0,0,0,1,Teen And Up Audiences,No Archive Warnings Apply,M/M,Русский,,18 Aug 2026,6.698564593301436,0.0,0.0,0.0,0.0,0.0,0.0,False,False
2026-09-11T01:54:55+00:00,2026-09-11,cohort,66033049|same|0|0|1|0|0|0|all|0,66033049,【斯内普GB】暗鬼,Harry Potter - J. K. Rowling,Harry Potter - J. K. Rowling,,same,0,0,1,0,0,0,all,0,539,7798,198,25,106,61550,6,Explicit,Rape/Non-Con,F/M,中文-普通话 國語,,18 Aug 2026,2.539112592972557,0.32059502436522186,1.3593229033085406,53.535353535353536,32.16896831844029,4.061738424045491,17.221770917952885,True,False
2026-09-11T01:54:55+00:00,2026-09-11,cohort,90521866|same|0|0|1|0|0|0|all|0,90521866,INTOXICATE ME | Fred Weasley,Harry Potter - J. K. Rowling,Harry Potter - J. K. Rowling,,same,0,0,1,0,0,0,all,0,539,77,4,0,0,3530,2,Teen And Up Audiences,"No Archive Warnings Apply, Underage Sex, F/F, F/M",,English,,18 Aug 2026,5.194805194805195,0.0,0.0,0.0,11.331444759206798,0.0,0.0,True,False
2026-09-11T01:54:55+00:00,2026-09-11,cohort,90810491|same|0|0|1|0|0|0|all|0,90810491,【汤姆里德尔乙女向】不要看脸养小孩,Harry Potter - J. K. Rowling,Harry Potter - J. K. Rowling,,same,0,0,1,0,0,0,all,0,539,790,53,0,0,3229,1,Mature,Rape/Non-Con,F/M,中文-普通话 國語,,18 Aug 2026,6.70886075949367,0.0,0.0,0.0,164.13750387116752,0.0,0.0,True,False
2026-09-11T01:54:55+00:00,2026-09-11,cohort,90808901|same|0|0|1|0|0|0|all|0,90808901,A Matter of Opinion,Harry Potter - J. K. Rowling,Harry Potter - J. K. Rowling,,same,0,0,1,0,0,0,all,0,539,281,32,4,0,1715,1,Teen And Up Audiences,No Archive Warnings Apply,F/M,English,,18 Aug 2026,11.387900355871885,1.4234875444839856,0.0,0.0,186.58892128279882,23.323615160349853,0.0,True,False
2026-09-11T01:54:55+00:00,2026-09-11,cohort,58012777|same|0|0|1|0|0|0|all|0,58012777,Dark Water,Harry Potter - J. K. Rowling,Harry Potter - J. K. Rowling,,same,0,0,1,0,0,0,all,0,539,2107,209,36,27,0,2,Teen And Up Audiences,Major Character Death,M/M,English,,18 Aug 2026,9.919316563834837,1.7085904129093499,1.2814428096820123,12.918660287081341,0.0,0.0,0.0,False,False
2026-09-11T01:54:55+00:00,2026-09-11,cohort,90707771|same|0|0|1|0|0|0|all|0,90707771,Asylum,Harry Potter - J. K. Rowling,Harry Potter - J. K. Rowling,,same,0,0,1,0,0,0,all,0,539,528,58,1,4,2420,2,Not Rated,No Archive Warnings Apply,M/M,English,,18 Aug 2026,10.984848484848484,0.1893939393939394,0.7575757575757576,6.896551724137931,239.66942148760333,4.132231404958677,16.52892561983471,True,False
2026-09-11T01:54:55+00:00,2026-09-11,cohort,68453836|same|0|0|1|0|0|0|all|0,68453836,Zwischen Funken und Schatten,Harry Potter - J. K. Rowling,Harry Potter - J. K. Rowling,,same,0,0,1,0,0,0,all,0,539,243,1,0,2,105640,22,Teen And Up Audiences,"Graphic Depictions Of Violence, Major Character Death",F/M,Deutsch,,18 Aug 2026,0.411522633744856,0.0,0.823045267489712,200.0,0.0946611132146914,0.0,0.1893222264293828,True,False
2026-09-11T01:54:55+00:00,2026-09-11,cohort,67557526|same|0|0|1|0|0|0|all|0,67557526,Red String Theory,Harry Potter - J. K. Rowling,Harry Potter - J. K. Rowling,,same,0,0,1,0,0,0,all,0,539,340,19,6,8,14818,5,Not Rated,Creator Chose Not To Use Archive Warnings,F/M,English,,18 Aug 2026,5.588235294117648,1.7647058823529411,2.3529411764705883,42.10526315789473,12.822243217708191,4.0491294371710085,5.398839249561345,True,False
2026-09-11T01:54:55+00:00,2026-09-11,cohort,80464636|same|0|0|1|0|0|0|all|0,80464636,Heart On My Sleeve (Not Where It Should Be),Harry Potter - J. K. Rowling,Harry Potter - J. K. Rowling,,same,0,0,1,0,0,0,all,0,539,2636,118,34,26,47387,6,Explicit,No Archive Warnings Apply,M/M,English,,18 Aug 2026,4.476479514415781,1.289833080424886,0.9863429438543246,22.033898305084744,24.901344250532848,7.17496359761116,5.486736868761475,True,False
2026-09-11T01:54:55+00:00,2026-09-11,cohort,90809446|same|0|0|1|0|0|0|all|0,90809446,In the Shadow of an Elm,Harry Potter - J. K. Rowling,Harry Potter - J. K. Rowling,,same,0,0,1,0,0,0,all,0,539,133,22,3,6,3843,1,Mature,No Archive Warnings Apply,M/M,English,,18 Aug 2026,16.541353383458645,2.2556390977443606,4.511278195488721,27.27272727272727,57.246942492844134,7.8064012490242,15.6128024980484,True,False
2026-09-11T01:54:55+00:00,2026-09-11,cohort,68454276|same|0|0|1|0|0|0|all|0,68454276,Between Sparks and Shadows,Harry Potter - J. K. Rowling,Harry Potter - J. K. Rowling,,same,0,0,1,0,0,0,all,0,539,2577,22,2,11,103444,22,Teen And Up Audiences,"Graphic Depictions Of Violence, Major Character Death",F/M,English,,18 Aug 2026,0.8537058595265813,0.07760962359332557,0.42685292976329064,50.0,2.126754572522331,0.19334132477475735,1.0633772862611655,True,False
2026-09-11T01:54:55+00:00,2026-09-11,cohort,90805206|same|0|0|1|0|0|0|all|0,90805206,A Different Kind of Noise,Harry Potter - J. K. Rowling,Harry Potter - J. K. Rowling,,same,0,0,1,0,0,0,all,0,539,67,8,1,2,3948,1,Mature,No Archive Warnings Apply,M/M,English,,18 Aug 2026,11.940298507462686,1.4925373134328357,2.9850746268656714,25.0,20.26342451874367,2.5329280648429586,5.065856129685917,True,False
2026-09-11T01:54:55+00:00,2026-09-11,cohort,90806181|same|0|0|1|0|0|0|all|0,90806181,"Every night, baby, that’s where I go",Harry Potter - J. K. Rowling,Harry Potter - J. K. Rowling,,same,0,0,1,0,0,0,all,0,539,263,38,4,2,4760,1,Mature,No Archive Warnings Apply,M/M,English,,18 Aug 2026,14.44866920152091,1.520912547528517,0.7604562737642585,5.263157894736842,79.83193277310924,8.403361344537815,4.201680672268908,True,False
2026-09-11T01:54:55+00:00,2026-09-11,cohort,61680694|same|0|0|1|0|0|0|all|0,61680694,I Like Magic (A Christmas Special),Harry Potter - J. K. Rowling,Harry Potter - J. K. Rowling,,same,0,0,1,0,0,0,all,0,539,693,51,6,22,22617,6,Teen And Up Audiences,No Archive Warnings Apply,M/M,English,,18 Aug 2026,7.35930735930736,0.8658008658008658,3.1746031746031744,43.13725490196079,22.549409736039262,2.652871733651678,9.72719635672282,True,False
2026-09-11T01:54:55+00:00,2026-09-11,cohort,90791706|same|0|0|1|0|0|0|all|0,90791706,Tagged,Harry Potter - J. K. Rowling,Harry Potter - J. K. Rowling,,same,0,0,1,0,0,0,all,0,540,137,7,2,1,31905,19,Mature,Creator Chose Not To Use Archive Warnings,F/M,English,,18 Aug 2026,5.109489051094891,1.4598540145985401,0.7299270072992701,14.285714285714285,2.194013477511362,0.6268609935746748,0.3134304967873374,True,False
2026-09-11T01:54:55+00:00,2026-09-11,cohort,90801791|same|0|0|1|0|0|0|all|0,90801791,Seven Volume 1,Harry Potter - J. K. Rowling,Harry Potter - J. K. Rowling,,same,0,0,1,0,0,0,all,0,540,616,7,3,0,1778786,77,Explicit,Creator Chose Not To Use Archive Warnings,F/M,English,,18 Aug 2026,1.1363636363636365,0.487012987012987,0.0,0.0,0.03935268211015828,0.016865435190067835,0.0,True,False
2026-09-11T01:54:55+00:00,2026-09-11,cohort,86308831|same|0|0|1|0|0|0|all|0,86308831,Tell me more,Harry Potter - J. K. Rowling,Harry Potter - J. K. Rowling,,same,0,0,1,0,0,0,all,0,540,372,23,4,11,18597,5,Mature,"Graphic Depictions Of Violence, Underage Sex, F/F, F/M, M/M",,English,,18 Aug 2026,6.182795698924731,1.0752688172043012,2.956989247311828,47.82608695652174,12.367586169812336,2.1508845512717105,5.9149325159972035,True,False
2026-09-11T01:54:55+00:00,2026-09-11,cohort,75464081|same|0|0|1|0|0|0|all|0,75464081,Timeless Gravity,Harry Potter - J. K. Rowling,Harry Potter - J. K. Rowling,,same,0,0,1,0,0,0,all,0,540,7780,32,17,8,6699,5,Mature,No Archive Warnings Apply,Multi,English,,18 Aug 2026,0.4113110539845758,0.21850899742930593,0.10282776349614395,25.0,47.768323630392594,25.376921928646066,11.942080907598148,True,False
2026-09-11T01:54:55+00:00,2026-09-11,cohort,66530056|same|0|0|1|0|0|0|all|0,66530056,All That Begins,Harry Potter - J. K. Rowling,Harry Potter - J. K. Rowling,,same,0,0,1,0,0,0,all,0,540,3289,114,14,61,82522,11,Teen And Up Audiences,"Creator Chose Not To Use Archive Warnings, F/M, Multi",,English,,18 Aug 2026,3.466099118273031,0.4256612952265126,1.8546670720583764,53.50877192982456,13.81449795206127,1.6965172923584013,7.391968202418749,True,False
2026-09-11T01:54:55+00:00,2026-09-11,cohort,57699499|same|0|0|1|0|0|0|all|0,57699499,Latibule,Harry Potter - J. K. Rowling,Harry Potter - J. K. Rowling,,same,0,0,1,0,0,0,all,0,540,8921,405,127,25,14094,3,Teen And Up Audiences,"No Archive Warnings Apply, Gen, M/M",,English,,18 Aug 2026,4.539849792624145,1.4236072189216455,0.28023764152000896,6.172839506172839,287.35632183908046,90.10926635447709,17.738044557967932,True,False
2026-09-11T01:54:55+00:00,2026-09-11,cohort,88990486|same|0|0|1|0|0|0|all|0,88990486,The Hidden Depths of a Reticent Serpent,Harry Potter - J. K. Rowling,Harry Potter - J. K. Rowling,,same,0,0,1,0,0,0,all,0,540,2587,189,64,103,17299,6,Not Rated,No Archive Warnings Apply,M/M,English,,18 Aug 2026,7.3057595670661,2.4739080015461923,3.981445689988403,54.4973544973545,109.25487022371236,36.99635817099254,59.54101393144113,True,False
2026-09-11T01:54:55+00:00,2026-09-11,cohort,84784166|same|0|0|1|0|0|0|all|0,84784166,Reincarnated as The Girl Who Lived - Part One,Harry Potter - J. K. Rowling,Harry Potter - J. K. Rowling,,same,0,0,1,0,0,0,all,0,540,1437,42,17,13,12000,6,Not Rated,"Creator Chose Not To Use Archive Warnings, No category",,English,,18 Aug 2026,2.9227557411273484,1.1830201809324983,0.9046624913013221,30.952380952380953,35.0,14.166666666666668,10.833333333333332,True,False
2026-09-11T01:54:55+00:00,2026-09-11,cohort,90797311|same|0|0|1|0|0|0|all|0,90797311,Ночь так темна,Harry Potter - J. K. Rowling,Harry Potter - J. K. Rowling,,same,0,0,1,0,0,0,all,0,540,211,9,1,1,47872,31,Explicit,"Graphic Depictions Of Violence, Rape/Non-Con, Underage Sex",Multi,Русский,,18 Aug 2026,4.265402843601896,0.47393364928909953,0.47393364928909953,11.11111111111111,1.880013368983957,0.20889037433155078,0.20889037433155078,True,False
2026-09-11T01:54:55+00:00,2026-09-11,cohort,49704373|same|0|0|1|0|0|0|all|0,49704373,Dark Times Lie Ahead,Harry Potter - J. K. Rowling,Harry Potter - J. K. Rowling,,same,0,0,1,0,0,0,all,0,540,20486,176,57,87,159960,38,Explicit,"Graphic Depictions Of Violence, Rape/Non-Con, Underage Sex, F/F, F/M, M/M",,English,,18 Aug 2026,0.8591233037196133,0.27823879722737477,0.4246802694523089,49.43181818181818,11.002750687671918,3.563390847711928,5.438859714928733,True,False
2026-09-11T01:54:55+00:00,2026-09-11,cohort,80685551|same|0|0|1|0|0|0|all|0,80685551,The Veela's Claim,Harry Potter - J. K. Rowling,Harry Potter - J. K. Rowling,,same,0,0,1,0,0,0,all,0,540,39180,264,147,14,33607,6,Explicit,"No Archive Warnings Apply, F/M, Multi",,English,,18 Aug 2026,0.6738131699846861,0.3751914241960184,0.03573251659009699,5.303030303030303,78.55506293331746,43.74088731514267,4.16579879191835,True,False
2026-09-11T01:54:55+00:00,2026-09-11,cohort,71935666|same|0|0|1|0|0|0|all|0,71935666,Curiosity Killed The Cat (But Satisfaction Brought It Back),Harry Potter - J. K. Rowling,Harry Potter - J. K. Rowling,,same,0,0,1,0,0,0,all,0,540,3826,172,35,25,42230,18,Teen And Up Audiences,No Archive Warnings Apply,M/M,English,,18 Aug 2026,4.495556717198118,0.9147935180345007,0.6534239414532148,14.534883720930234,40.72933933222827,8.287946957139473,5.919962112242482,True,False
2026-09-11T01:54:55+00:00,2026-09-11,cohort,90802486|same|0|0|1|0|0|0|all|0,90802486,As for me,Harry Potter - J. K. Rowling,Harry Potter - J. K. Rowling,,same,0,0,1,0,0,0,all,0,540,252,5,0,0,9439,1,Not Rated,Creator Chose Not To Use Archive Warnings,M/M,中文-普通话 國語,,18 Aug 2026,1.984126984126984,0.0,0.0,0.0,5.2971713105201825,0.0,0.0,True,False
2026-09-11T01:54:55+00:00,2026-09-11,cohort,69168596|same|0|0|1|0|0|0|all|0,69168596,The Garden of Ashes,Harry Potter - J. K. Rowling,Harry Potter - J. K. Rowling,,same,0,0,1,0,0,0,all,0,540,22033,321,154,82,76758,12,Not Rated,"Graphic Depictions Of Violence, Major Character Death",F/M,English,,18 Aug 2026,1.456905550764762,0.6989515726410384,0.372169019198475,25.54517133956386,41.81974517314156,20.063055316709658,10.682925558248,True,False
2026-09-11T01:54:55+00:00,2026-09-11,cohort,50218804|same|0|0|1|0|0|0|all|0,50218804,A Pocket Full of Souls,Harry Potter - J. K. Rowling,Harry Potter - J. K. Rowling,,same,0,0,1,0,0,0,all,0,540,6191,186,103,51,21134,6,Explicit,No Archive Warnings Apply,F/M,English,,18 Aug 2026,3.004361169439509,1.6637053787756422,0.8237764496850267,27.419354838709676,88.00984196082143,48.736632913788206,24.131730860225233,True,False
2026-09-11T01:54:55+00:00,2026-09-11,cohort,89100131|same|0|0|1|0|0|0|all|0,89100131,Prophecies,Harry Potter - J. K. Rowling,Harry Potter - J. K. Rowling,,same,0,0,1,0,0,0,all,0,541,248,3,0,0,58862,15,Teen And Up Audiences,"Creator Chose Not To Use Archive Warnings, Graphic Depictions Of Violence",F/M,English,,18 Aug 2026,1.2096774193548387,0.0,0.0,0.0,0.5096666779925928,0.0,0.0,True,False
2026-09-11T01:54:55+00:00,2026-09-11,cohort,77765161|same|0|0|1|0|0|0|all|0,77765161,Where in the world are the Marauders?,Harry Potter - J. K. Rowling,Harry Potter - J. K. Rowling,,same,0,0,1,0,0,0,all,0,541,595,14,6,7,40750,13,Teen And Up Audiences,"Creator Chose Not To Use Archive Warnings, F/F, F/M, M/M",,English,,18 Aug 2026,2.3529411764705883,1.0084033613445378,1.1764705882352942,50.0,3.4355828220858897,1.4723926380368098,1.7177914110429449,True,False
2026-09-11T01:54:55+00:00,2026-09-11,cohort,90794726|same|0|0|1|0|0|0|all|0,90794726,Catch Me If You Can (TRADUZIONE ITALIANA),Harry Potter - J. K. Rowling,Harry Potter - J. K. Rowling,,same,0,0,1,0,0,0,all,0,541,60,0,0,0,13758,1,Explicit,No Archive Warnings Apply,F/M,Italiano,,18 Aug 2026,0.0,0.0,0.0,0.0,0.0,0.0,0.0,True,False
2026-09-11T01:54:55+00:00,2026-09-11,cohort,90795351|same|0|0|1|0|0|0|all|0,90795351,『rbsb』星辰,Harry Potter - J. K. Rowling,Harry Potter - J. K. Rowling,,same,0,0,1,0,0,0,all,0,541,73,1,0,0,974,1,Mature,"Creator Chose Not To Use Archive Warnings, Underage Sex",M/M,中文-普通话 國語,,18 Aug 2026,1.36986301369863,0.0,0.0,0.0,10.26694045174538,0.0,0.0,True,False
2026-09-11T01:54:55+00:00,2026-09-11,cohort,90709161|same|0|0|1|0|0|0|all|0,90709161,JAUSORELM - Character Profiles,Harry Potter - J. K. Rowling,Harry Potter - J. K. Rowling,,same,0,0,1,0,0,0,all,0,541,89,6,0,4,2306,11,Teen And Up Audiences,"Creator Chose Not To Use Archive Warnings, No Archive Warnings Apply, F/F, F/M",,English,,18 Aug 2026,6.741573033707865,0.0,4.49438202247191,66.66666666666666,26.019080659150042,0.0,17.346053772766695,True,False
2026-09-11T01:54:55+00:00,2026-09-11,cohort,90129876|same|0|0|1|0|0|0|all|0,90129876,tipsy in the summer sun,Harry Potter - J. K. Rowling,Harry Potter - J. K. Rowling,,same,0,0,1,0,0,0,all,0,541,56,9,0,0,718,1,Teen And Up Audiences,"No Archive Warnings Apply, F/M, M/M, Multi",,English,,18 Aug 2026,16.071428571428573,0.0,0.0,0.0,125.34818941504179,0.0,0.0,True,False
2026-09-11T01:54:55+00:00,2026-09-11,cohort,88633406|same|0|0|1|0|0|0|all|0,88633406,The House of Dragons & The Half-Blood Prince,Harry Potter - J. K. Rowling,Harry Potter - J. K. Rowling,,same,0,0,1,0,0,0,all,0,541,141,0,1,0,62838,3,Explicit,"Creator Chose Not To Use Archive Warnings, F/M, M/M",,English,,18 Aug 2026,0.0,0.7092198581560284,0.0,0.0,0.0,0.1591393742639804,0.0,True,False
2026-09-11T01:54:55+00:00,2026-09-11,cohort,90168136|same|0|0|1|0|0|0|all|0,90168136,Принципы похоти,Harry Potter - J. K. Rowling,Harry Potter - J. K. Rowling,,same,0,0,1,0,0,0,all,0,541,90,0,0,0,35099,12,Teen And Up Audiences,"Creator Chose Not To Use Archive Warnings, Graphic Depictions Of Violence, Underage Sex",M/M,Русский,,18 Aug 2026,0.0,0.0,0.0,0.0,0.0,0.0,0.0,True,False
2026-09-11T01:54:55+00:00,2026-09-11,cohort,90773776|same|0|0|1|0|0|0|all|0,90773776,Hiraeth — Severus Snape,Harry Potter - J. K. Rowling,Harry Potter - J. K. Rowling,,same,0,0,1,0,0,0,all,0,541,118,13,1,5,10429,3,Explicit,"Graphic Depictions Of Violence, F/F, F/M, M/M",,Português brasileiro,,18 Aug 2026,11.016949152542372,0.847457627118644,4.23728813559322,38.46153846153847,12.465241154473103,0.9588647041902388,4.794323520951194,True,False
2026-09-11T01:54:55+00:00,2026-09-11,cohort,90793781|same|0|0|1|0|0|0|all|0,90793781,Love Beach,Harry Potter - J. K. Rowling,Harry Potter - J. K. Rowling,,same,0,0,1,0,0,0,all,0,541,6745,443,80,9,8027,1,Explicit,No Archive Warnings Apply,M/M,English,,18 Aug 2026,6.5678280207561155,1.1860637509266123,0.1334321719792439,2.0316027088036117,551.8873800921889,99.66363523109506,11.212158963498194,True,False
2026-09-11T01:54:55+00:00,2026-09-11,cohort,90793991|same|0|0|1|0|0|0|all|0,90793991,"Again and again and again and again (do it again, do it again)",Harry Potter - J. K. Rowling,Harry Potter - J. K. Rowling,,same,0,0,1,0,0,0,all,0,541,217,14,5,3,1456,1,Teen And Up Audiences,Creator Chose Not To Use Archive Warnings,Multi,English,,18 Aug 2026,6.451612903225806,2.3041474654377883,1.3824884792626728,21.428571428571427,96.15384615384616,34.34065934065934,20.604395604395606,True,False
2026-09-11T01:54:55+00:00,2026-09-11,cohort,69453266|same|0|0|1|0|0|0|all|0,69453266,[HP亲世代]愿你,Harry Potter - J. K. Rowling,Harry Potter - J. K. Rowling,,same,0,0,1,0,0,0,all,0,541,199,4,0,8,109785,9,General Audiences,Major Character Death,F/M,中文-普通话 國語,,18 Aug 2026,2.0100502512562812,0.0,4.0201005025125625,200.0,0.3643484993396184,0.0,0.7286969986792368,True,False
2026-09-11T01:54:55+00:00,2026-09-11,cohort,90792956|same|0|0|1|0|0|0|all|0,90792956,The Bi Who Lived,Harry Potter - J. K. Rowling,Harry Potter - J. K. Rowling,,same,0,0,1,0,0,0,all,0,541,454,33,4,2,898,1,Not Rated,Creator Chose Not To Use Archive Warnings,M/M,English,,18 Aug 2026,7.268722466960352,0.881057268722467,0.4405286343612335,6.0606060606060606,367.48329621380844,44.54342984409799,22.271714922048996,True,False
2026-09-11T01:54:55+00:00,2026-09-11,cohort,90632881|same|0|0|1|0|0|0|all|0,90632881,【犬狼】爱人的中介,Harry Potter - J. K. Rowling,Harry Potter - J. K. Rowling,,same,0,0,1,0,0,0,all,0,541,87,7,0,4,4677,2,Explicit,Creator Chose Not To Use Archive Warnings,F/F,中文-普通话 國語,,18 Aug 2026,8.045977011494253,0.0,4.597701149425287,57.14285714285714,14.966859097712208,0.0,8.552490912978405,True,False
2026-09-11T01:54:55+00:00,2026-09-11,cohort,55916671|same|0|0|1|0|0|0|all|0,55916671,There Can Only Be One,Harry Potter - J. K. Rowling,Harry Potter - J. K. Rowling,,same,0,0,1,0,0,0,all,0,542,40842,946,346,145,146793,26,Explicit,Graphic Depictions Of Violence,M/M,English,,18 Aug 2026,2.3162430831007295,0.8471671318740511,0.35502668821311395,15.327695560253698,64.4444898598707,23.570606227817404,9.877855211079547,True,False
2026-09-11T01:54:55+00:00,2026-09-11,cohort,72705041|same|0|0|1|0|0|0|all|0,72705041,Between Fortune and Doom,Harry Potter - J. K. Rowling,Harry Potter - J. K. Rowling,,same,0,0,1,0,0,0,all,0,542,158,10,1,5,68761,13,General Audiences,Creator Chose Not To Use Archive Warnings,Gen,English,,18 Aug 2026,6.329113924050633,0.6329113924050633,3.1645569620253164,50.0,1.4543127645031342,0.14543127645031342,0.7271563822515671,True,False
2026-09-11T01:54:55+00:00,2026-09-11,cohort,60502075|same|0|0|1|0|0|0|all|0,60502075,Where the Water Lilies Grow,Harry Potter - J. K. Rowling,Harry Potter - J. K. Rowling,,same,0,0,1,0,0,0,all,0,542,7781,206,69,26,40032,14,Explicit,"Creator Chose Not To Use Archive Warnings, F/M, Multi",,English,,18 Aug 2026,2.6474746176583985,0.8867754787302404,0.3341472818403804,12.62135922330097,51.458832933653085,17.23621103117506,6.494804156674661,True,False
2026-09-11T01:54:55+00:00,2026-09-11,cohort,58497781|same|0|0|1|0|0|0|all|0,58497781,Journey back To The Past and his Prime,Harry Potter - J. K. Rowling,Harry Potter - J. K. Rowling,,same,0,0,1,0,0,0,all,0,542,70183,753,384,73,27562,8,Mature,"No Archive Warnings Apply, F/F, F/M, Gen, Multi",,English,,18 Aug 2026,1.0729093940127952,0.5471410455523417,0.10401379251385662,9.694555112881806,273.2022349611784,139.32225527900732,26.48574123793629,True,False
2026-09-11T01:54:55+00:00,2026-09-11,cohort,90789026|same|0|0|1|0|0|0|all|0,90789026,Love Beach,Harry Potter - J. K. Rowling,Harry Potter - J. K. Rowling,,same,0,0,1,0,0,0,all,0,542,614,28,5,0,7201,1,Explicit,No Archive Warnings Apply,M/M,Bahasa Indonesia,,18 Aug 2026,4.5602605863192185,0.8143322475570033,0.0,0.0,38.88348840438828,6.943480072212193,0.0,True,False
2026-09-11T01:54:55+00:00,2026-09-11,cohort,90789501|same|0|0|1|0|0|0|all|0,90789501,Harry JAMES Potter,Harry Potter - J. K. Rowling,Harry Potter - J. K. Rowling,,same,0,0,1,0,0,0,all,0,542,108,4,0,0,2898,3,General Audiences,"Creator Chose Not To Use Archive Warnings, M/M, Multi",,Português brasileiro,,18 Aug 2026,3.7037037037037033,0.0,0.0,0.0,13.802622498274673,0.0,0.0,True,False
2026-09-11T01:54:55+00:00,2026-09-11,cohort,90789986|same|0|0|1|0|0|0|all|0,90789986,La patience n'est pas ma vertue,Harry Potter - J. K. Rowling,Harry Potter - J. K. Rowling,,same,0,0,1,0,0,0,all,0,542,58,3,0,3,1289,1,General Audiences,No Archive Warnings Apply,M/M,Français,,18 Aug 2026,5.172413793103448,0.0,5.172413793103448,100.0,23.273855702094647,0.0,23.273855702094647,True,False
2026-09-11T01:54:55+00:00,2026-09-11,cohort,90789396|same|0|0|1|0|0|0|all|0,90789396,Patience is not my virtue,Harry Potter - J. K. Rowling,Harry Potter - J. K. Rowling,,same,0,0,1,0,0,0,all,0,542,174,8,1,2,1316,1,Not Rated,No Archive Warnings Apply,M/M,English,,18 Aug 2026,4.597701149425287,0.5747126436781609,1.1494252873563218,25.0,60.790273556231,7.598784194528875,15.19756838905775,True,False
2026-09-11T01:54:55+00:00,2026-09-11,cohort,90789081|same|0|0|1|0|0|0|all|0,90789081,Temptation (lead us not into temptation),Harry Potter - J. K. Rowling,Harry Potter - J. K. Rowling,,same,0,0,1,0,0,0,all,0,542,197,17,3,3,4427,1,Mature,No Archive Warnings Apply,M/M,English,,18 Aug 2026,8.629441624365482,1.5228426395939088,1.5228426395939088,17.647058823529413,38.40072283713576,6.77659814772984,6.77659814772984,True,False
2026-09-11T01:54:55+00:00,2026-09-11,cohort,90789016|same|0|0|1|0|0|0|all|0,90789016,Christmas at the Potters.,Harry Potter - J. K. Rowling,Harry Potter - J. K. Rowling,,same,0,0,1,0,0,0,all,0,542,159,20,1,4,3581,2,Not Rated,"Creator Chose Not To Use Archive Warnings, F/M, Multi",,English,,18 Aug 2026,12.578616352201259,0.628930817610063,2.515723270440252,20.0,55.850321139346555,2.7925160569673273,11.17006422786931,True,False
2026-09-11T01:54:55+00:00,2026-09-11,cohort,90788816|same|0|0|1|0|0|0|all|0,90788816,HP：坠落之后,Harry Potter - J. K. Rowling,Harry Potter - J. K. Rowling,,same,0,0,1,0,0,0,all,0,542,154,4,0,0,3501,1,Mature,"No Archive Warnings Apply, Rape/Non-Con",F/M,中文-普通话 國語,,18 Aug 2026,2.5974025974025974,0.0,0.0,0.0,11.425307055127107,0.0,0.0,True,False
2026-09-11T01:54:55+00:00,2026-09-11,cohort,56528707|same|0|0|1|0|0|0|all|0,56528707,Cinnamon Girl,Harry Potter - J. K. Rowling,Harry Potter - J. K. Rowling,,same,0,0,1,0,0,0,all,0,542,1252,28,6,15,40265,28,Not Rated,"Creator Chose Not To Use Archive Warnings, F/M, M/M",,English,,18 Aug 2026,2.2364217252396164,0.4792332268370607,1.1980830670926517,53.57142857142857,6.953930212343226,1.4901279026449772,3.7253197566124423,True,False
2026-09-11T01:54:55+00:00,2026-09-11,cohort,86423786|same|0|0|1|0|0|0|all|0,86423786,A Granger's guide to the Sudden and Miraculous Restoration of House Black,Harry Potter - J. K. Rowling,Harry Potter - J. K. Rowling,,same,0,0,1,0,0,0,all,0,542,4000,248,98,65,41118,10,Teen And Up Audiences,No Archive Warnings Apply,M/M,English,,18 Aug 2026,6.2,2.45,1.625,26.209677419354836,60.314217617588405,23.833844058563162,15.808161875577607,True,False
2026-09-11T01:54:55+00:00,2026-09-11,cohort,82973606|same|0|0|1|0|0|0|all|0,82973606,apple cider,Harry Potter - J. K. Rowling,Harry Potter - J. K. Rowling,,same,0,0,1,0,0,0,all,0,542,262,16,3,5,5143,2,Teen And Up Audiences,Creator Chose Not To Use Archive Warnings,F/M,English,,18 Aug 2026,6.106870229007633,1.1450381679389312,1.9083969465648856,31.25,31.110246937585067,5.8331713007972,9.721952167995333,True,False
2026-09-11T01:54:55+00:00,2026-09-11,cohort,90646886|same|0|0|1|0|0|0|all|0,90646886,Harry's life,Harry Potter - J. K. Rowling,Harry Potter - J. K. Rowling,,same,0,0,1,0,0,0,all,0,542,2715,21,1,0,2470,2,Not Rated,Creator Chose Not To Use Archive Warnings,M/M,English,,18 Aug 2026,0.7734806629834254,0.036832412523020254,0.0,0.0,85.02024291497976,4.048582995951417,0.0,True,False
2026-09-11T01:54:55+00:00,2026-09-11,cohort,84673701|same|0|0|1|0|0|0|all|0,84673701,The Many Faces of Tom Riddle,Harry Potter - J. K. Rowling,Harry Potter - J. K. Rowling,,same,0,0,1,0,0,0,all,0,543,539,33,15,12,6633,5,Teen And Up Audiences,Creator Chose Not To Use Archive Warnings,F/M,English,,18 Aug 2026,6.122448979591836,2.782931354359926,2.2263450834879404,36.36363636363637,49.75124378109452,22.614201718679332,18.091361374943464,True,False
2026-09-11T01:54:55+00:00,2026-09-11,cohort,90710336|same|0|0|1|0|0|0|all|0,90710336,trapped in heaven,Harry Potter - J. K. Rowling,Harry Potter - J. K. Rowling,,same,0,0,1,0,0,0,all,0,543,67,6,1,1,3218,1,General Audiences,"Creator Chose Not To Use Archive Warnings, Gen, M/M",,English,,18 Aug 2026,8.955223880597014,1.4925373134328357,1.4925373134328357,16.666666666666664,18.645121193287757,3.1075201988812924,3.1075201988812924,True,False
2026-09-11T01:54:55+00:00,2026-09-11,cohort,89538441|same|0|0|1|0|0|0|all|0,89538441,Don't forget me (or the secrets I kept),Harry Potter - J. K. Rowling,Harry Potter - J. K. Rowling,,same,0,0,1,0,0,0,all,0,543,723,34,9,38,16826,12,Not Rated,"No Archive Warnings Apply, F/F, F/M, M/M",,English,,18 Aug 2026,4.702627939142462,1.2448132780082988,5.255878284923928,111.76470588235294,20.206822774277903,5.348864852014739,22.58409604184001,True,False
2026-09-11T01:54:55+00:00,2026-09-11,cohort,88302311|same|0|0|1|0|0|0|all|0,88302311,What Remains of Us,Harry Potter - J. K. Rowling,Harry Potter - J. K. Rowling,,same,0,0,1,0,0,0,all,0,543,7549,159,49,166,118801,17,Explicit,Creator Chose Not To Use Archive Warnings,F/M,English,,18 Aug 2026,2.106239236985031,0.6490925950457014,2.1989667505629886,104.40251572327044,13.383725726214427,4.124544406191867,13.972946355670407,True,False
2026-09-11T01:54:55+00:00,2026-09-11,cohort,90785786|same|0|0|1|0|0|0|all|0,90785786,Hair. Or 4 times harry tries to mess up Neville's hair and the 1 time he succeeds,Harry Potter - J. K. Rowling,Harry Potter - J. K. Rowling,,same,0,0,1,0,0,0,all,0,543,204,31,1,2,1324,1,General Audiences,No Archive Warnings Apply,M/M,English,,18 Aug 2026,15.196078431372548,0.49019607843137253,0.9803921568627451,6.451612903225806,234.13897280966768,7.552870090634441,15.105740181268882,True,False
2026-09-11T01:54:55+00:00,2026-09-11,cohort,90783201|same|0|0|1|0|0|0|all|0,90783201,View from the Top,Harry Potter - J. K. Rowling,Harry Potter - J. K. Rowling,,same,0,0,1,0,0,0,all,0,543,193,30,8,14,901,1,Teen And Up Audiences,No Archive Warnings Apply,M/M,English,,18 Aug 2026,15.544041450777202,4.145077720207254,7.253886010362693,46.666666666666664,332.96337402885683,88.79023307436182,155.3829078801332,True,False
2026-09-11T01:54:55+00:00,2026-09-11,cohort,86547621|same|0|0|1|0|0|0|all|0,86547621,No Good Deed Goes Unpunished,Harry Potter - J. K. Rowling,Harry Potter - J. K. Rowling,,same,0,0,1,0,0,0,all,0,543,30553,946,288,377,56462,26,Explicit,"Creator Chose Not To Use Archive Warnings, M/M, F/M, F/F",,English,,18 Aug 2026,3.096258959840277,0.9426242922135305,1.2339213825156286,39.85200845665962,167.54631433530517,51.00775742977578,66.77057135772732,True,False
2026-09-11T01:54:55+00:00,2026-09-11,cohort,90779771|same|0|0|1|0|0|0|all|0,90779771,Close Friends,Harry Potter - J. K. Rowling,Harry Potter - J. K. Rowling,,same,0,0,1,0,0,0,all,0,543,187,16,2,0,17877,15,Mature,Creator Chose Not To Use Archive Warnings,F/F,English,,18 Aug 2026,8.55614973262032,1.06951871657754,0.0,0.0,8.950047547127594,1.1187559433909493,0.0,True,False
2026-09-11T01:54:55+00:00,2026-09-11,cohort,90784596|same|0|0|1|0|0|0|all|0,90784596,Sweet Summer Sunshine,Harry Potter - J. K. Rowling,Harry Potter - J. K. Rowling,,same,0,0,1,0,0,0,all,0,543,76,9,2,0,1261,1,Not Rated,Creator Chose Not To Use Archive Warnings,M/M,English,,18 Aug 2026,11.842105263157894,2.631578947368421,0.0,0.0,71.37192704203014,15.860428231562253,0.0,True,False
2026-09-11T01:54:55+00:00,2026-09-11,cohort,63067504|same|0|0|1|0|0|0|all|0,63067504,【SSRL】Incurable,Harry Potter - J. K. Rowling,Harry Potter - J. K. Rowling,,same,0,0,1,0,0,0,all,0,543,379,21,0,4,6939,2,Teen And Up Audiences,Creator Chose Not To Use Archive Warnings,M/M,中文-普通话 國語,,18 Aug 2026,5.540897097625329,0.0,1.0554089709762533,19.047619047619047,30.26372676178124,0.0,5.7645193831964265,True,False
2026-09-11T01:54:55+00:00,2026-09-11,cohort,90784241|same|0|0|1|0|0|0|all|0,90784241,Where Our Streets Meet,Harry Potter - J. K. Rowling,Harry Potter - J. K. Rowling,,same,0,0,1,0,0,0,all,0,543,58,0,0,0,1426,1,Mature,Creator Chose Not To Use Archive Warnings,F/M,English,,18 Aug 2026,0.0,0.0,0.0,0.0,0.0,0.0,0.0,True,False
2026-09-11T01:54:55+00:00,2026-09-11,cohort,10203515|same|0|0|1|0|0|0|all|0,10203515,Charlie and his Raven Veela,Harry Potter - J. K. Rowling,Harry Potter - J. K. Rowling,,same,0,0,1,0,0,0,all,0,543,13635,579,165,26,16200,10,Mature,Creator Chose Not To Use Archive Warnings,M/M,English,,18 Aug 2026,4.2464246424642464,1.21012101210121,0.19068573524019067,4.490500863557859,357.4074074074074,101.85185185185186,16.049382716049383,True,False
2026-09-11T01:54:55+00:00,2026-09-11,cohort,90430611|same|0|0|1|0|0|0|all|0,90430611,Shadows and Strategy - A Greengrass Tale,Harry Potter - J. K. Rowling,Harry Potter - J. K. Rowling,,same,0,0,1,0,0,0,all,0,543,1790,31,12,6,13497,4,Explicit,"No Archive Warnings Apply, F/F, F/M, Multi",,English,,18 Aug 2026,1.7318435754189943,0.6703910614525139,0.33519553072625696,19.35483870967742,22.96806697784693,8.890864636585908,4.445432318292954,True,False
2026-09-11T01:54:55+00:00,2026-09-11,cohort,90783656|same|0|0|1|0|0|0|all|0,90783656,A Little Book of Sex Tips || Neville Longbottom,Harry Potter - J. K. Rowling,Harry Potter - J. K. Rowling,,same,0,0,1,0,0,0,all,0,543,703,53,6,5,4783,1,Mature,Creator Chose Not To Use Archive Warnings,F/M,English,,18 Aug 2026,7.539118065433854,0.8534850640113799,0.7112375533428165,9.433962264150944,110.80911561781309,12.544428183148652,10.453690152623876,True,False
2026-09-11T01:54:55+00:00,2026-09-11,cohort,90707931|same|0|0|1|0|0|0|all|0,90707931,【德哈】甜舌头,Harry Potter - J. K. Rowling,Harry Potter - J. K. Rowling,,same,0,0,1,0,0,0,all,0,543,115,3,0,3,15191,2,General Audiences,Creator Chose Not To Use Archive Warnings,M/M,中文-普通话 國語,,18 Aug 2026,2.608695652173913,0.0,2.608695652173913,100.0,1.974853531696399,0.0,1.974853531696399,True,False
2026-09-11T01:54:55+00:00,2026-09-11,cohort,90782681|same|0|0|1|0|0|0|all|0,90782681,In the Comment Section,Harry Potter - J. K. Rowling,Harry Potter - J. K. Rowling,,same,0,0,1,0,0,0,all,0,544,655,110,10,21,4475,1,Teen And Up Audiences,No Archive Warnings Apply,F/M,English,,18 Aug 2026,16.793893129770993,1.5267175572519083,3.2061068702290076,19.090909090909093,245.81005586592178,22.3463687150838,46.927374301675975,True,False
2026-09-11T01:54:55+00:00,2026-09-11,cohort,8735251|same|0|0|1|0|0|0|all|0,8735251,Harry Potter and his Dark Veela Inheritance,Harry Potter - J. K. Rowling,Harry Potter - J. K. Rowling,,same,0,0,1,0,0,0,all,0,544,16699,663,174,38,13342,11,Mature,Creator Chose Not To Use Archive Warnings,M/M,English,,18 Aug 2026,3.9702976226121325,1.0419785615905144,0.22755853643930773,5.731523378582202,496.92699745165646,130.4152301004347,28.48148703342827,True,False
2026-09-11T01:54:55+00:00,2026-09-11,cohort,59433340|same|0|0|1|0|0|0|all|0,59433340,The Pain you cherished for me,Harry Potter - J. K. Rowling,Harry Potter - J. K. Rowling,,same,0,0,1,0,0,0,all,0,544,13684,387,88,85,75089,30,Mature,"Graphic Depictions Of Violence, F/F, M/M",,English,,18 Aug 2026,2.82812043262204,0.6430868167202572,0.6211634025138848,21.963824289405682,51.538840575849996,11.719426280813435,11.319900384876613,True,False
2026-09-11T01:54:55+00:00,2026-09-11,cohort,88927836|same|0|0|1|0|0|0|all|0,88927836,We Go Together,Harry Potter - J. K. Rowling,Harry Potter - J. K. Rowling,,same,0,0,1,0,0,0,all,0,544,193,7,4,6,20415,5,Teen And Up Audiences,"No Archive Warnings Apply, F/F, M/M, F/M",,English,,18 Aug 2026,3.6269430051813467,2.072538860103627,3.1088082901554404,85.71428571428571,3.428851334802841,1.959343619887338,2.9390154298310067,True,False
2026-09-11T01:54:55+00:00,2026-09-11,cohort,90778051|same|0|0|1|0|0|0|all|0,90778051,Heir to the Covenant,Harry Potter - J. K. Rowling,Harry Potter - J. K. Rowling,,same,0,0,1,0,0,0,all,0,544,71,2,0,0,92612,27,General Audiences,Creator Chose Not To Use Archive Warnings,F/M,English,,18 Aug 2026,2.8169014084507045,0.0,0.0,0.0,0.215954735887358,0.0,0.0,True,False
2026-09-11T01:54:55+00:00,2026-09-11,cohort,90781661|same|0|0|1|0|0|0|all|0,90781661,[PODFIC] A Man Once More - By: Cayce_Morris,Harry Potter - J. K. Rowling,Harry Potter - J. K. Rowling,,same,0,0,1,0,0,0,all,0,544,112,1,0,1,0,1,Teen And Up Audiences,Creator Chose Not To Use Archive Warnings,Gen,English,,18 Aug 2026,0.8928571428571428,0.0,0.8928571428571428,100.0,0.0,0.0,0.0,False,False
2026-09-11T01:54:55+00:00,2026-09-11,cohort,90781491|same|0|0|1|0|0|0|all|0,90781491,[PODFIC] Serendipity - By: Elfflame,Harry Potter - J. K. Rowling,Harry Potter - J. K. Rowling,,same,0,0,1,0,0,0,all,0,544,203,7,1,0,0,1,Mature,No Archive Warnings Apply,M/M,English,,18 Aug 2026,3.4482758620689653,0.49261083743842365,0.0,0.0,0.0,0.0,0.0,False,False
2026-09-11T01:54:55+00:00,2026-09-11,cohort,90822286|same|0|0|1|0|0|0|all|0,90822286,"[Арт] Ваш щит, ваше оружие",Harry Potter - J. K. Rowling,Harry Potter - J. K. Rowling,,same,0,0,1,0,0,0,all,0,544,676,94,2,7,0,1,General Audiences,No Archive Warnings Apply,M/M,Русский,,18 Aug 2026,13.905325443786982,0.2958579881656805,1.0355029585798818,7.446808510638298,0.0,0.0,0.0,False,False
2026-09-11T01:54:55+00:00,2026-09-11,cohort,90818776|same|0|0|1|0|0|0|all|0,90818776,Предел прочности,Harry Potter - J. K. Rowling,Harry Potter - J. K. Rowling,,same,0,0,1,0,0,0,all,0,544,698,56,1,14,22887,9,Explicit,"Graphic Depictions Of Violence, Rape/Non-Con",M/M,Русский,,18 Aug 2026,8.022922636103152,0.14326647564469913,2.005730659025788,25.0,24.468038624546683,0.43692926115261943,6.117009656136671,True,False
2026-09-11T01:54:55+00:00,2026-09-11,cohort,90817421|same|0|0|1|0|0|0|all|0,90817421,[Арт] Дама,Harry Potter - J. K. Rowling,Harry Potter - J. K. Rowling,,same,0,0,1,0,0,0,all,0,544,340,36,0,1,0,1,General Audiences,No Archive Warnings Apply,Gen,Русский,,18 Aug 2026,10.588235294117647,0.0,0.29411764705882354,2.7777777777777777,0.0,0.0,0.0,False,False
2026-09-11T01:54:55+00:00,2026-09-11,cohort,90816551|same|0|0|1|0|0|0|all|0,90816551,[Арт] Император Северус,Harry Potter - J. K. Rowling,Harry Potter - J. K. Rowling,,same,0,0,1,0,0,0,all,0,544,378,38,0,3,0,1,General Audiences,No Archive Warnings Apply,M/M,Русский,,18 Aug 2026,10.052910052910052,0.0,0.7936507936507936,7.894736842105263,0.0,0.0,0.0,False,False
2026-09-11T01:54:55+00:00,2026-09-11,cohort,90815491|same|0|0|1|0|0|0|all|0,90815491,[Арт] Предназначенные,Harry Potter - J. K. Rowling,Harry Potter - J. K. Rowling,,same,0,0,1,0,0,0,all,0,544,445,41,0,1,0,1,General Audiences,No Archive Warnings Apply,M/M,Русский,,18 Aug 2026,9.213483146067416,0.0,0.22471910112359553,2.4390243902439024,0.0,0.0,0.0,False,False
2026-09-11T01:54:55+00:00,2026-09-11,cohort,90814931|same|0|0|1|0|0|0|all|0,90814931,[Арт] Мой король!,Harry Potter - J. K. Rowling,Harry Potter - J. K. Rowling,,same,0,0,1,0,0,0,all,0,544,1145,40,1,4,0,1,Explicit,No Archive Warnings Apply,M/M,Русский,,18 Aug 2026,3.4934497816593884,0.08733624454148471,0.34934497816593885,10.0,0.0,0.0,0.0,False,False
2026-09-11T01:54:55+00:00,2026-09-11,cohort,90814611|same|0|0|1|0|0|0|all|0,90814611,[Арт] Волшебник и его мальчик,Harry Potter - J. K. Rowling,Harry Potter - J. K. Rowling,,same,0,0,1,0,0,0,all,0,544,1210,32,0,4,0,1,Explicit,No Archive Warnings Apply,M/M,Русский,,18 Aug 2026,2.644628099173554,0.0,0.3305785123966942,12.5,0.0,0.0,0.0,False,False
2026-09-11T01:54:55+00:00,2026-09-11,cohort,90814106|same|0|0|1|0|0|0|all|0,90814106,"[Арт] Удачной охоты, Поттер",Harry Potter - J. K. Rowling,Harry Potter - J. K. Rowling,,same,0,0,1,0,0,0,all,0,544,500,66,1,4,0,1,General Audiences,No Archive Warnings Apply,Gen,Русский,,18 Aug 2026,13.200000000000001,0.2,0.8,6.0606060606060606,0.0,0.0,0.0,False,False
2026-09-11T01:54:55+00:00,2026-09-11,cohort,90806146|same|0|0|1|0|0|0|all|0,90806146,Dreams,Harry Potter - J. K. Rowling,Harry Potter - J. K. Rowling,,same,0,0,1,0,0,0,all,0,544,364,4,3,2,304000,65,Not Rated,Creator Chose Not To Use Archive Warnings,F/M,English,,18 Aug 2026,1.098901098901099,0.8241758241758242,0.5494505494505495,50.0,0.13157894736842107,0.09868421052631579,0.06578947368421054,True,False
2026-09-11T01:54:55+00:00,2026-09-11,cohort,90800436|same|0|0|1|0|0|0|all|0,90800436,something worth staying for | shifting to hogwarts | draco x reader,Harry Potter - J. K. Rowling,Harry Potter - J. K. Rowling,,same,0,0,1,0,0,0,all,0,544,54,7,0,2,1154,1,General Audiences,"No Archive Warnings Apply, F/M, Multi",,English,,18 Aug 2026,12.962962962962962,0.0,3.7037037037037033,28.57142857142857,60.658578856152516,0.0,17.33102253032929,True,False
2026-09-11T01:54:55+00:00,2026-09-11,cohort,90791451|same|0|0|1|0|0|0|all|0,90791451,Злая сказка,Harry Potter - J. K. Rowling,Harry Potter - J. K. Rowling,,same,0,0,1,0,0,0,all,0,544,380,29,0,4,23830,1,Teen And Up Audiences,No Archive Warnings Apply,M/M,Русский,,18 Aug 2026,7.631578947368421,0.0,1.0526315789473684,13.793103448275861,12.169534200587496,0.0,1.678556441460344,True,False
2026-09-11T01:54:55+00:00,2026-09-11,cohort,90790846|same|0|0|1|0|0|0|all|0,90790846,Сумрак прошлого,Harry Potter - J. K. Rowling,Harry Potter - J. K. Rowling,,same,0,0,1,0,0,0,all,0,545,620,25,0,9,33357,13,Explicit,"Graphic Depictions Of Violence, Rape/Non-Con",M/M,Русский,,18 Aug 2026,4.032258064516129,0.0,1.4516129032258065,36.0,7.494678778067572,0.0,2.6980843601043256,True,False
2026-09-11T01:54:55+00:00,2026-09-11,cohort,90790171|same|0|0|1|0|0|0|all|0,90790171,Лилия и лев,Harry Potter - J. K. Rowling,Harry Potter - J. K. Rowling,,same,0,0,1,0,0,0,all,0,545,539,40,0,12,21435,1,Explicit,No Archive Warnings Apply,M/M,Русский,,18 Aug 2026,7.421150278293136,0.0,2.2263450834879404,30.0,18.661068346162818,0.0,5.5983205038488455,True,False
2026-09-11T01:54:55+00:00,2026-09-11,cohort,90783556|same|0|0|1|0|0|0|all|0,90783556,Царская невеста,Harry Potter - J. K. Rowling,Harry Potter - J. K. Rowling,,same,0,0,1,0,0,0,all,0,545,831,41,1,12,188598,28,Explicit,No Archive Warnings Apply,M/M,Русский,,18 Aug 2026,4.9338146811071,0.12033694344163659,1.444043321299639,29.268292682926827,2.173936096883318,0.05302283163130044,0.6362739795756052,True,False
2026-09-11T01:54:55+00:00,2026-09-11,cohort,90782126|same|0|0|1|0|0|0|all|0,90782126,Охота,Harry Potter - J. K. Rowling,Harry Potter - J. K. Rowling,,same,0,0,1,0,0,0,all,0,545,722,51,0,12,19760,14,Explicit,No Archive Warnings Apply,M/M,Русский,,18 Aug 2026,7.063711911357341,0.0,1.662049861495845,23.52941176470588,25.809716599190285,0.0,6.0728744939271255,True,False
2026-09-11T01:54:55+00:00,2026-09-11,cohort,90595961|same|0|0|1|0|0|0|all|0,90595961,Golden Hour,Harry Potter - J. K. Rowling,Harry Potter - J. K. Rowling,,same,0,0,1,0,0,0,all,0,545,145,17,4,4,20992,4,Not Rated,Creator Chose Not To Use Archive Warnings,M/M,English,,18 Aug 2026,11.724137931034482,2.7586206896551726,2.7586206896551726,23.52941176470588,8.098323170731707,1.9054878048780488,1.9054878048780488,True,False
2026-09-11T01:54:55+00:00,2026-09-11,cohort,90340351|same|0|0|1|0|0|0|all|0,90340351,Coke Zero,Harry Potter - J. K. Rowling,Harry Potter - J. K. Rowling,,same,0,0,1,0,0,0,all,0,545,289,9,1,2,1706,2,General Audiences,Creator Chose Not To Use Archive Warnings,F/M,English,,18 Aug 2026,3.1141868512110724,0.34602076124567477,0.6920415224913495,22.22222222222222,52.75498241500586,5.8616647127784285,11.723329425556857,True,False
2026-09-11T01:54:55+00:00,2026-09-11,cohort,88956806|same|0|0|1|0|0|0|all|0,88956806,Tom Riddle’s Guide Through Florence,Harry Potter - J. K. Rowling,Harry Potter - J. K. Rowling,,same,0,0,1,0,0,0,all,0,545,447,29,7,9,16559,4,Explicit,Creator Chose Not To Use Archive Warnings,M/M,English,,18 Aug 2026,6.487695749440715,1.5659955257270695,2.013422818791946,31.03448275862069,17.513134851138354,4.22730841234374,5.435110815870523,True,False
2026-09-11T01:54:55+00:00,2026-09-11,cohort,88238516|same|0|0|1|0|0|0|all|0,88238516,Knife Play,Harry Potter - J. K. Rowling,Harry Potter - J. K. Rowling,,same,0,0,1,0,0,0,all,0,545,67,5,3,2,4206,3,Explicit,Graphic Depictions Of Violence,F/M,English,,18 Aug 2026,7.462686567164178,4.477611940298507,2.9850746268656714,40.0,11.887779362815026,7.132667617689016,4.755111745126011,True,False
2026-09-11T01:54:55+00:00,2026-09-11,cohort,83963616|same|0|0|1|0|0|0|all|0,83963616,A Lesson in Temptation,Harry Potter - J. K. Rowling,Harry Potter - J. K. Rowling,,same,0,0,1,0,0,0,all,0,545,2409,42,13,38,33386,12,Explicit,Rape/Non-Con,F/M,English,,18 Aug 2026,1.7434620174346203,0.5396430053964301,1.5774180157741802,90.47619047619048,12.580123405020068,3.8938477206014497,11.382016414065776,True,False
2026-09-11T01:54:55+00:00,2026-09-11,cohort,83421391|same|0|0|1|0|0|0|all|0,83421391,Footnote.,Harry Potter - J. K. Rowling,Harry Potter - J. K. Rowling,,same,0,0,1,0,0,0,all,0,545,237,11,6,3,22092,3,Explicit,"Graphic Depictions Of Violence, Major Character Death, F/M, M/M",,English,,18 Aug 2026,4.641350210970464,2.5316455696202533,1.2658227848101267,27.27272727272727,4.979177982980265,2.7159152634437804,1.3579576317218902,True,False
2026-09-11T01:54:55+00:00,2026-09-11,cohort,83359511|same|0|0|1|0|0|0|all|0,83359511,Wait For You,Harry Potter - J. K. Rowling,Harry Potter - J. K. Rowling,,same,0,0,1,0,0,0,all,0,545,120,6,1,6,20784,6,Teen And Up Audiences,"Graphic Depictions Of Violence, F/F, F/M, M/M",,English,,18 Aug 2026,5.0,0.8333333333333334,5.0,100.0,2.886836027713626,0.48113933795227093,2.886836027713626,True,False
2026-09-11T01:54:55+00:00,2026-09-11,cohort,81256716|same|0|0|1|0|0|0|all|0,81256716,Tending,Harry Potter - J. K. Rowling,Harry Potter - J. K. Rowling,,same,0,0,1,0,0,0,all,0,545,370,12,3,4,19541,4,Mature,"Graphic Depictions Of Violence, Major Character Death",F/M,English,,18 Aug 2026,3.2432432432432434,0.8108108108108109,1.0810810810810811,33.33333333333333,6.140934445524794,1.5352336113811984,2.0469781485082645,True,False
2026-09-11T01:54:55+00:00,2026-09-11,cohort,80761866|same|0|0|1|0|0|0|all|0,80761866,Walburga Black y la Hermandad de la Rosa Negra,Harry Potter - J. K. Rowling,Harry Potter - J. K. Rowling,,same,0,0,1,0,0,0,all,0,545,4022,173,22,58,79185,12,Mature,Creator Chose Not To Use Archive Warnings,F/M,Español,,18 Aug 2026,4.301342615614122,0.5469915464942815,1.4420686225758328,33.52601156069364,21.84757214118836,2.7783039717118143,7.324619561785692,True,False
2026-09-11T01:54:55+00:00,2026-09-11,cohort,79545256|same|0|0|1|0|0|0|all|0,79545256,"For All I Know, This Might Be My Last Night",Harry Potter - J. K. Rowling,Harry Potter - J. K. Rowling,,same,0,0,1,0,0,0,all,0,545,2586,34,10,12,300817,38,Not Rated,Graphic Depictions Of Violence,F/M,English,,18 Aug 2026,1.3147718484145399,0.3866976024748647,0.46403712296983757,35.294117647058826,1.1302552714773435,0.33242802102274804,0.3989136252272977,True,False
2026-09-11T01:54:55+00:00,2026-09-11,cohort,78661086|same|0|0|1|0|0|0|all|0,78661086,The Ship of Dreams,Harry Potter - J. K. Rowling,Harry Potter - J. K. Rowling,,same,0,0,1,0,0,0,all,0,545,883,28,11,25,37734,7,Explicit,Major Character Death,F/M,English,,18 Aug 2026,3.1710079275198186,1.245753114382786,2.8312570781426953,89.28571428571429,7.4203635978162925,2.9151428419992578,6.6253246409074045,True,False
2026-09-11T01:54:55+00:00,2026-09-11,cohort,70238996|same|0|0|1|0|0|0|all|0,70238996,"Soulmate, enemy (Have it your way)",Harry Potter - J. K. Rowling,Harry Potter - J. K. Rowling,,same,0,0,1,0,0,0,all,0,545,2395,87,11,15,61343,8,Explicit,Creator Chose Not To Use Archive Warnings,Multi,English,,18 Aug 2026,3.632567849686848,0.4592901878914405,0.6263048016701461,17.24137931034483,14.182547315912165,1.793195637644067,2.445266778605546,True,False
2026-09-11T01:54:55+00:00,2026-09-11,cohort,69269231|same|0|0|1|0|0|0|all|0,69269231,Preacher's Daughter,Harry Potter - J. K. Rowling,Harry Potter - J. K. Rowling,,same,0,0,1,0,0,0,all,0,546,5399,172,62,144,151936,19,Mature,Graphic Depictions Of Violence,M/M,English,,18 Aug 2026,3.185775143545101,1.148360807556955,2.667160585293573,83.72093023255815,11.320556023588878,4.080665543386689,9.477674810446503,True,False
2026-09-11T01:54:55+00:00,2026-09-11,cohort,62126524|same|0|0|1|0|0|0|all|0,62126524,Personal Log,Harry Potter - J. K. Rowling,Harry Potter - J. K. Rowling,,same,0,0,1,0,0,0,all,0,546,3760,163,22,209,98822,20,Mature,"No Archive Warnings Apply, F/F, F/M, M/M",,English,,18 Aug 2026,4.335106382978723,0.5851063829787234,5.558510638297872,128.2208588957055,16.494302888020886,2.2262249296715306,21.14913683187954,True,False
2026-09-11T01:54:55+00:00,2026-09-11,cohort,61252126|same|0|0|1|0|0|0|all|0,61252126,Extinction,Harry Potter - J. K. Rowling,Harry Potter - J. K. Rowling,,same,0,0,1,0,0,0,all,0,546,364,17,1,0,38214,9,Mature,No Archive Warnings Apply,F/F,Italiano,,18 Aug 2026,4.670329670329671,0.27472527472527475,0.0,0.0,4.448631391636573,0.26168419950803373,0.0,True,False
2026-09-11T01:54:55+00:00,2026-09-11,cohort,60196357|same|0|0|1|0|0|0|all|0,60196357,The Scars of Two Lives,Harry Potter - J. K. Rowling,Harry Potter - J. K. Rowling,,same,0,0,1,0,0,0,all,0,546,3178,155,33,30,29459,6,Not Rated,"Graphic Depictions Of Violence, F/F, F/M, M/M, Multi",,English,,18 Aug 2026,4.87728130899937,1.038388923851479,0.9439899307740718,19.35483870967742,52.61549950779049,11.20200957262636,10.183645066023967,True,False
2026-09-11T01:54:55+00:00,2026-09-11,cohort,45638755|same|0|0|1|0|0|0|all|0,45638755,vengeance asks more,Harry Potter - J. K. Rowling,Harry Potter - J. K. Rowling,,same,0,0,1,0,0,0,all,0,546,133,8,1,11,5943,8,Mature,"Graphic Depictions Of Violence, Major Character Death, Underage Sex, F/M, M/M",,English,,18 Aug 2026,6.015037593984962,0.7518796992481203,8.270676691729323,137.5,13.461214874642437,1.6826518593303046,18.509170452633352,True,False
2026-09-11T01:54:55+00:00,2026-09-11,cohort,90771456|same|0|0|1|0|0|0|all|0,90771456,Just This Once,Harry Potter - J. K. Rowling,Harry Potter - J. K. Rowling,,same,0,0,1,0,0,0,all,0,546,912,160,12,26,6815,1,Mature,No Archive Warnings Apply,F/M,English,,18 Aug 2026,17.543859649122805,1.3157894736842104,2.850877192982456,16.25,234.7762289068232,17.608217168011738,38.151137197358764,True,False
2026-09-11T01:54:55+00:00,2026-09-11,cohort,90777196|same|0|0|1|0|0|0|all|0,90777196,Under Pressure,Harry Potter - J. K. Rowling,Harry Potter - J. K. Rowling,,same,0,0,1,0,0,0,all,0,546,55,3,0,2,9605,1,General Audiences,Creator Chose Not To Use Archive Warnings,Gen,English,,18 Aug 2026,5.454545454545454,0.0,3.6363636363636362,66.66666666666666,3.1233732431025505,0.0,2.082248828735034,True,False
2026-09-11T01:54:55+00:00,2026-09-11,cohort,90779081|same|0|0|1|0|0|0|all|0,90779081,[Art] Громче правил,Harry Potter - J. K. Rowling,Harry Potter - J. K. Rowling,,same,0,0,1,0,0,0,all,0,546,467,50,0,3,0,1,General Audiences,No Archive Warnings Apply,M/M,Русский,,18 Aug 2026,10.706638115631693,0.0,0.6423982869379015,6.0,0.0,0.0,0.0,False,False
2026-09-11T01:54:55+00:00,2026-09-11,cohort,90778691|same|0|0|1|0|0|0|all|0,90778691,Громче правил,Harry Potter - J. K. Rowling,Harry Potter - J. K. Rowling,,same,0,0,1,0,0,0,all,0,546,211,15,0,2,16633,17,Mature,No Archive Warnings Apply,M/M,Русский,,18 Aug 2026,7.109004739336493,0.0,0.9478672985781991,13.333333333333334,9.018216797931823,0.0,1.2024289063909097,True,False
2026-09-11T01:54:55+00:00,2026-09-11,cohort,90778706|same|0|0|1|0|0|0|all|0,90778706,Tell Me How You Really Feel (Write It On The Bathroom Wall),Harry Potter - J. K. Rowling,Harry Potter - J. K. Rowling,,same,0,0,1,0,0,0,all,0,546,835,89,9,0,1983,1,Mature,Creator Chose Not To Use Archive Warnings,M/M,English,,18 Aug 2026,10.658682634730539,1.0778443113772456,0.0,0.0,448.81492687846696,45.38577912254161,0.0,True,False
2026-09-11T01:54:55+00:00,2026-09-11,cohort,59162317|same|0|0|1|0|0|0|all|0,59162317,Hogwarts Chronicle: The Prisoner Of Azkaban - The Emerald Path,Harry Potter - J. K. Rowling,Harry Potter - J. K. Rowling,,same,0,0,1,0,0,0,all,0,546,65,0,0,2,118088,29,Teen And Up Audiences,"No Archive Warnings Apply, Gen, F/M",,English,,18 Aug 2026,0.0,0.0,3.076923076923077,0.0,0.0,0.0,0.1693652191585936,True,False
2026-09-11T01:54:55+00:00,2026-09-11,cohort,90777861|same|0|0|1|0|0|0|all|0,90777861,I am human and I need to be loved,Harry Potter - J. K. Rowling,Harry Potter - J. K. Rowling,,same,0,0,1,0,0,0,all,0,546,279,24,0,2,2636,1,Explicit,No Archive Warnings Apply,M/M,English,,18 Aug 2026,8.60215053763441,0.0,0.7168458781362007,8.333333333333332,91.04704097116844,0.0,7.587253414264037,True,False
2026-09-11T01:54:55+00:00,2026-09-11,cohort,90776346|same|0|0|1|0|0|0|all|0,90776346,Mostly,Harry Potter - J. K. Rowling,Harry Potter - J. K. Rowling,,same,0,0,1,0,0,0,all,0,546,92,1,0,1,103798,27,General Audiences,Creator Chose Not To Use Archive Warnings,F/M,English,,18 Aug 2026,1.0869565217391304,0.0,1.0869565217391304,100.0,0.09634096996088556,0.0,0.09634096996088556,True,False
2026-09-11T01:54:55+00:00,2026-09-11,cohort,85016921|same|0|0|1|0|0|0|all|0,85016921,The Heart Beneath the Castle,Harry Potter - J. K. Rowling,Harry Potter - J. K. Rowling,,same,0,0,1,0,0,0,all,0,546,149,8,0,3,8510,9,Not Rated,Creator Chose Not To Use Archive Warnings,Gen,English,,18 Aug 2026,5.369127516778524,0.0,2.013422818791946,37.5,9.400705052878966,0.0,3.5252643948296125,True,False
2026-09-11T01:54:55+00:00,2026-09-11,cohort,89657406|same|0|0|1|0|0|0|all|0,89657406,The love you have to give,Harry Potter - J. K. Rowling,Harry Potter - J. K. Rowling,,same,0,0,1,0,0,0,all,0,547,84,1,3,1,3024,2,Not Rated,"Creator Chose Not To Use Archive Warnings, F/F, F/M, Gen, M/M",,English,,18 Aug 2026,1.1904761904761905,3.571428571428571,1.1904761904761905,100.0,3.3068783068783065,9.920634920634921,3.3068783068783065,True,False
2026-09-11T01:54:55+00:00,2026-09-11,cohort,90645041|same|0|0|1|0|0|0|all|0,90645041,"In the right light, even poison ivy can be beautiful",Harry Potter - J. K. Rowling,Harry Potter - J. K. Rowling,,same,0,0,1,0,0,0,all,0,547,71,6,3,2,23402,8,Mature,Graphic Depictions Of Violence,Multi,English,,18 Aug 2026,8.450704225352112,4.225352112676056,2.8169014084507045,33.33333333333333,2.563883428766772,1.281941714383386,0.854627809588924,True,False
2026-09-11T01:54:55+00:00,2026-09-11,cohort,89159991|same|0|0|1|0|0|0|all|0,89159991,method acting,Harry Potter - J. K. Rowling,Harry Potter - J. K. Rowling,,same,0,0,1,0,0,0,all,0,547,1099,53,23,18,16856,2,Not Rated,Creator Chose Not To Use Archive Warnings,M/M,English,,18 Aug 2026,4.822565969062785,2.0928116469517746,1.6378525932666061,33.9622641509434,31.442809682012342,13.64499288087328,10.678690080683436,True,False
2026-09-11T01:54:55+00:00,2026-09-11,cohort,90773736|same|0|0|1|0|0|0|all|0,90773736,The Moon Prophecy,Harry Potter - J. K. Rowling,Harry Potter - J. K. Rowling,,same,0,0,1,0,0,0,all,0,547,266,2,1,2,163011,37,General Audiences,Creator Chose Not To Use Archive Warnings,F/M,English,,18 Aug 2026,0.7518796992481203,0.37593984962406013,0.7518796992481203,100.0,0.1226911067351283,0.06134555336756415,0.1226911067351283,True,False
2026-09-11T01:54:55+00:00,2026-09-11,cohort,69643816|same|0|0|1|0|0|0|all|0,69643816,The weight of us,Harry Potter - J. K. Rowling,Harry Potter - J. K. Rowling,,same,0,0,1,0,0,0,all,0,547,6607,360,39,60,9442,9,Not Rated,No Archive Warnings Apply,M/M,English,,18 Aug 2026,5.448766459815348,0.5902830331466626,0.908127743302558,16.666666666666664,381.27515356915904,41.304808303325565,63.54585892819318,True,False
2026-09-11T01:54:55+00:00,2026-09-11,cohort,88306756|same|0|0|1|0|0|0|all|0,88306756,"I love you, I’m fucking sorry",Harry Potter - J. K. Rowling,Harry Potter - J. K. Rowling,,same,0,0,1,0,0,0,all,0,547,56,1,0,0,2697,4,Mature,"Creator Chose Not To Use Archive Warnings, Graphic Depictions Of Violence, Major Character Death, No Archive Warnings Apply, F/F, M/M",,English,,18 Aug 2026,1.7857142857142856,0.0,0.0,0.0,3.707823507601038,0.0,0.0,True,False
2026-09-11T01:54:55+00:00,2026-09-11,cohort,90763941|same|0|0|1|0|0|0|all|0,90763941,why you should always trust sketchy online listings,Harry Potter - J. K. Rowling,Harry Potter - J. K. Rowling,,same,0,0,1,0,0,0,all,0,547,5093,311,51,52,5423,1,Explicit,No Archive Warnings Apply,M/M,English,,18 Aug 2026,6.106420577262909,1.0013744354997054,1.0210092283526409,16.720257234726688,573.4833118200258,94.04388714733543,95.88788493453808,True,False
2026-09-11T01:54:55+00:00,2026-09-11,cohort,90775131|same|0|0|1|0|0|0|all|0,90775131,Say you need me,Harry Potter - J. K. Rowling,Harry Potter - J. K. Rowling,,same,0,0,1,0,0,0,all,0,547,600,32,2,7,12571,1,Explicit,"No Archive Warnings Apply, F/M, M/M, Other",,English,,18 Aug 2026,5.333333333333334,0.33333333333333337,1.1666666666666667,21.875,25.455413252724522,1.5909633282952826,5.56837164903349,True,False
2026-09-11T01:54:55+00:00,2026-09-11,cohort,90775011|same|0|0|1|0|0|0|all|0,90775011,Better Be SLYTHERIN!,Harry Potter - J. K. Rowling,Harry Potter - J. K. Rowling,,same,0,0,1,0,0,0,all,0,547,194,16,1,1,1074,1,Not Rated,"Creator Chose Not To Use Archive Warnings, No category",,English,,18 Aug 2026,8.24742268041237,0.5154639175257731,0.5154639175257731,6.25,148.975791433892,9.31098696461825,9.31098696461825,True,False
2026-09-11T01:54:55+00:00,2026-09-11,cohort,36273106|same|0|0|1|0|0|0|all|0,36273106,Call it Impertinence,Harry Potter - J. K. Rowling,Harry Potter - J. K. Rowling,,same,0,0,1,0,0,0,all,0,547,48579,1088,179,665,168525,54,Explicit,Graphic Depictions Of Violence,M/M,English,,18 Aug 2026,2.2396508779513784,0.36847197348648597,1.3689042590419729,61.12132352941176,64.56015427978045,10.621569500074171,39.46002076843198,True,False
2026-09-11T01:54:55+00:00,2026-09-11,cohort,80666001|same|0|0|1|0|0|0|all|0,80666001,Para mi escritor especial,Harry Potter - J. K. Rowling,Harry Potter - J. K. Rowling,,same,0,0,1,0,0,0,all,0,547,91,1,0,8,36,8,Explicit,Creator Chose Not To Use Archive Warnings,M/M,Español,,18 Aug 2026,1.098901098901099,0.0,8.791208791208792,800.0,277.77777777777777,0.0,2222.222222222222,True,False
2026-09-11T01:54:55+00:00,2026-09-11,cohort,89159041|same|0|0|1|0|0|0|all|0,89159041,One more message,Harry Potter - J. K. Rowling,Harry Potter - J. K. Rowling,,same,0,0,1,0,0,0,all,0,547,371,18,4,10,32388,9,General Audiences,Creator Chose Not To Use Archive Warnings,M/M,English,,18 Aug 2026,4.8517520215633425,1.078167115902965,2.6954177897574128,55.55555555555556,5.557613931085587,1.2350253180190194,3.0875632950475485,True,False
2026-09-11T01:54:55+00:00,2026-09-11,cohort,90772466|same|0|0|1|0|0|0|all|0,90772466,The False Chosen One,Harry Potter - J. K. Rowling,Harry Potter - J. K. Rowling,,same,0,0,1,0,0,0,all,0,547,115,1,0,0,41288,10,General Audiences,Creator Chose Not To Use Archive Warnings,F/M,English,,18 Aug 2026,0.8695652173913043,0.0,0.0,0.0,0.2422011238132145,0.0,0.0,True,False
2026-09-11T01:54:55+00:00,2026-09-11,cohort,90736666|same|0|0|1|0|0|0|all|0,90736666,Echoes in the Stone,Harry Potter - J. K. Rowling,Harry Potter - J. K. Rowling,,same,0,0,1,0,0,0,all,0,547,439,16,4,5,3652,2,Mature,Graphic Depictions Of Violence,F/M,English,,18 Aug 2026,3.644646924829157,0.9111617312072893,1.1389521640091116,31.25,43.81161007667032,10.95290251916758,13.691128148959473,True,False
2026-09-11T01:54:55+00:00,2026-09-11,cohort,90772621|same|0|0|1|0|0|0|all|0,90772621,The Weight of Propriety,Harry Potter - J. K. Rowling,Harry Potter - J. K. Rowling,,same,0,0,1,0,0,0,all,0,547,419,57,3,5,1641,1,Not Rated,No Archive Warnings Apply,F/F,English,,18 Aug 2026,13.60381861575179,0.7159904534606205,1.1933174224343674,8.771929824561402,347.34917733089577,18.281535648994517,30.469226081657528,True,False
2026-09-11T01:54:55+00:00,2026-09-11,cohort,90770806|same|0|0|1|0|0|0|all|0,90770806,Heaven's Will,Harry Potter - J. K. Rowling,Harry Potter - J. K. Rowling,,same,0,0,1,0,0,0,all,0,547,73,1,0,0,73202,18,General Audiences,Creator Chose Not To Use Archive Warnings,F/M,English,,18 Aug 2026,1.36986301369863,0.0,0.0,0.0,0.13660828939100025,0.0,0.0,True,False
2026-09-11T01:54:55+00:00,2026-09-11,cohort,43195998|same|0|0|1|0|0|0|all|0,43195998,Crookshanks' Secret,Harry Potter - J. K. Rowling,Harry Potter - J. K. Rowling,,same,0,0,1,0,0,0,all,0,548,20437,571,179,140,108727,24,General Audiences,No Archive Warnings Apply,F/M,English,,18 Aug 2026,2.7939521456182415,0.8758624064197289,0.6850320497137544,24.518388791593697,52.516854139266236,16.46325199812374,12.876286478979463,True,False
2026-09-11T01:54:55+00:00,2026-09-11,cohort,90771726|same|0|0|1|0|0|0|all|0,90771726,"Back then, both sides had their difficulties",Harry Potter - J. K. Rowling,Harry Potter - J. K. Rowling,,same,0,0,1,0,0,0,all,0,548,138,8,0,1,1004,1,General Audiences,Creator Chose Not To Use Archive Warnings,M/M,English,,18 Aug 2026,5.797101449275362,0.0,0.7246376811594203,12.5,79.6812749003984,0.0,9.9601593625498,True,False
2026-09-11T01:54:55+00:00,2026-09-11,cohort,64688224|same|0|0|1|0|0|0|all|0,64688224,Mi Nombre Es Percy,Harry Potter - J. K. Rowling,Harry Potter - J. K. Rowling,,same,0,0,1,0,0,0,all,0,548,461,22,4,10,14558,5,Explicit,"Graphic Depictions Of Violence, Rape/Non-Con",M/M,Español,,18 Aug 2026,4.772234273318872,0.8676789587852495,2.1691973969631237,45.45454545454545,15.111965929385905,2.747630168979255,6.869075422448139,True,False
2026-09-11T01:54:55+00:00,2026-09-11,cohort,64689847|same|0|0|1|0|0|0|all|0,64689847,My Name Is Percy,Harry Potter - J. K. Rowling,Harry Potter - J. K. Rowling,,same,0,0,1,0,0,0,all,0,548,2642,117,27,33,13267,5,Explicit,"Graphic Depictions Of Violence, Rape/Non-Con",M/M,English,,18 Aug 2026,4.4284632853898565,1.0219530658591975,1.2490537471612415,28.205128205128204,88.18873897640763,20.351247456094068,24.87374689078164,True,False
2026-09-11T01:54:55+00:00,2026-09-11,cohort,84532626|same|0|0|1|0|0|0|all|0,84532626,Halcyon Days,Harry Potter - J. K. Rowling,Harry Potter - J. K. Rowling,,same,0,0,1,0,0,0,all,0,548,172,3,1,0,1181,2,Teen And Up Audiences,Creator Chose Not To Use Archive Warnings,Gen,Español,,18 Aug 2026,1.744186046511628,0.5813953488372093,0.0,0.0,25.40220152413209,8.46740050804403,0.0,True,False
2026-09-11T01:54:55+00:00,2026-09-11,cohort,63194629|same|0|0|1|0|0|0|all|0,63194629,of Broken Lines & Promises,Harry Potter - J. K. Rowling,Harry Potter - J. K. Rowling,,same,0,0,1,0,0,0,all,0,548,175,27,4,17,22691,3,Mature,Major Character Death,F/M,English,,18 Aug 2026,15.428571428571427,2.2857142857142856,9.714285714285714,62.96296296296296,11.898990789299722,1.7628134502666255,7.491957163633158,True,False
2026-09-11T01:54:55+00:00,2026-09-11,cohort,90766596|same|0|0|1|0|0|0|all|0,90766596,The Half Blood Prince's Wife,Harry Potter - J. K. Rowling,Harry Potter - J. K. Rowling,,same,0,0,1,0,0,0,all,0,548,179,1,1,0,126825,35,General Audiences,Creator Chose Not To Use Archive Warnings,F/M,English,,18 Aug 2026,0.5586592178770949,0.5586592178770949,0.0,0.0,0.07884880741178789,0.07884880741178789,0.0,True,False
2026-09-11T01:54:55+00:00,2026-09-11,cohort,74483471|same|0|0|1|0|0|0|all|0,74483471,Real Men,Harry Potter - J. K. Rowling,Harry Potter - J. K. Rowling,,same,0,0,1,0,0,0,all,0,548,1320,48,6,11,45020,15,Mature,Creator Chose Not To Use Archive Warnings,M/M,English,,18 Aug 2026,3.6363636363636362,0.45454545454545453,0.8333333333333334,22.916666666666664,10.661928031985784,1.332741003998223,2.4433585073300756,True,False
2026-09-11T01:54:55+00:00,2026-09-11,cohort,90769826|same|0|0|1|0|0|0|all|0,90769826,Deserved It?,Harry Potter - J. K. Rowling,Harry Potter - J. K. Rowling,,same,0,0,1,0,0,0,all,0,548,615,36,4,6,526,1,Not Rated,Creator Chose Not To Use Archive Warnings,M/M,English,,18 Aug 2026,5.853658536585367,0.6504065040650406,0.975609756097561,16.666666666666664,684.4106463878327,76.04562737642586,114.06844106463879,True,False
2026-09-11T01:54:55+00:00,2026-09-11,cohort,90272891|same|0|0|1|0|0|0|all|0,90272891,Sanare,Harry Potter - J. K. Rowling,Harry Potter - J. K. Rowling,,same,0,0,1,0,0,0,all,0,548,55,3,1,0,6790,5,Mature,"Graphic Depictions Of Violence, Rape/Non-Con",F/M,English,,18 Aug 2026,5.454545454545454,1.8181818181818181,0.0,0.0,4.418262150220913,1.4727540500736376,0.0,True,False
2026-09-11T01:54:55+00:00,2026-09-11,cohort,88145876|same|0|0|1|0|0|0|all|0,88145876,Finding Harry,Harry Potter - J. K. Rowling,Harry Potter - J. K. Rowling,,same,0,0,1,0,0,0,all,0,548,1510,136,21,23,11664,5,Explicit,Creator Chose Not To Use Archive Warnings,M/M,English,,18 Aug 2026,9.006622516556291,1.390728476821192,1.5231788079470199,16.911764705882355,116.59807956104252,18.00411522633745,19.718792866941012,True,False
2026-09-11T01:54:55+00:00,2026-09-11,cohort,90767206|same|0|0|1|0|0|0|all|0,90767206,Phoenix Tears,Harry Potter - J. K. Rowling,Harry Potter - J. K. Rowling,,same,0,0,1,0,0,0,all,0,548,806,102,9,18,514,1,Teen And Up Audiences,Graphic Depictions Of Violence,Gen,English,,18 Aug 2026,12.655086848635236,1.1166253101736971,2.2332506203473943,17.647058823529413,1984.4357976653696,175.09727626459144,350.1945525291829,True,False
2026-09-11T01:54:55+00:00,2026-09-11,cohort,89960241|same|0|0|1|0|0|0|all|0,89960241,Evanescence,Harry Potter - J. K. Rowling,Harry Potter - J. K. Rowling,,same,0,0,1,0,0,0,all,0,548,173,17,4,6,4940,3,Mature,Creator Chose Not To Use Archive Warnings,M/M,English,,18 Aug 2026,9.826589595375722,2.312138728323699,3.4682080924855487,35.294117647058826,34.412955465587046,8.097165991902834,12.145748987854251,True,False
2026-09-11T01:54:55+00:00,2026-09-11,cohort,90766816|same|0|0|1|0|0|0|all|0,90766816,Bloomed,Harry Potter - J. K. Rowling,Harry Potter - J. K. Rowling,,same,0,0,1,0,0,0,all,0,548,177,8,0,2,827,1,Not Rated,Creator Chose Not To Use Archive Warnings,F/M,English,,18 Aug 2026,4.519774011299435,0.0,1.1299435028248588,25.0,96.73518742442563,0.0,24.183796856106408,True,False
2026-09-11T01:54:55+00:00,2026-09-11,cohort,90766226|same|0|0|1|0|0|0|all|0,90766226,to 'craft' a proposal,Harry Potter - J. K. Rowling,Harry Potter - J. K. Rowling,,same,0,0,1,0,0,0,all,0,549,522,19,4,6,1292,1,Teen And Up Audiences,No Archive Warnings Apply,M/M,English,,18 Aug 2026,3.6398467432950192,0.7662835249042145,1.1494252873563218,31.57894736842105,147.05882352941177,30.959752321981426,46.43962848297213,True,False
2026-09-11T01:54:55+00:00,2026-09-11,cohort,52990222|same|0|0|1|0|0|0|all|0,52990222,Close your eyes and you’ll be fine,Harry Potter - J. K. Rowling,Harry Potter - J. K. Rowling,,same,0,0,1,0,0,0,all,0,549,502,23,2,5,2430,2,Not Rated,"Creator Chose Not To Use Archive Warnings, Major Character Death",M/M,English,,18 Aug 2026,4.581673306772909,0.398406374501992,0.9960159362549801,21.73913043478261,94.65020576131687,8.23045267489712,20.5761316872428,True,False
2026-09-11T01:54:55+00:00,2026-09-11,cohort,90765846|same|0|0|1|0|0|0|all|0,90765846,The Devil In Camp,Harry Potter - J. K. Rowling,Harry Potter - J. K. Rowling,,same,0,0,1,0,0,0,all,0,549,476,23,3,2,1672,1,Mature,"Creator Chose Not To Use Archive Warnings, Graphic Depictions Of Violence, Rape/Non-Con",M/M,English,,18 Aug 2026,4.831932773109244,0.6302521008403361,0.42016806722689076,8.695652173913043,137.5598086124402,17.942583732057418,11.961722488038276,True,False
2026-09-11T01:54:55+00:00,2026-09-11,cohort,90765691|same|0|0|1|0|0|0|all|0,90765691,broken trust,Harry Potter - J. K. Rowling,Harry Potter - J. K. Rowling,,same,0,0,1,0,0,0,all,0,549,2977,28,14,0,2365,1,Explicit,"Graphic Depictions Of Violence, Rape/Non-Con, Underage Sex",F/M,English,,18 Aug 2026,0.9405441719852201,0.47027208599261006,0.0,0.0,118.39323467230444,59.19661733615222,0.0,True,False
2026-09-11T01:54:55+00:00,2026-09-11,cohort,90765401|same|0|0|1|0|0|0|all|0,90765401,Obsession,Harry Potter - J. K. Rowling,Harry Potter - J. K. Rowling,,same,0,0,1,0,0,0,all,0,549,353,59,7,5,1993,1,Explicit,Creator Chose Not To Use Archive Warnings,M/M,English,,18 Aug 2026,16.71388101983003,1.9830028328611897,1.41643059490085,8.47457627118644,296.0361264425489,35.12293025589563,25.087807325639737,True,False
2026-09-11T01:54:55+00:00,2026-09-11,cohort,90765141|same|0|0|1|0|0|0|all|0,90765141,What Remains of Us (HARCO),Harry Potter - J. K. Rowling,Harry Potter - J. K. Rowling,,same,0,0,1,0,0,0,all,0,549,252,23,1,2,10453,2,Explicit,"Graphic Depictions Of Violence, Rape/Non-Con, F/M, M/M",,English,,17 Aug 2026,9.126984126984127,0.3968253968253968,0.7936507936507936,8.695652173913043,22.003252654740265,0.9566631589017506,1.9133263178035012,True,False
2026-09-11T01:54:55+00:00,2026-09-11,cohort,86407266|same|0|0|1|0|0|0|all|0,86407266,𝑅𝑒𝑣𝑒𝑎𝑙𝑒𝑑 𝑏𝑦 𝑡ℎ𝑒 𝑃𝑖𝑡𝑦 𝑜𝑓 𝐺𝑜𝑑𝑠,Harry Potter - J. K. Rowling,Harry Potter - J. K. Rowling,,same,0,0,1,0,0,0,all,0,549,6546,122,34,45,85840,32,Teen And Up Audiences,"Creator Chose Not To Use Archive Warnings, No Archive Warnings Apply, M/M, Multi, Other",,English,,18 Aug 2026,1.8637335777574089,0.5194011610143598,0.687442713107241,36.885245901639344,14.212488350419385,3.960857409133271,5.242311276794035,True,False
2026-09-11T01:54:55+00:00,2026-09-11,cohort,90764341|same|0|0|1|0|0|0|all|0,90764341,I'm scared I'll hurt you,Harry Potter - J. K. Rowling,Harry Potter - J. K. Rowling,,same,0,0,1,0,0,0,all,0,549,998,26,3,1,1677,1,Explicit,Underage Sex,M/M,English,,18 Aug 2026,2.6052104208416833,0.30060120240480964,0.1002004008016032,3.8461538461538463,155.03875968992247,17.88908765652952,5.963029218843172,True,False
2026-09-11T01:54:55+00:00,2026-09-11,cohort,90763541|same|0|0|1|0|0|0|all|0,90763541,韦斯莱魔法笑料店产品测评,Harry Potter - J. K. Rowling,Harry Potter - J. K. Rowling,,same,0,0,1,0,0,0,all,0,549,155,2,0,2,1654,1,Not Rated,Creator Chose Not To Use Archive Warnings,F/M,中文-普通话 國語,,18 Aug 2026,1.2903225806451613,0.0,1.2903225806451613,100.0,12.091898428053204,0.0,12.091898428053204,True,False
2026-09-11T01:54:55+00:00,2026-09-11,cohort,90763556|same|0|0|1|0|0|0|all|0,90763556,The Outside,Harry Potter - J. K. Rowling,Hogwarts Legacy (Video Game),,same,0,0,1,0,0,0,all,0,549,115,21,1,4,2532,1,Teen And Up Audiences,Creator Chose Not To Use Archive Warnings,M/M,English,,18 Aug 2026,18.26086956521739,0.8695652173913043,3.4782608695652173,19.047619047619047,82.93838862559242,3.949447077409163,15.797788309636651,True,False
2026-09-11T01:54:55+00:00,2026-09-11,cohort,55215148|same|0|0|1|0|0|0|all|0,55215148,This Is War,Harry Potter - J. K. Rowling,Harry Potter - J. K. Rowling,,same,0,0,1,0,0,0,all,0,550,10016,154,54,160,371302,27,Mature,"Graphic Depictions Of Violence, Major Character Death, Rape/Non-Con, F/M, M/M",,English,,18 Aug 2026,1.5375399361022364,0.5391373801916932,1.5974440894568689,103.89610389610388,4.147567209441371,1.4543417487651562,4.309160737081944,True,False
2026-09-11T01:54:55+00:00,2026-09-11,cohort,63751837|same|0|0|1|0|0|0|all|0,63751837,Coming Home,Harry Potter - J. K. Rowling,Harry Potter - J. K. Rowling,,same,0,0,1,0,0,0,all,0,550,72856,1554,599,1049,219352,31,Teen And Up Audiences,"No Archive Warnings Apply, Gen, M/M",,English,,18 Aug 2026,2.1329746348962337,0.8221697595256396,1.439826507082464,67.5032175032175,70.8450344651519,27.307706335023163,47.822677705240885,True,False
2026-09-11T01:54:55+00:00,2026-09-11,cohort,86269016|same|0|0|1|0|0|0|all|0,86269016,The Naming Ceremony,Harry Potter - J. K. Rowling,Harry Potter - J. K. Rowling,,same,0,0,1,0,0,0,all,0,550,1998,150,56,67,14056,4,Teen And Up Audiences,No Archive Warnings Apply,M/M,English,,18 Aug 2026,7.5075075075075075,2.8028028028028027,3.3533533533533535,44.666666666666664,106.71599317017643,39.8406374501992,47.66647694934547,True,False
2026-09-11T01:54:55+00:00,2026-09-11,cohort,90761226|same|0|0|1|0|0|0|all|0,90761226,The Heir and Raven,Harry Potter - J. K. Rowling,Harry Potter - J. K. Rowling,,same,0,0,1,0,0,0,all,0,550,517,8,5,0,67881,30,Explicit,Rape/Non-Con,F/M,English,,18 Aug 2026,1.5473887814313347,0.9671179883945842,0.0,0.0,1.1785330210220828,0.7365831381388017,0.0,True,False
2026-09-11T01:54:55+00:00,2026-09-11,cohort,90758821|same|0|0|1|0|0|0|all|0,90758821,​The Unraveling of Severus Snape,Harry Potter - J. K. Rowling,Harry Potter - J. K. Rowling,,same,0,0,1,0,0,0,all,0,550,2805,95,15,1,5278,1,Explicit,No Archive Warnings Apply,F/M,English,,18 Aug 2026,3.3868092691622103,0.53475935828877,0.035650623885918005,1.0526315789473684,179.9924213717317,28.419856006062904,1.8946570670708602,True,False
2026-09-11T01:54:55+00:00,2026-09-11,cohort,72235401|same|0|0|1|0|0|0|all|0,72235401,Amaranthine,Harry Potter - J. K. Rowling,Harry Potter - J. K. Rowling,,same,0,0,1,0,0,0,all,0,550,27444,871,252,574,83770,33,Mature,Graphic Depictions Of Violence,F/M,English,,18 Aug 2026,3.1737356070543656,0.9182334936598164,2.091531846669582,65.90126291618829,103.97517010863078,30.082368389638294,68.52095022084279,True,False
2026-09-11T01:54:55+00:00,2026-09-11,cohort,50294521|same|0|0|1|0|0|0|all|0,50294521,"soldier on, achilles",Harry Potter - J. K. Rowling,Harry Potter - J. K. Rowling,,same,0,0,1,0,0,0,all,0,550,17910,1111,283,267,23307,7,Mature,"Creator Chose Not To Use Archive Warnings, No category",,English,,18 Aug 2026,6.203238414293691,1.5801228364042434,1.4907872696817421,24.032403240324033,476.68082550306775,121.42274853048441,114.5578581542026,True,False
2026-09-11T01:54:55+00:00,2026-09-11,cohort,90760641|same|0|0|1|0|0|0|all|0,90760641,The Ride,Harry Potter - J. K. Rowling,Harry Potter - J. K. Rowling,,same,0,0,1,0,0,0,all,0,550,1035,82,7,3,3149,1,Explicit,No Archive Warnings Apply,M/M,English,,18 Aug 2026,7.922705314009662,0.6763285024154589,0.2898550724637681,3.6585365853658534,260.4001270244522,22.22927913623373,9.526833915528739,True,False
2026-09-11T01:54:55+00:00,2026-09-11,cohort,90589531|same|0|0|1|0|0|0|all|0,90589531,Just Your Average Wednesday,Harry Potter - J. K. Rowling,Harry Potter - J. K. Rowling,,same,0,0,1,0,0,0,all,0,550,668,17,1,2,1145,1,Explicit,"No Archive Warnings Apply, F/M, M/M, Multi",,English,,17 Aug 2026,2.5449101796407185,0.14970059880239522,0.29940119760479045,11.76470588235294,148.471615720524,8.733624454148472,17.467248908296945,True,False
2026-09-11T01:54:55+00:00,2026-09-11,cohort,90759391|same|0|0|1|0|0|0|all|0,90759391,The Quidditch Scare,Harry Potter - J. K. Rowling,Harry Potter - J. K. Rowling,,same,0,0,1,0,0,0,all,0,550,72,1,0,1,279,1,Mature,Graphic Depictions Of Violence,M/M,English,,18 Aug 2026,1.3888888888888888,0.0,1.3888888888888888,100.0,35.842293906810035,0.0,35.842293906810035,True,False
2026-09-11T01:54:55+00:00,2026-09-11,cohort,90753801|same|0|0|1|0|0|0|all|0,90753801,SOULMATES,Harry Potter - J. K. Rowling,Harry Potter - J. K. Rowling,,same,0,0,1,0,0,0,all,0,550,93,4,1,0,1738,2,General Audiences,"Creator Chose Not To Use Archive Warnings, F/M, M/M",,Español,,18 Aug 2026,4.301075268817205,1.0752688172043012,0.0,0.0,23.014959723820482,5.7537399309551205,0.0,True,False
2026-09-11T01:54:55+00:00,2026-09-11,cohort,81737151|same|0|0|1|0|0|0|all|0,81737151,The Name He Gave You,Harry Potter - J. K. Rowling,Harry Potter - J. K. Rowling,,same,0,0,1,0,0,0,all,0,550,248,13,0,4,56409,13,Teen And Up Audiences,No Archive Warnings Apply,Multi,English,,18 Aug 2026,5.241935483870968,0.0,1.6129032258064515,30.76923076923077,2.304596784201103,0.0,0.7091067028311084,True,False
2026-09-11T01:54:55+00:00,2026-09-11,cohort,89639596|same|0|0|1|0|0|0|all|0,89639596,Everything You See Out Here Will Die,Harry Potter - J. K. Rowling,Harry Potter - J. K. Rowling,,same,0,0,1,0,0,0,all,0,550,719,46,5,14,7711,7,Mature,"Graphic Depictions Of Violence, No category",,English,,18 Aug 2026,6.397774687065369,0.6954102920723227,1.9471488178025034,30.434782608695656,59.65503825703541,6.484243288808196,18.15588120866295,True,False
2026-09-11T01:54:55+00:00,2026-09-11,cohort,57420286|same|0|0|1|0|0|0|all|0,57420286,Story of my Life | WTM | HP,Harry Potter - J. K. Rowling,Harry Potter - J. K. Rowling,,same,0,0,1,0,0,0,all,0,550,5585,135,35,1,658,1,Teen And Up Audiences,"Creator Chose Not To Use Archive Warnings, F/M, M/M",,English,,18 Aug 2026,2.4171888988361685,0.6266786034019696,0.017905102954341987,0.7407407407407408,2051.6717325227964,531.9148936170213,15.19756838905775,True,False
2026-09-11T01:54:55+00:00,2026-09-11,cohort,66514540|same|0|0|1|0|0|0|all|0,66514540,Where Petunias Grow,Harry Potter - J. K. Rowling,Harry Potter - J. K. Rowling,,same,0,0,1,0,0,0,all,0,550,1089,70,13,9,4870,2,Teen And Up Audiences,"Creator Chose Not To Use Archive Warnings, F/F, F/M, Gen, M/M, Multi",,English,,18 Aug 2026,6.42791551882461,1.1937557392102847,0.8264462809917356,12.857142857142856,143.73716632443532,26.694045174537987,18.480492813141684,True,False
2026-09-11T01:54:55+00:00,2026-09-11,cohort,90755731|same|0|0|1|0|0|0|all|0,90755731,Celestial Nights,Harry Potter - J. K. Rowling,Harry Potter - J. K. Rowling,,same,0,0,1,0,0,0,all,0,550,667,14,1,5,10035,1,Explicit,No Archive Warnings Apply,F/M,English,,17 Aug 2026,2.0989505247376314,0.14992503748125938,0.7496251874062968,35.714285714285715,13.951170901843547,0.996512207274539,4.9825610363726955,True,False
2026-09-11T01:54:55+00:00,2026-09-11,cohort,71830116|same|0|0|1|0|0|0|all|0,71830116,The Art of Trying Once More,Harry Potter - J. K. Rowling,Harry Potter - J. K. Rowling,,same,0,0,1,0,0,0,all,0,551,843,29,17,6,13577,4,Not Rated,Creator Chose Not To Use Archive Warnings,F/M,English,,18 Aug 2026,3.4400948991696323,2.0166073546856467,0.7117437722419928,20.689655172413794,21.359652353244456,12.521175517419165,4.419238417912646,True,False
2026-09-11T01:54:55+00:00,2026-09-11,cohort,77653001|same|0|0|1|0|0|0|all|0,77653001,Stardust,Harry Potter - J. K. Rowling,Harry Potter - J. K. Rowling,,same,0,0,1,0,0,0,all,0,551,1320,36,10,1,32322,17,Teen And Up Audiences,Graphic Depictions Of Violence,F/M,English,,18 Aug 2026,2.727272727272727,0.7575757575757576,0.07575757575757576,2.7777777777777777,11.137924633376649,3.0938679537157356,0.30938679537157354,True,False
2026-09-11T01:54:55+00:00,2026-09-11,cohort,90756991|same|0|0|1|0|0|0|all|0,90756991,You: Draco Malfoy x Reader,Harry Potter - J. K. Rowling,Harry Potter - J. K. Rowling,,same,0,0,1,0,0,0,all,0,551,61,3,0,0,6661,1,Mature,Creator Chose Not To Use Archive Warnings,F/M,English,,18 Aug 2026,4.918032786885246,0.0,0.0,0.0,4.503828254015914,0.0,0.0,True,False
2026-09-11T01:54:55+00:00,2026-09-11,cohort,75468721|same|0|0|1|0|0|0|all|0,75468721,Redencion,Harry Potter - J. K. Rowling,Harry Potter - J. K. Rowling,,same,0,0,1,0,0,0,all,0,551,8872,428,54,125,32485,15,Explicit,"Graphic Depictions Of Violence, Rape/Non-Con, No category",,Español,,18 Aug 2026,4.824165915238954,0.6086564472497746,1.40892696122633,29.205607476635514,131.75311682314916,16.62305679544405,38.47929813760197,True,False
2026-09-11T01:54:55+00:00,2026-09-11,cohort,90756921|same|0|0|1|0|0|0|all|0,90756921,Costume shopping,Harry Potter - J. K. Rowling,Harry Potter - J. K. Rowling,,same,0,0,1,0,0,0,all,0,551,81,2,0,2,3340,1,General Audiences,No Archive Warnings Apply,F/M,English,,18 Aug 2026,2.4691358024691357,0.0,2.4691358024691357,100.0,5.9880239520958085,0.0,5.9880239520958085,True,False
2026-09-11T01:54:55+00:00,2026-09-11,cohort,53003152|same|0|0|1|0|0|0|all|0,53003152,The King and His Queen,Harry Potter - J. K. Rowling,Harry Potter - J. K. Rowling,,same,0,0,1,0,0,0,all,0,551,34123,1002,261,79,8399,11,Not Rated,Creator Chose Not To Use Archive Warnings,M/M,English,,18 Aug 2026,2.9364358350672566,0.7648799929666207,0.23151540016997335,7.884231536926148,1192.9991665674484,310.75127991427553,94.05881652577688,True,False
2026-09-11T01:54:55+00:00,2026-09-11,cohort,90756631|same|0|0|1|0|0|0|all|0,90756631,Scars: Harry Potter x Reader,Harry Potter - J. K. Rowling,Harry Potter - J. K. Rowling,,same,0,0,1,0,0,0,all,0,551,74,2,0,0,5700,1,Mature,Creator Chose Not To Use Archive Warnings,F/M,English,,18 Aug 2026,2.7027027027027026,0.0,0.0,0.0,3.508771929824561,0.0,0.0,True,False
2026-09-11T01:54:55+00:00,2026-09-11,cohort,90755806|same|0|0|1|0|0|0|all|0,90755806,The Other Potter: Fred Weasley x Reader,Harry Potter - J. K. Rowling,Harry Potter - J. K. Rowling,,same,0,0,1,0,0,0,all,0,551,78,11,0,2,3329,1,Mature,Creator Chose Not To Use Archive Warnings,F/M,English,,18 Aug 2026,14.102564102564102,0.0,2.564102564102564,18.181818181818183,33.042955842595376,0.0,6.007810153199159,True,False
2026-09-11T01:54:55+00:00,2026-09-11,cohort,90755571|same|0|0|1|0|0|0|all|0,90755571,Biscoitos de Canela,Harry Potter - J. K. Rowling,Harry Potter - J. K. Rowling,,same,0,0,1,0,0,0,all,0,551,110,11,2,2,1454,2,Explicit,"Graphic Depictions Of Violence, F/F, F/M, M/M",,Português brasileiro,,18 Aug 2026,10.0,1.8181818181818181,1.8181818181818181,18.181818181818183,75.65337001375516,13.75515818431912,13.75515818431912,True,False
2026-09-11T01:54:55+00:00,2026-09-11,cohort,90755581|same|0|0|1|0|0|0|all|0,90755581,dead language,Harry Potter - J. K. Rowling,Harry Potter - J. K. Rowling,,same,0,0,1,0,0,0,all,0,551,92,10,0,3,79,1,General Audiences,No Archive Warnings Apply,M/M,English,,18 Aug 2026,10.869565217391305,0.0,3.260869565217391,30.0,1265.8227848101267,0.0,379.746835443038,True,False
2026-09-11T01:54:55+00:00,2026-09-11,cohort,90417161|same|0|0|1|0|0|0|all|0,90417161,How to Fall Out of Love with Your Best Friend,Harry Potter - J. K. Rowling,Harry Potter - J. K. Rowling,,same,0,0,1,0,0,0,all,0,551,59,5,0,4,1634,2,Not Rated,No Archive Warnings Apply,F/F,English,,18 Aug 2026,8.47457627118644,0.0,6.779661016949152,80.0,30.599755201958384,0.0,24.479804161566705,True,False
2026-09-11T01:54:55+00:00,2026-09-11,cohort,57220861|same|0|0|1|0|0|0|all|0,57220861,Rose Blood,Harry Potter - J. K. Rowling,Harry Potter - J. K. Rowling,,same,0,0,1,0,0,0,all,0,551,6655,239,34,86,136951,32,Teen And Up Audiences,No Archive Warnings Apply,F/M,English,,18 Aug 2026,3.5912847483095414,0.5108940646130729,1.2922614575507136,35.98326359832636,17.45149725084154,2.4826397762703447,6.27961825762499,True,False
2026-09-11T01:54:55+00:00,2026-09-11,cohort,90754816|same|0|0|1|0|0|0|all|0,90754816,Twenty-seven Dress Robes,Harry Potter - J. K. Rowling,Harry Potter - J. K. Rowling,,same,0,0,1,0,0,0,all,0,551,194,17,2,4,1081,1,Not Rated,No Archive Warnings Apply,F/M,English,,18 Aug 2026,8.762886597938143,1.0309278350515463,2.0618556701030926,23.52941176470588,157.2617946345976,18.501387604070306,37.00277520814061,True,False
2026-09-11T01:54:55+00:00,2026-09-11,cohort,84936991|same|0|0|1|0|0|0|all|0,84936991,Metanoia (+18),Harry Potter - J. K. Rowling,Harry Potter - J. K. Rowling,,same,0,0,1,0,0,0,all,0,551,85,1,1,0,57792,29,Explicit,Creator Chose Not To Use Archive Warnings,F/M,Español,,18 Aug 2026,1.1764705882352942,1.1764705882352942,0.0,0.0,0.17303433001107418,0.17303433001107418,0.0,True,False
2026-09-11T01:54:55+00:00,2026-09-11,cohort,90425141|same|0|0|1|0|0|0|all|0,90425141,Sentient Houses are a Traumatized Man's Best Friend,Harry Potter - J. K. Rowling,Harry Potter - J. K. Rowling,,same,0,0,1,0,0,0,all,0,551,1039,88,17,14,9949,6,Mature,Rape/Non-Con,M/M,English,,18 Aug 2026,8.46968238691049,1.6361886429258903,1.3474494706448508,15.909090909090908,88.45110061312694,17.087144436626797,14.071766006633831,True,False
2026-09-11T01:54:55+00:00,2026-09-11,cohort,90754131|same|0|0|1|0|0|0|all|0,90754131,Slithering Situation,Harry Potter - J. K. Rowling,Harry Potter - J. K. Rowling,,same,0,0,1,0,0,0,all,0,551,2763,171,21,10,2525,1,Mature,Rape/Non-Con,M/M,English,,18 Aug 2026,6.188925081433225,0.760043431053203,0.3619254433586681,5.847953216374268,677.2277227722773,83.16831683168317,39.603960396039604,True,False
2026-09-11T01:54:55+00:00,2026-09-11,cohort,90750051|same|0|0|1|0|0|0|all|0,90750051,A Soul Divided,Harry Potter - J. K. Rowling,Harry Potter - J. K. Rowling,,same,0,0,1,0,0,0,all,0,552,246,5,2,2,50446,13,General Audiences,Creator Chose Not To Use Archive Warnings,F/M,English,,18 Aug 2026,2.0325203252032518,0.8130081300813009,0.8130081300813009,40.0,0.9911588629425525,0.396463545177021,0.396463545177021,True,False
2026-09-11T01:54:55+00:00,2026-09-11,cohort,90753036|same|0|0|1|0|0|0|all|0,90753036,An Inspirational Speech,Harry Potter - J. K. Rowling,Harry Potter - J. K. Rowling,,same,0,0,1,0,0,0,all,0,552,135,7,2,2,559,1,Teen And Up Audiences,No Archive Warnings Apply,F/M,English,,18 Aug 2026,5.185185185185185,1.4814814814814816,1.4814814814814816,28.57142857142857,125.22361359570662,35.77817531305904,35.77817531305904,True,False
2026-09-11T01:54:55+00:00,2026-09-11,cohort,84548261|same|0|0|1|0|0|0|all|0,84548261,The New Generations Law,Harry Potter - J. K. Rowling,Harry Potter - J. K. Rowling,,same,0,0,1,0,0,0,all,0,552,1809,57,15,36,47725,11,Teen And Up Audiences,"Graphic Depictions Of Violence, Rape/Non-Con, F/M, Multi, F/F",,English,,18 Aug 2026,3.150912106135987,0.8291873963515755,1.9900497512437811,63.1578947368421,11.943425877422735,3.143006809848088,7.543216343635412,True,False
2026-09-11T01:54:55+00:00,2026-09-11,cohort,83443836|same|0|0|1|0|0|0|all|0,83443836,My Omi,Harry Potter - J. K. Rowling,Hogwarts Legacy (Video Game),,same,0,0,1,0,0,0,all,0,552,4824,122,16,26,33912,8,Explicit,No Archive Warnings Apply,F/M,English,,18 Aug 2026,2.529021558872305,0.33167495854063017,0.538971807628524,21.311475409836063,35.97546591177164,4.718093890068412,7.666902571361169,True,False
2026-09-11T01:54:55+00:00,2026-09-11,cohort,90752756|same|0|0|1|0|0|0|all|0,90752756,Elysium,Harry Potter - J. K. Rowling,Harry Potter - J. K. Rowling,,same,0,0,1,0,0,0,all,0,552,54,6,1,2,2764,1,Mature,Major Character Death,M/M,English,,18 Aug 2026,11.11111111111111,1.8518518518518516,3.7037037037037033,33.33333333333333,21.70767004341534,3.61794500723589,7.23589001447178,True,False
2026-09-11T01:54:55+00:00,2026-09-11,cohort,72671941|same|0|0|1|0|0|0|all|0,72671941,In Which Mr Potter Learns Restraint,Harry Potter - J. K. Rowling,Harry Potter - J. K. Rowling,,same,0,0,1,0,0,0,all,0,552,1340,61,7,14,10156,4,Explicit,Creator Chose Not To Use Archive Warnings,M/M,English,,18 Aug 2026,4.552238805970149,0.5223880597014926,1.0447761194029852,22.950819672131146,60.06301693580149,6.8924773532886965,13.784954706577393,True,False
2026-09-11T01:54:55+00:00,2026-09-11,cohort,77087861|same|0|0|1|0|0|0|all|0,77087861,[Drarry] 【德哈】囚鸟之歌 Song of the Caged Bird,Harry Potter - J. K. Rowling,Harry Potter - J. K. Rowling,,same,0,0,1,0,0,0,all,0,552,901,23,7,3,275712,23,Mature,Creator Chose Not To Use Archive Warnings,M/M,中文-普通话 國語,,18 Aug 2026,2.5527192008879025,0.776914539400666,0.3329633740288568,13.043478260869565,0.8342038068709379,0.2538881151346332,0.1088091922005571,True,False
2026-09-11T01:54:55+00:00,2026-09-11,cohort,83291486|same|0|0|1|0|0|0|all|0,83291486,Do you really?,Harry Potter - J. K. Rowling,Harry Potter - J. K. Rowling,,same,0,0,1,0,0,0,all,0,552,243,14,4,5,23808,3,Teen And Up Audiences,"Creator Chose Not To Use Archive Warnings, Graphic Depictions Of Violence",M/M,English,,18 Aug 2026,5.761316872427984,1.646090534979424,2.05761316872428,35.714285714285715,5.880376344086022,1.6801075268817205,2.1001344086021505,True,False
2026-09-11T01:54:55+00:00,2026-09-11,cohort,90747951|same|0|0|1|0|0|0|all|0,90747951,somewhere only we know,Harry Potter - J. K. Rowling,Harry Potter - J. K. Rowling,,same,0,0,1,0,0,0,all,0,552,259,32,2,16,4896,1,Mature,Creator Chose Not To Use Archive Warnings,F/M,English,,18 Aug 2026,12.355212355212355,0.7722007722007722,6.177606177606178,50.0,65.359477124183,4.084967320261438,32.6797385620915,True,False
2026-09-11T01:54:55+00:00,2026-09-11,cohort,90750666|same|0|0|1|0|0|0|all|0,90750666,"letting down your hair, magic’s in the air",Harry Potter - J. K. Rowling,Harry Potter - J. K. Rowling,,same,0,0,1,0,0,0,all,0,552,494,49,9,10,3981,1,Teen And Up Audiences,No Archive Warnings Apply,F/F,English,,18 Aug 2026,9.919028340080972,1.8218623481781375,2.0242914979757085,20.408163265306122,123.08465209746295,22.607385079125848,25.119316754584275,True,False
2026-09-11T01:54:55+00:00,2026-09-11,cohort,84759141|same|0|0|1|0|0|0|all|0,84759141,Mousetrap,Harry Potter - J. K. Rowling,Harry Potter - J. K. Rowling,,same,0,0,1,0,0,0,all,0,552,600,18,6,6,19968,8,Mature,Rape/Non-Con,F/M,English,,18 Aug 2026,3.0,1.0,1.0,33.33333333333333,9.014423076923077,3.0048076923076925,3.0048076923076925,True,False
2026-09-11T01:54:55+00:00,2026-09-11,cohort,84496446|same|0|0|1|0|0|0|all|0,84496446,Mending What Remains,Harry Potter - J. K. Rowling,Harry Potter - J. K. Rowling,,same,0,0,1,0,0,0,all,0,552,23336,713,111,198,251629,23,Not Rated,Graphic Depictions Of Violence,F/F,English,,17 Aug 2026,3.0553651011312994,0.475659924580048,0.8484744600617072,27.769985974754558,28.335366750255336,4.411256254247324,7.868727372441173,True,False
2026-09-11T01:54:55+00:00,2026-09-11,cohort,90690261|same|0|0|1|0|0|0|all|0,90690261,The Second Life of Regulus Black,Harry Potter - J. K. Rowling,Harry Potter - J. K. Rowling,,same,0,0,1,0,0,0,all,0,552,331,24,7,2,26003,4,Teen And Up Audiences,Creator Chose Not To Use Archive Warnings,M/M,English,,18 Aug 2026,7.250755287009064,2.1148036253776437,0.6042296072507553,8.333333333333332,9.229704264892511,2.691997077260316,0.7691420220743761,True,False
2026-09-11T01:54:55+00:00,2026-09-11,cohort,54923287|same|0|0|1|0|0|0|all|0,54923287,Me gustaría,Harry Potter - J. K. Rowling,Harry Potter - J. K. Rowling,,same,0,0,1,0,0,0,all,0,552,3129,123,4,5,389670,42,Explicit,No Archive Warnings Apply,M/M,Español,,18 Aug 2026,3.9309683604985617,0.1278363694471077,0.15979546180888463,4.0650406504065035,3.1565170528909077,0.10265096106962301,0.12831370133702877,True,False
2026-09-11T01:54:55+00:00,2026-09-11,cohort,59829514|same|0|0|1|0|0|0|all|0,59829514,𝐓𝐡𝐞 𝐖𝐨𝐦𝐚𝐧 𝐈𝐧 𝐓𝐡𝐞 𝐌𝐢𝐫𝐫𝐨𝐫,Harry Potter - J. K. Rowling,Harry Potter - J. K. Rowling,,same,0,0,1,0,0,0,all,0,552,3351,48,27,123,183729,25,Mature,Graphic Depictions Of Violence,F/M,English,,18 Aug 2026,1.432408236347359,0.8057296329453895,3.670546105640107,256.25,2.612543474356253,1.4695557043253922,6.694642653037898,True,False
2026-09-11T01:54:55+00:00,2026-09-11,cohort,90747391|same|0|0|1|0|0|0|all|0,90747391,Truth or Truth,Harry Potter - J. K. Rowling,Harry Potter - J. K. Rowling,,same,0,0,1,0,0,0,all,0,552,124,11,0,0,2401,1,Not Rated,Creator Chose Not To Use Archive Warnings,F/M,English,,18 Aug 2026,8.870967741935484,0.0,0.0,0.0,45.81424406497293,0.0,0.0,True,False
2026-09-11T01:54:55+00:00,2026-09-11,cohort,90747021|same|0|0|1|0|0|0|all|0,90747021,Tension and Release,Harry Potter - J. K. Rowling,Harry Potter - J. K. Rowling,,same,0,0,1,0,0,0,all,0,553,71,10,1,3,2376,1,Explicit,No Archive Warnings Apply,F/M,English,,17 Aug 2026,14.084507042253522,1.4084507042253522,4.225352112676056,30.0,42.08754208754209,4.2087542087542085,12.626262626262628,True,False
2026-09-11T01:54:55+00:00,2026-09-11,cohort,90746566|same|0|0|1|0|0|0|all|0,90746566,My Brother's Girlfriend,Harry Potter - J. K. Rowling,Harry Potter - J. K. Rowling,,same,0,0,1,0,0,0,all,0,553,67,6,0,2,200,1,Teen And Up Audiences,"No Archive Warnings Apply, F/F, F/M",,English,,17 Aug 2026,8.955223880597014,0.0,2.9850746268656714,33.33333333333333,300.0,0.0,100.0,True,False
2026-09-11T01:54:55+00:00,2026-09-11,cohort,90746481|same|0|0|1|0|0|0|all|0,90746481,Are we not desperate for each other?,Harry Potter - J. K. Rowling,Harry Potter - J. K. Rowling,,same,0,0,1,0,0,0,all,0,553,386,39,2,2,13376,1,General Audiences,"No Archive Warnings Apply, F/F, F/M, Gen, M/M",,English,,18 Aug 2026,10.103626943005182,0.5181347150259068,0.5181347150259068,5.128205128205128,29.156698564593302,1.4952153110047846,1.4952153110047846,True,False
2026-09-11T01:54:55+00:00,2026-09-11,cohort,61876159|same|0|0|1|0|0|0|all|0,61876159,[podfic] Grin,Harry Potter - J. K. Rowling,Harry Potter - J. K. Rowling,,same,0,0,1,0,0,0,all,0,553,255,2,0,4,0,8,Not Rated,Graphic Depictions Of Violence,M/M,English,,18 Aug 2026,0.7843137254901961,0.0,1.5686274509803921,200.0,0.0,0.0,0.0,False,False
2026-09-11T01:54:55+00:00,2026-09-11,cohort,89885371|same|0|0|1|0|0|0|all|0,89885371,we can be heroes (just for one day),Harry Potter - J. K. Rowling,Harry Potter - J. K. Rowling,,same,0,0,1,0,0,0,all,0,553,945,32,8,11,98592,15,Teen And Up Audiences,No Archive Warnings Apply,F/M,English,,18 Aug 2026,3.3862433862433865,0.8465608465608466,1.164021164021164,34.375,3.2456994482310937,0.8114248620577734,1.1157091853294385,True,False
2026-09-11T01:54:55+00:00,2026-09-11,cohort,90745621|same|0|0|1|0|0|0|all|0,90745621,love is for idioms!,Harry Potter - J. K. Rowling,Harry Potter - J. K. Rowling,,same,0,0,1,0,0,0,all,0,553,988,100,24,17,6059,1,General Audiences,No Archive Warnings Apply,F/M,English,,18 Aug 2026,10.121457489878543,2.42914979757085,1.7206477732793521,17.0,165.0437365901964,39.61049678164714,28.05743522033339,True,False
2026-09-11T01:54:55+00:00,2026-09-11,cohort,81785496|same|0|0|1|0|0|0|all|0,81785496,Goggles and Ghostwater,Harry Potter - J. K. Rowling,Harry Potter - J. K. Rowling,,same,0,0,1,0,0,0,all,0,553,581,16,0,10,35268,12,General Audiences,Creator Chose Not To Use Archive Warnings,F/M,English,,18 Aug 2026,2.753872633390706,0.0,1.7211703958691909,62.5,4.536690484291709,0.0,2.8354315526823184,True,False
2026-09-11T01:54:55+00:00,2026-09-11,cohort,90744941|same|0|0|1|0|0|0|all|0,90744941,take it off my mind,Harry Potter - J. K. Rowling,Harry Potter - J. K. Rowling,,same,0,0,1,0,0,0,all,0,553,376,44,3,18,2651,1,Mature,Creator Chose Not To Use Archive Warnings,F/M,English,,18 Aug 2026,11.702127659574469,0.7978723404255319,4.787234042553192,40.909090909090914,165.97510373443984,11.31648434552999,67.89890607317993,True,False
2026-09-11T01:54:55+00:00,2026-09-11,cohort,90744511|same|0|0|1|0|0|0|all|0,90744511,Harry Potter and The secrets of the mermaids,Harry Potter - J. K. Rowling,Harry Potter - J. K. Rowling,,same,0,0,1,0,0,0,all,0,553,72,13,2,8,2090,1,Mature,No Archive Warnings Apply,F/M,English,,18 Aug 2026,18.055555555555554,2.7777777777777777,11.11111111111111,61.53846153846154,62.20095693779904,9.569377990430622,38.27751196172249,True,False
2026-09-11T01:54:55+00:00,2026-09-11,cohort,90743866|same|0|0|1|0|0|0|all|0,90743866,Helping Hands,Harry Potter - J. K. Rowling,Harry Potter - J. K. Rowling,,same,0,0,1,0,0,0,all,0,553,209,12,1,3,680,1,General Audiences,No Archive Warnings Apply,M/M,English,,17 Aug 2026,5.741626794258373,0.4784688995215311,1.4354066985645932,25.0,176.47058823529412,14.705882352941176,44.11764705882353,True,False
2026-09-11T01:54:55+00:00,2026-09-11,cohort,90743456|same|0|0|1|0|0|0|all|0,90743456,Harry Potter y los secretos de las sirenas,Harry Potter - J. K. Rowling,Harry Potter - J. K. Rowling,,same,0,0,1,0,0,0,all,0,553,88,14,1,13,2146,1,Mature,No Archive Warnings Apply,F/M,Español,,17 Aug 2026,15.909090909090908,1.1363636363636365,14.772727272727273,92.85714285714286,65.23765144454799,4.659832246039143,60.577819198508855,True,False
2026-09-11T01:54:55+00:00,2026-09-11,cohort,63347068|same|0|0|1|0|0|0|all|0,63347068,Flooded Corridors,Harry Potter - J. K. Rowling,Harry Potter - J. K. Rowling,,same,0,0,1,0,0,0,all,0,553,6768,204,60,62,44692,10,Explicit,Graphic Depictions Of Violence,M/M,English,,17 Aug 2026,3.0141843971631204,0.8865248226950355,0.9160756501182032,30.392156862745097,45.64575315492705,13.425221516155016,13.87272890002685,True,False
2026-09-11T01:54:55+00:00,2026-09-11,cohort,87909491|same|0|0|1|0|0|0|all|0,87909491,La Niña que Vivió,Harry Potter - J. K. Rowling,Harry Potter - J. K. Rowling,,same,0,0,1,0,0,0,all,0,553,461,11,2,10,133424,12,Teen And Up Audiences,"Graphic Depictions Of Violence, F/F, F/M, Multi",,Español,,18 Aug 2026,2.386117136659436,0.43383947939262474,2.1691973969631237,90.9090909090909,0.82443938122077,0.14989806931286725,0.7494903465643362,True,False
2026-09-11T01:54:55+00:00,2026-09-11,cohort,45973396|same|0|0|1|0|0|0|all|0,45973396,Shameless,Harry Potter - J. K. Rowling,Harry Potter - J. K. Rowling,,same,0,0,1,0,0,0,all,0,553,1815,84,3,16,10420,9,Explicit,Rape/Non-Con,M/M,English,,18 Aug 2026,4.628099173553719,0.1652892561983471,0.8815426997245178,19.047619047619047,80.61420345489444,2.8790786948176583,15.355086372360844,True,False
2026-09-11T01:54:55+00:00,2026-09-11,cohort,90311541|same|0|0|1|0|0|0|all|0,90311541,unfathomable,Harry Potter - J. K. Rowling,Harry Potter - J. K. Rowling,,same,0,0,1,0,0,0,all,0,553,1177,64,6,16,10056,2,Explicit,Creator Chose Not To Use Archive Warnings,F/M,English,,17 Aug 2026,5.437553101104503,0.5097706032285472,1.3593882752761257,25.0,63.64359586316627,5.966587112171838,15.910898965791567,True,False
2026-09-11T01:54:55+00:00,2026-09-11,cohort,82030066|same|0|0|1|0|0|0|all|0,82030066,Flectere Non Frangere: The Art of Taming,Harry Potter - J. K. Rowling,Harry Potter - J. K. Rowling,,same,0,0,1,0,0,0,all,0,554,4279,153,35,22,13896,7,Explicit,Rape/Non-Con,M/M,English,,17 Aug 2026,3.575601776115915,0.817948118719327,0.5141388174807198,14.37908496732026,110.10362694300517,25.187104202648243,15.83189407023604,True,False
2026-09-11T01:54:55+00:00,2026-09-11,cohort,90740631|same|0|0|1|0|0|0|all|0,90740631,This I Promis You,Harry Potter - J. K. Rowling,Harry Potter - J. K. Rowling,,same,0,0,1,0,0,0,all,0,554,142,7,1,7,37328,12,Mature,Creator Chose Not To Use Archive Warnings,F/M,English,,17 Aug 2026,4.929577464788732,0.7042253521126761,4.929577464788732,100.0,1.8752678954136304,0.26789541363051866,1.8752678954136304,True,False
2026-09-11T01:54:55+00:00,2026-09-11,cohort,29478519|same|0|0|1|0|0|0|all|0,29478519,Weasley Magic,Harry Potter - J. K. Rowling,Harry Potter - J. K. Rowling,,same,0,0,1,0,0,0,all,0,554,299163,3819,1064,3459,531682,64,Explicit,"Major Character Death, Multi, F/F, F/M, M/M",,English,,17 Aug 2026,1.2765616068832042,0.35565895515153945,1.156225870177796,90.57344854673998,71.82864945587777,20.01196203745848,65.05768485673767,True,False
2026-09-11T01:54:55+00:00,2026-09-11,cohort,82907261|same|0|0|1|0|0|0|all|0,82907261,Human Nature,Harry Potter - J. K. Rowling,Harry Potter - J. K. Rowling,,same,0,0,1,0,0,0,all,0,554,9332,353,96,159,66478,12,Explicit,Graphic Depictions Of Violence,M/M,English,,17 Aug 2026,3.782683240462923,1.0287183883411917,1.7038148306900986,45.04249291784703,53.10027377478263,14.440867655464967,23.91768705436385,True,False
2026-09-11T01:54:55+00:00,2026-09-11,cohort,90022651|same|0|0|1|0|0|0|all|0,90022651,Do With Me What You Will,Harry Potter - J. K. Rowling,Harry Potter - J. K. Rowling,,same,0,0,1,0,0,0,all,0,554,1509,50,14,19,14590,3,Mature,Creator Chose Not To Use Archive Warnings,M/M,English,,17 Aug 2026,3.313452617627568,0.9277667329357191,1.2591119946984757,38.0,34.27004797806717,9.595613433858807,13.022618231665524,True,False
2026-09-11T01:54:55+00:00,2026-09-11,cohort,87682601|same|0|0|1|0|0|0|all|0,87682601,Artemis Yaxley and the Rebel Wand,Harry Potter - J. K. Rowling,Harry Potter - J. K. Rowling,,same,0,0,1,0,0,0,all,0,554,141,3,0,0,21538,8,Teen And Up Audiences,"No Archive Warnings Apply, Gen, F/M",,English,,17 Aug 2026,2.127659574468085,0.0,0.0,0.0,1.3928869904355095,0.0,0.0,True,False
2026-09-11T01:54:55+00:00,2026-09-11,cohort,47581594|same|0|0|1|0|0|0|all|0,47581594,Midnight Canteen - Fred Weasley,Harry Potter - J. K. Rowling,Harry Potter - J. K. Rowling,,same,0,0,1,0,0,0,all,0,554,8986,212,34,35,46264,27,Not Rated,Creator Chose Not To Use Archive Warnings,F/M,English,,17 Aug 2026,2.3592254618295128,0.37836634765190297,0.3894947696416648,16.50943396226415,45.823966799239145,7.349126750821373,7.565277537610236,True,False
2026-09-11T01:54:55+00:00,2026-09-11,cohort,90644461|same|0|0|1|0|0|0|all|0,90644461,Shut your dirty mouth,Harry Potter - J. K. Rowling,Harry Potter - J. K. Rowling,,same,0,0,1,0,0,0,all,0,554,460,29,3,4,7259,1,Explicit,"Major Character Death, Rape/Non-Con",M/M,English,,17 Aug 2026,6.304347826086956,0.6521739130434783,0.8695652173913043,13.793103448275861,39.95040639206502,4.132800661248106,5.5104008816641405,True,False
2026-09-11T01:54:55+00:00,2026-09-11,cohort,90718671|same|0|0|1|0|0|0|all|0,90718671,Writing Inventory - Remus Lupin's Writing Two Class Assignment Drives Sirius to Madness,Harry Potter - J. K. Rowling,Harry Potter - J. K. Rowling,,same,0,0,1,0,0,0,all,0,554,55,1,1,0,2583,1,General Audiences,No Archive Warnings Apply,M/M,English,,17 Aug 2026,1.8181818181818181,1.8181818181818181,0.0,0.0,3.8714672861014323,3.8714672861014323,0.0,True,False
2026-09-11T01:54:55+00:00,2026-09-11,cohort,81798021|same|0|0|1|0|0|0|all|0,81798021,Clinging Curse,Harry Potter - J. K. Rowling,Harry Potter - J. K. Rowling,,same,0,0,1,0,0,0,all,0,554,5307,348,47,26,7125,2,Explicit,Creator Chose Not To Use Archive Warnings,M/M,English,,17 Aug 2026,6.557377049180328,0.8856227623892972,0.48991897493876013,7.471264367816093,488.42105263157896,65.96491228070175,36.49122807017544,True,False
2026-09-11T01:54:55+00:00,2026-09-11,cohort,90586956|same|0|0|1|0|0|0|all|0,90586956,Harry Potter's Years at Hogwarts,Harry Potter - J. K. Rowling,Harry Potter - J. K. Rowling,,same,0,0,1,0,0,0,all,0,554,156,10,2,1,10512,1,Teen And Up Audiences,"No Archive Warnings Apply, No category",,English,,17 Aug 2026,6.41025641025641,1.282051282051282,0.641025641025641,10.0,9.512937595129376,1.9025875190258752,0.9512937595129376,True,False
2026-09-11T01:54:55+00:00,2026-09-11,cohort,90709426|same|0|0|1|0|0|0|all|0,90709426,Moonlight and Cedar - Rewrite,Harry Potter - J. K. Rowling,Harry Potter - J. K. Rowling,,same,0,0,1,0,0,0,all,0,554,582,11,5,0,42623,23,Explicit,Creator Chose Not To Use Archive Warnings,M/M,English,,17 Aug 2026,1.8900343642611683,0.859106529209622,0.0,0.0,2.580766252962016,1.173075569528189,0.0,True,False
2026-09-11T01:54:55+00:00,2026-09-11,cohort,66735091|same|0|0|1|0|0|0|all|0,66735091,Anima Vinculum,Harry Potter - J. K. Rowling,Harry Potter - J. K. Rowling,,same,0,0,1,0,0,0,all,0,555,17830,569,182,195,126645,26,Not Rated,Graphic Depictions Of Violence,F/M,English,,17 Aug 2026,3.19125070106562,1.0207515423443634,1.0936623667975323,34.27065026362039,44.928737810414944,14.370879229341861,15.397370602866278,True,False
2026-09-11T01:54:55+00:00,2026-09-11,cohort,90738161|same|0|0|1|0|0|0|all|0,90738161,pocket-treats,Harry Potter - J. K. Rowling,Harry Potter - J. K. Rowling,,same,0,0,1,0,0,0,all,0,555,2081,306,44,24,8994,1,Teen And Up Audiences,No Archive Warnings Apply,M/M,English,,17 Aug 2026,14.704469005285919,2.114368092263335,1.1532916866890917,7.8431372549019605,340.2268178785857,48.921503224371804,26.6844563042028,True,False
2026-09-11T01:54:55+00:00,2026-09-11,cohort,90737931|same|0|0|1|0|0|0|all|0,90737931,Poisoned,Harry Potter - J. K. Rowling,Harry Potter - J. K. Rowling,,same,0,0,1,0,0,0,all,0,555,310,10,0,0,2760,1,Explicit,Creator Chose Not To Use Archive Warnings,F/F,English,,17 Aug 2026,3.225806451612903,0.0,0.0,0.0,36.231884057971016,0.0,0.0,True,False
2026-09-11T01:54:55+00:00,2026-09-11,cohort,90736826|same|0|0|1|0|0|0|all|0,90736826,"Villain & Violent, Infant & Innocent",Harry Potter - J. K. Rowling,Harry Potter - J. K. Rowling,,same,0,0,1,0,0,0,all,0,555,58,3,2,0,1707,2,Mature,"Graphic Depictions Of Violence, Major Character Death, Rape/Non-Con, F/F, F/M, M/M",,English,,17 Aug 2026,5.172413793103448,3.4482758620689653,0.0,0.0,17.57469244288225,11.716461628588167,0.0,True,False
2026-09-11T01:54:55+00:00,2026-09-11,cohort,75615926|same|0|0|1|0|0|0|all|0,75615926,A Tin Marriage,Harry Potter - J. K. Rowling,Harry Potter - J. K. Rowling,,same,0,0,1,0,0,0,all,0,555,7625,255,97,113,41972,10,Mature,No Archive Warnings Apply,F/M,English,,17 Aug 2026,3.344262295081967,1.2721311475409836,1.481967213114754,44.31372549019608,60.754788906890305,23.110645192032784,26.92271037834747,True,False
2026-09-11T01:54:55+00:00,2026-09-11,cohort,63988594|same|0|0|1|0|0|0|all|0,63988594,The Lines Between Us,Harry Potter - J. K. Rowling,Harry Potter - J. K. Rowling,,same,0,0,1,0,0,0,all,0,555,7375,281,36,112,280508,35,Teen And Up Audiences,No Archive Warnings Apply,F/M,English,,17 Aug 2026,3.810169491525424,0.48813559322033895,1.5186440677966102,39.8576512455516,10.017539606713534,1.283385857087855,3.9927559998288817,True,False
2026-09-11T01:54:55+00:00,2026-09-11,cohort,90737541|same|0|0|1|0|0|0|all|0,90737541,I can feel your pain,Harry Potter - J. K. Rowling,Harry Potter - J. K. Rowling,,same,0,0,1,0,0,0,all,0,555,370,28,2,0,3165,1,Not Rated,Creator Chose Not To Use Archive Warnings,M/M,English,,17 Aug 2026,7.567567567567568,0.5405405405405406,0.0,0.0,88.46761453396525,6.31911532385466,0.0,True,False
2026-09-11T01:54:55+00:00,2026-09-11,cohort,65243632|same|0|0|1|0|0|0|all|0,65243632,Touched by Death,Harry Potter - J. K. Rowling,Harry Potter - J. K. Rowling,,same,0,0,1,0,0,0,all,0,555,10468,237,95,30,115804,32,Not Rated,"No Archive Warnings Apply, F/F, F/M, M/M",,English,,17 Aug 2026,2.2640427970959114,0.9075277034772641,0.2865876958349255,12.658227848101266,20.46561431384063,8.203516286138647,2.590584090359573,True,False
2026-09-11T01:54:55+00:00,2026-09-11,cohort,80574991|same|0|0|1|0|0|0|all|0,80574991,The Hidden Child,Harry Potter - J. K. Rowling,Harry Potter - J. K. Rowling,,same,0,0,1,0,0,0,all,0,555,7523,256,52,88,55264,13,General Audiences,"Creator Chose Not To Use Archive Warnings, F/M, Gen",,English,,17 Aug 2026,3.402897780140901,0.6912136115911205,1.1697461119234347,34.375,46.32310364794441,9.409380428488708,15.923566878980893,True,False
2026-09-11T01:54:55+00:00,2026-09-11,cohort,90737341|same|0|0|1|0|0|0|all|0,90737341,"Us, the Graveyard, and the Only Christmas Present I Could Offer",Harry Potter - J. K. Rowling,Harry Potter - J. K. Rowling,,same,0,0,1,0,0,0,all,0,555,738,56,5,10,2656,1,General Audiences,No Archive Warnings Apply,F/M,English,,17 Aug 2026,7.588075880758807,0.6775067750677507,1.3550135501355014,17.857142857142858,210.8433734939759,18.825301204819276,37.65060240963855,True,False
2026-09-11T01:54:55+00:00,2026-09-11,cohort,74463446|same|0|0|1|0|0|0|all|0,74463446,The Girl Who Lived Twice.,Harry Potter - J. K. Rowling,Harry Potter - J. K. Rowling,,same,0,0,1,0,0,0,all,0,555,21693,757,436,367,106325,31,Not Rated,"Creator Chose Not To Use Archive Warnings, F/M, M/M",,English,,17 Aug 2026,3.4896049416862587,2.0098649333886507,1.6917899783340247,48.48084544253633,71.19680225723019,41.006348459910654,34.516811662355984,True,False
2026-09-11T01:54:55+00:00,2026-09-11,cohort,90736541|same|0|0|1|0|0|0|all|0,90736541,Summer lovin',Harry Potter - J. K. Rowling,Harry Potter - J. K. Rowling,,same,0,0,1,0,0,0,all,0,555,71,5,2,2,1729,1,Teen And Up Audiences,"No Archive Warnings Apply, F/F, F/M, M/M",,English,,17 Aug 2026,7.042253521126761,2.8169014084507045,2.8169014084507045,40.0,28.91844997108155,11.56737998843262,11.56737998843262,True,False
2026-09-11T01:54:55+00:00,2026-09-11,cohort,86302021|same|0|0|1|0|0|0|all|0,86302021,My sweet darkness,Harry Potter - J. K. Rowling,Harry Potter - J. K. Rowling,,same,0,0,1,0,0,0,all,0,555,604,34,6,3,6572,9,Mature,Graphic Depictions Of Violence,M/M,English,,17 Aug 2026,5.629139072847682,0.9933774834437087,0.49668874172185434,8.823529411764707,51.73463177115033,9.129640900791236,4.564820450395618,True,False
2026-09-11T01:54:55+00:00,2026-09-11,cohort,53111710|same|0|0|1|0|0|0|all|0,53111710,Blood and Bones,Harry Potter - J. K. Rowling,Harry Potter - J. K. Rowling,,same,0,0,1,0,0,0,all,0,555,46155,1179,409,104,45649,15,Mature,"Creator Chose Not To Use Archive Warnings, Graphic Depictions Of Violence, Rape/Non-Con, F/F, F/M, Multi",,English,,17 Aug 2026,2.5544361390965227,0.8861445130538403,0.2253277001408298,8.821034775233247,258.2750991259392,89.59670529474906,22.782536309667243,True,False
2026-09-11T01:54:55+00:00,2026-09-11,cohort,90684491|same|0|0|1|0|0|0|all|0,90684491,Song of the Sea,Harry Potter - J. K. Rowling,Harry Potter - J. K. Rowling,,same,0,0,1,0,0,0,all,0,555,86,7,2,2,2223,2,Not Rated,Creator Chose Not To Use Archive Warnings,M/M,English,,17 Aug 2026,8.13953488372093,2.3255813953488373,2.3255813953488373,28.57142857142857,31.488978857399907,8.99685110211426,8.99685110211426,True,False
2026-09-11T01:54:55+00:00,2026-09-11,cohort,69297681|same|0|0|1|0|0|0|all|0,69297681,What Will Be?,Harry Potter - J. K. Rowling,Harry Potter - J. K. Rowling,,same,0,0,1,0,0,0,all,0,555,13367,319,79,54,30594,25,General Audiences,"Creator Chose Not To Use Archive Warnings, Graphic Depictions Of Violence, Major Character Death",Multi,English,,17 Aug 2026,2.3864741527642703,0.5910077055435027,0.4039799506246727,16.927899686520377,104.26881087794993,25.822056612407664,17.65051970974701,True,False
2026-09-11T01:54:55+00:00,2026-09-11,cohort,87264121|same|0|0|1|0|0|0|all|0,87264121,A Million Little Times,Harry Potter - J. K. Rowling,Harry Potter - J. K. Rowling,,same,0,0,1,0,0,0,all,0,556,909,17,12,10,32033,9,Mature,No Archive Warnings Apply,F/M,English,,17 Aug 2026,1.87018701870187,1.3201320132013201,1.1001100110011002,58.82352941176471,5.307027128273967,3.746136796428683,3.1217806636905694,True,False
2026-09-11T01:54:55+00:00,2026-09-11,cohort,90734801|same|0|0|1|0|0|0|all|0,90734801,checkmate,Harry Potter - J. K. Rowling,Harry Potter - J. K. Rowling,,same,0,0,1,0,0,0,all,0,556,88,3,0,0,1730,1,Not Rated,No Archive Warnings Apply,M/M,English,,17 Aug 2026,3.4090909090909087,0.0,0.0,0.0,17.341040462427745,0.0,0.0,True,False
2026-09-11T01:54:55+00:00,2026-09-11,cohort,87638691|same|0|0|1|0|0|0|all|0,87638691,Where The Shadows Can’t Follow,Harry Potter - J. K. Rowling,Harry Potter - J. K. Rowling,,same,0,0,1,0,0,0,all,0,556,160,8,2,3,4202,5,Not Rated,"No Archive Warnings Apply, M/M, Other",,English,,17 Aug 2026,5.0,1.25,1.875,37.5,19.03855306996668,4.75963826749167,7.139457401237506,True,False
2026-09-11T01:54:55+00:00,2026-09-11,cohort,57129877|same|0|0|1|0|0|0|all|0,57129877,Dragon's Heart,Harry Potter - J. K. Rowling,Harry Potter - J. K. Rowling,,same,0,0,1,0,0,0,all,0,556,42833,430,453,277,178556,46,Mature,Creator Chose Not To Use Archive Warnings,F/M,English,,17 Aug 2026,1.0038988630261714,1.0575957789554784,0.6466976396703477,64.4186046511628,24.08208069177177,25.37019198458747,15.513340352606466,True,False
2026-09-11T01:54:55+00:00,2026-09-11,cohort,55674598|same|0|0|1|0|0|0|all|0,55674598,The Quality of Mercy,Harry Potter - J. K. Rowling,Harry Potter - J. K. Rowling,,same,0,0,1,0,0,0,all,0,556,116047,2539,559,2718,371221,34,Explicit,Creator Chose Not To Use Archive Warnings,F/M,English,,17 Aug 2026,2.18790662404026,0.48170137961343246,2.342154471895008,107.05001969279245,68.39591510178573,15.058415337494376,73.21784058552723,True,False
2026-09-11T01:54:55+00:00,2026-09-11,cohort,90706041|same|0|0|1|0|0|0|all|0,90706041,remus lupin oneshots,Harry Potter - J. K. Rowling,Harry Potter - J. K. Rowling,,same,0,0,1,0,0,0,all,0,556,108,3,0,1,2993,4,General Audiences,"No Archive Warnings Apply, No category",,English,,17 Aug 2026,2.7777777777777777,0.0,0.9259259259259258,33.33333333333333,10.023387905111926,0.0,3.341129301703976,True,False
2026-09-11T01:54:55+00:00,2026-09-11,cohort,89052801|same|0|0|1|0|0|0|all|0,89052801,I do not want to follow fate.,Harry Potter - J. K. Rowling,Harry Potter - J. K. Rowling,,same,0,0,1,0,0,0,all,0,556,3302,73,9,2,63980,17,General Audiences,Creator Chose Not To Use Archive Warnings,Other,English,,17 Aug 2026,2.2107813446396123,0.27256208358570566,0.06056935190793458,2.73972602739726,11.409815567364802,1.4066895904970302,0.31259768677711786,True,False
2026-09-11T01:54:55+00:00,2026-09-11,cohort,90733606|same|0|0|1|0|0|0|all|0,90733606,Hecate's Ball,Harry Potter - J. K. Rowling,Harry Potter - J. K. Rowling,,same,0,0,1,0,0,0,all,0,556,5367,160,29,9,12470,1,Explicit,"No Archive Warnings Apply, F/M, M/M, Multi",,English,,17 Aug 2026,2.9811812930873858,0.5403391093720886,0.16769144773616546,5.625,128.30793905372894,23.25581395348837,7.217321571772254,True,False
2026-09-11T01:54:55+00:00,2026-09-11,cohort,90664421|same|0|0|1|0|0|0|all|0,90664421,[Podfic] The Cadence of Part-time Poets,Harry Potter - J. K. Rowling,Harry Potter - J. K. Rowling,,same,0,0,1,0,0,0,all,0,556,57,2,1,0,0,1,Mature,No Archive Warnings Apply,M/M,English,,17 Aug 2026,3.508771929824561,1.7543859649122806,0.0,0.0,0.0,0.0,0.0,False,False
2026-09-11T01:54:55+00:00,2026-09-11,cohort,89911491|same|0|0|1|0|0|0|all|0,89911491,Remus finding home,Harry Potter - J. K. Rowling,Harry Potter - J. K. Rowling,,same,0,0,1,0,0,0,all,0,556,999,72,9,6,13855,12,Teen And Up Audiences,"Creator Chose Not To Use Archive Warnings, M/M, F/M",,English,,17 Aug 2026,7.207207207207207,0.9009009009009009,0.6006006006006006,8.333333333333332,51.96679898953447,6.495849873691808,4.330566582461206,True,False
2026-09-11T01:54:55+00:00,2026-09-11,cohort,90731556|same|0|0|1|0|0|0|all|0,90731556,The Pink Slip,Harry Potter - J. K. Rowling,Harry Potter - J. K. Rowling,,same,0,0,1,0,0,0,all,0,556,68,7,1,2,1151,1,Teen And Up Audiences,"No Archive Warnings Apply, F/M, Gen",,English,,17 Aug 2026,10.294117647058822,1.4705882352941175,2.941176470588235,28.57142857142857,60.81668114682885,8.688097306689835,17.37619461337967,True,False
2026-09-11T01:54:55+00:00,2026-09-11,cohort,90273191|same|0|0|1|0|0|0|all|0,90273191,"Two Days, Two Weeks, Two Years",Harry Potter - J. K. Rowling,Harry Potter - J. K. Rowling,,same,0,0,1,0,0,0,all,0,556,70,7,1,3,7611,1,Explicit,Creator Chose Not To Use Archive Warnings,M/M,English,,17 Aug 2026,10.0,1.4285714285714286,4.285714285714286,42.857142857142854,9.197214557876757,1.3138877939823939,3.9416633819471816,True,False
2026-09-11T01:54:55+00:00,2026-09-11,cohort,89040456|same|0|0|1|0|0|0|all|0,89040456,The Misadventures of Gilderoy Lockhart,Harry Potter - J. K. Rowling,Harry Potter - J. K. Rowling,,same,0,0,1,0,0,0,all,0,556,77,2,0,7,10277,8,General Audiences,No Archive Warnings Apply,Gen,English,,17 Aug 2026,2.5974025974025974,0.0,9.090909090909092,350.0,1.9460932178651358,0.0,6.811326262527976,True,False
2026-09-11T01:54:55+00:00,2026-09-11,cohort,90732691|same|0|0|1|0|0|0|all|0,90732691,Oiled Up and Horny,Harry Potter - J. K. Rowling,Harry Potter - J. K. Rowling,,same,0,0,1,0,0,0,all,0,556,2028,69,9,0,3989,1,Explicit,Creator Chose Not To Use Archive Warnings,M/M,English,,17 Aug 2026,3.4023668639053253,0.4437869822485207,0.0,0.0,172.97568312860366,22.56204562547004,0.0,True,False
2026-09-11T01:54:55+00:00,2026-09-11,cohort,90732136|same|0|0|1|0|0|0|all|0,90732136,Pretty Please,Harry Potter - J. K. Rowling,Harry Potter - J. K. Rowling,,same,0,0,1,0,0,0,all,0,556,350,23,2,2,2547,1,Not Rated,"Creator Chose Not To Use Archive Warnings, Underage Sex",M/M,English,,17 Aug 2026,6.571428571428571,0.5714285714285714,0.5714285714285714,8.695652173913043,90.30231645072634,7.852375343541421,7.852375343541421,True,False
2026-09-11T01:54:55+00:00,2026-09-11,cohort,72355121|same|0|0|1|0|0|0|all|0,72355121,"Darling, I’m Raising a Hero (Sort Of)",Harry Potter - J. K. Rowling,Harry Potter - J. K. Rowling,,same,0,0,1,0,0,0,all,0,556,17479,518,186,443,169353,28,Not Rated,Creator Chose Not To Use Archive Warnings,F/M,English,,17 Aug 2026,2.9635562675210254,1.064134103781681,2.5344699353509923,85.52123552123551,30.586998754081712,10.982976386600768,26.158379243355594,True,False
2026-09-11T01:54:55+00:00,2026-09-11,cohort,90731661|same|0|0|1|0|0|0|all|0,90731661,I Hope You Can See If You Read Through These Lines,Harry Potter - J. K. Rowling,Harry Potter - J. K. Rowling,,same,0,0,1,0,0,0,all,0,556,121,13,2,3,2544,1,General Audiences,No Archive Warnings Apply,M/M,English,,17 Aug 2026,10.743801652892563,1.6528925619834711,2.479338842975207,23.076923076923077,51.10062893081761,7.861635220125787,11.79245283018868,True,False
2026-09-11T01:54:55+00:00,2026-09-11,cohort,90730611|same|0|0|1|0|0|0|all|0,90730611,Love is worse than no love,Harry Potter - J. K. Rowling,Harry Potter - J. K. Rowling,,same,0,0,1,0,0,0,all,0,557,143,11,0,1,2352,1,General Audiences,Creator Chose Not To Use Archive Warnings,M/M,English,,17 Aug 2026,7.6923076923076925,0.0,0.6993006993006993,9.090909090909092,46.7687074829932,0.0,4.2517006802721085,True,False
2026-09-11T01:54:55+00:00,2026-09-11,cohort,89817851|same|0|0|1|0|0|0|all|0,89817851,The Family Jewels,Harry Potter - J. K. Rowling,Harry Potter - J. K. Rowling,,same,0,0,1,0,0,0,all,0,557,68,2,0,4,2595,3,Teen And Up Audiences,Graphic Depictions Of Violence,F/M,English,,17 Aug 2026,2.941176470588235,0.0,5.88235294117647,200.0,7.707129094412331,0.0,15.414258188824663,True,False
2026-09-11T01:54:55+00:00,2026-09-11,cohort,90729526|same|0|0|1|0|0|0|all|0,90729526,The Weight of a Promise,Harry Potter - J. K. Rowling,Harry Potter - J. K. Rowling,,same,0,0,1,0,0,0,all,0,557,61,0,0,1,4465,2,Not Rated,"Graphic Depictions Of Violence, Major Character Death, Rape/Non-Con, Underage Sex",F/M,English,,17 Aug 2026,0.0,0.0,1.639344262295082,0.0,0.0,0.0,2.2396416573348263,True,False
2026-09-11T01:54:55+00:00,2026-09-11,cohort,89874221|same|0|0|1|0|0|0|all|0,89874221,Lemons Never Tasted So Sweet,Harry Potter - J. K. Rowling,Harry Potter - J. K. Rowling,,same,0,0,1,0,0,0,all,0,557,954,47,0,9,0,1,Not Rated,No Archive Warnings Apply,F/M,English,,17 Aug 2026,4.926624737945493,0.0,0.9433962264150944,19.148936170212767,0.0,0.0,0.0,False,False
2026-09-11T01:54:55+00:00,2026-09-11,cohort,89186866|same|0|0|1|0|0|0|all|0,89186866,The Apricot Flower,Harry Potter - J. K. Rowling,Harry Potter - J. K. Rowling,,same,0,0,1,0,0,0,all,0,557,936,48,6,19,38891,4,Mature,"Creator Chose Not To Use Archive Warnings, F/M, M/M, Multi",,English,,17 Aug 2026,5.128205128205128,0.641025641025641,2.02991452991453,39.58333333333333,12.342187138412486,1.5427733923015607,4.885449075621609,True,False
2026-09-11T01:54:55+00:00,2026-09-11,cohort,43557279|same|0|0|1|0|0|0|all|0,43557279,One Thread Yanked,Harry Potter - J. K. Rowling,Harry Potter - J. K. Rowling,,same,0,0,1,0,0,0,all,0,557,1982,31,14,13,53418,47,Teen And Up Audiences,Creator Chose Not To Use Archive Warnings,F/M,English,,17 Aug 2026,1.564076690211907,0.7063572149344097,0.6559031281533804,41.935483870967744,5.803287281440713,2.6208394174248384,2.4336366018944924,True,False
2026-09-11T01:54:55+00:00,2026-09-11,cohort,90204821|same|0|0|1|0|0|0|all|0,90204821,I’m your man,Harry Potter - J. K. Rowling,Harry Potter - J. K. Rowling,,same,0,0,1,0,0,0,all,0,557,565,26,1,2,20586,10,Not Rated,"Graphic Depictions Of Violence, Major Character Death, F/F, F/M, M/M",,English,,17 Aug 2026,4.601769911504425,0.17699115044247787,0.35398230088495575,7.6923076923076925,12.629942679490917,0.485767026134266,0.971534052268532,True,False
2026-09-11T01:54:55+00:00,2026-09-11,cohort,90729381|same|0|0|1|0|0|0|all|0,90729381,Lost and Found,Harry Potter - J. K. Rowling,Harry Potter - J. K. Rowling,,same,0,0,1,0,0,0,all,0,557,717,61,8,6,11052,1,Teen And Up Audiences,Creator Chose Not To Use Archive Warnings,F/M,English,,17 Aug 2026,8.507670850767084,1.1157601115760112,0.8368200836820083,9.836065573770492,55.193630112196885,7.238508867173362,5.428881650380022,True,False
2026-09-11T01:54:55+00:00,2026-09-11,cohort,90728796|same|0|0|1|0|0|0|all|0,90728796,Harry Potter,Harry Potter - J. K. Rowling,Harry Potter - J. K. Rowling,,same,0,0,1,0,0,0,all,0,557,436,11,1,2,65,1,Teen And Up Audiences,"Graphic Depictions Of Violence, Major Character Death",Multi,English,,17 Aug 2026,2.522935779816514,0.22935779816513763,0.45871559633027525,18.181818181818183,1692.3076923076924,153.84615384615387,307.69230769230774,True,False
2026-09-11T01:54:55+00:00,2026-09-11,cohort,45980476|same|0|0|1|0|0|0|all|0,45980476,A Song of Lightning and Fire,Harry Potter - J. K. Rowling,Harry Potter - J. K. Rowling,,same,0,0,1,0,0,0,all,0,557,11249,143,66,101,168802,32,Mature,Graphic Depictions Of Violence,F/M,English,,17 Aug 2026,1.271224108809672,0.5867188194506179,0.8978575873410969,70.62937062937063,8.471463608251087,3.909906280731271,5.9833414296039145,True,False
2026-09-11T01:54:55+00:00,2026-09-11,cohort,90685226|same|0|0|1|0|0|0|all|0,90685226,Grief and Aurora Motif,Harry Potter - J. K. Rowling,Harry Potter - J. K. Rowling,,same,0,0,1,0,0,0,all,0,557,1008,75,20,7,42678,1,Teen And Up Audiences,"Graphic Depictions Of Violence, Major Character Death",Gen,English,,17 Aug 2026,7.440476190476191,1.984126984126984,0.6944444444444444,9.333333333333334,17.573457050470967,4.686255213458924,1.6401893247106238,True,False
2026-09-11T01:54:55+00:00,2026-09-11,cohort,85656261|same|0|0|1|0|0|0|all|0,85656261,I Don't Know (Jamie Jamie),Harry Potter - J. K. Rowling,Harry Potter - J. K. Rowling,,same,0,0,1,0,0,0,all,0,557,165,12,5,2,16146,5,Teen And Up Audiences,Creator Chose Not To Use Archive Warnings,M/M,English,,17 Aug 2026,7.2727272727272725,3.0303030303030303,1.2121212121212122,16.666666666666664,7.432181345224824,3.0967422271770095,1.238696890870804,True,False
2026-09-11T01:54:55+00:00,2026-09-11,cohort,62443123|same|0|0|1|0|0|0|all|0,62443123,The Weight of Forgetting,Harry Potter - J. K. Rowling,Harry Potter - J. K. Rowling,,same,0,0,1,0,0,0,all,0,557,1087,22,5,4,195942,29,Explicit,Graphic Depictions Of Violence,F/M,English,,17 Aug 2026,2.02391904323827,0.45998160073597055,0.36798528058877644,18.181818181818183,1.1227812311806555,0.25517755254105806,0.20414204203284644,True,False
2026-09-11T01:54:55+00:00,2026-09-11,cohort,90704446|same|0|0|1|0|0|0|all|0,90704446,These Waking Moments,Harry Potter - J. K. Rowling,Harry Potter - J. K. Rowling,,same,0,0,1,0,0,0,all,0,557,1310,47,7,7,28603,7,Mature,Graphic Depictions Of Violence,F/M,English,,17 Aug 2026,3.5877862595419847,0.5343511450381679,0.5343511450381679,14.893617021276595,16.43184281369087,2.447295738209279,2.447295738209279,True,False
2026-09-11T01:54:55+00:00,2026-09-11,cohort,86491316|same|0|0|1|0|0|0|all|0,86491316,alone in this meaningless life,Harry Potter - J. K. Rowling,Harry Potter - J. K. Rowling,,same,0,0,1,0,0,0,all,0,557,195,18,9,9,17677,4,Mature,Creator Chose Not To Use Archive Warnings,M/M,English,,17 Aug 2026,9.230769230769232,4.615384615384616,4.615384615384616,50.0,10.182723312779316,5.091361656389658,5.091361656389658,True,False
2026-09-11T01:54:55+00:00,2026-09-11,cohort,87340761|same|0|0|1|0|0|0|all|0,87340761,Chaos Born Again,Harry Potter - J. K. Rowling,Harry Potter - J. K. Rowling,,same,0,0,1,0,0,0,all,0,557,9080,309,134,84,21624,9,Mature,"Creator Chose Not To Use Archive Warnings, No Archive Warnings Apply",F/M,English,,18 Aug 2026,3.4030837004405283,1.475770925110132,0.9251101321585903,27.184466019417474,142.89678135405106,61.96818349981502,38.8457269700333,True,False
2026-09-11T01:54:55+00:00,2026-09-11,cohort,90492451|same|0|0|1|0|0|0|all|0,90492451,[Art] Демон или кто-то вроде,Harry Potter - J. K. Rowling,Fantastic Beasts and Where to Find Them (Movies),,same,0,0,1,0,0,0,all,0,558,211,33,0,8,1,1,General Audiences,No Archive Warnings Apply,Gen,Русский,,17 Aug 2026,15.639810426540285,0.0,3.7914691943127963,24.242424242424242,330000.0,0.0,80000.0,True,False
2026-09-11T01:54:55+00:00,2026-09-11,cohort,90725511|same|0|0|1|0|0|0|all|0,90725511,[ART] Chibi Drarry Faces,Harry Potter - J. K. Rowling,Harry Potter - J. K. Rowling,,same,0,0,1,0,0,0,all,0,558,491,41,1,6,0,1,General Audiences,No Archive Warnings Apply,M/M,English,,17 Aug 2026,8.350305498981669,0.20366598778004072,1.2219959266802443,14.634146341463413,0.0,0.0,0.0,False,False
2026-09-11T01:54:55+00:00,2026-09-11,cohort,90409941|same|0|0|1|0|0|0|all|0,90409941,Лезвие в карамели,Harry Potter - J. K. Rowling,Fantastic Beasts and Where to Find Them (Movies),,same,0,0,1,0,0,0,all,0,558,117,8,0,0,21343,1,Explicit,"Rape/Non-Con, Graphic Depictions Of Violence, M/M, Other",,Русский,,17 Aug 2026,6.837606837606838,0.0,0.0,0.0,3.7483015508597664,0.0,0.0,True,False
2026-09-11T01:54:55+00:00,2026-09-11,cohort,90725506|same|0|0|1|0|0|0|all|0,90725506,Long Take,Harry Potter - J. K. Rowling,Harry Potter - J. K. Rowling,,same,0,0,1,0,0,0,all,0,558,799,111,14,20,1844,1,Teen And Up Audiences,Creator Chose Not To Use Archive Warnings,F/M,English,,17 Aug 2026,13.892365456821027,1.7521902377972465,2.5031289111389237,18.01801801801802,601.9522776572668,75.92190889370933,108.45986984815617,True,False
2026-09-11T01:54:55+00:00,2026-09-11,cohort,73044611|same|0|0|1|0|0|0|all|0,73044611,"Again, But Better",Harry Potter - J. K. Rowling,Harry Potter - J. K. Rowling,,same,0,0,1,0,0,0,all,0,558,53328,1925,534,1026,78958,18,Explicit,Creator Chose Not To Use Archive Warnings,M/M,English,,17 Aug 2026,3.6097359735973598,1.0013501350135015,1.923942394239424,53.2987012987013,243.80050153246032,67.63089237316042,129.9425010765217,True,False
2026-09-11T01:54:55+00:00,2026-09-11,cohort,90367286|same|0|0|1|0|0|0|all|0,90367286,Walk In The Moonlight (Years Between Us),Harry Potter - J. K. Rowling,Harry Potter - J. K. Rowling,,same,0,0,1,0,0,0,all,0,558,1204,87,13,11,19144,7,Teen And Up Audiences,"Creator Chose Not To Use Archive Warnings, No Archive Warnings Apply",M/M,English,,17 Aug 2026,7.225913621262459,1.0797342192691028,0.9136212624584719,12.643678160919542,45.44504805683243,6.790639364814041,5.745925616381112,True,False
2026-09-11T01:54:55+00:00,2026-09-11,cohort,90724406|same|0|0|1|0|0|0|all|0,90724406,This is going to change your life,Harry Potter - J. K. Rowling,Harry Potter - J. K. Rowling,,same,0,0,1,0,0,0,all,0,558,490,8,0,4,13,1,Explicit,"Graphic Depictions Of Violence, Major Character Death, No Archive Warnings Apply, Rape/Non-Con, Underage Sex",F/M,English,,17 Aug 2026,1.6326530612244898,0.0,0.8163265306122449,50.0,6153.846153846154,0.0,3076.923076923077,True,False
2026-09-11T01:54:55+00:00,2026-09-11,cohort,88245066|same|0|0|1|0|0|0|all|0,88245066,How To Wear Glasses With Eight Eyes,Harry Potter - J. K. Rowling,Harry Potter - J. K. Rowling,,same,0,0,1,0,0,0,all,0,558,149,7,0,8,17304,5,General Audiences,"Creator Chose Not To Use Archive Warnings, F/F, F/M, M/M",,English,,17 Aug 2026,4.697986577181208,0.0,5.369127516778524,114.28571428571428,4.045307443365696,0.0,4.623208506703652,True,False
2026-09-11T01:54:55+00:00,2026-09-11,cohort,90716291|same|0|0|1|0|0|0|all|0,90716291,The Black Sheep | Draco Malfoy,Harry Potter - J. K. Rowling,Harry Potter - J. K. Rowling,,same,0,0,1,0,0,0,all,0,558,195,4,0,1,1842,2,Explicit,"Underage Sex, Rape/Non-Con",F/M,English,,17 Aug 2026,2.051282051282051,0.0,0.5128205128205128,25.0,21.71552660152009,0.0,5.428881650380022,True,False
2026-09-11T01:54:55+00:00,2026-09-11,cohort,90716481|same|0|0|1|0|0|0|all|0,90716481,A Malfoy & Potter,Harry Potter - J. K. Rowling,Harry Potter - J. K. Rowling,,same,0,0,1,0,0,0,all,0,558,375,5,2,1,44529,22,Explicit,"Graphic Depictions Of Violence, Underage Sex",F/M,English,,17 Aug 2026,1.3333333333333335,0.5333333333333333,0.26666666666666666,20.0,1.1228637517123672,0.4491455006849469,0.22457275034247345,True,False
2026-09-11T01:54:55+00:00,2026-09-11,cohort,90723031|same|0|0|1|0|0|0|all|0,90723031,A Vocabulary of Mutual Displeasure,Harry Potter - J. K. Rowling,Harry Potter - J. K. Rowling,,same,0,0,1,0,0,0,all,0,558,2606,453,68,35,8548,3,Teen And Up Audiences,No Archive Warnings Apply,M/M,English,,17 Aug 2026,17.38296239447429,2.609363008442057,1.343054489639294,7.72626931567329,529.9485259709874,79.55077211043519,40.945250350959284,True,False
2026-09-11T01:54:55+00:00,2026-09-11,cohort,66836230|same|0|0|1|0|0|0|all|0,66836230,Dragon Tear,Harry Potter - J. K. Rowling,Harry Potter - J. K. Rowling,,same,0,0,1,0,0,0,all,0,558,99704,2602,601,1284,264921,25,Mature,Creator Chose Not To Use Archive Warnings,M/M,English,,17 Aug 2026,2.6097247853646794,0.6027842413544091,1.287811923292947,49.346656418139894,98.2179593161735,22.686008281714173,48.46727892466056,True,False
2026-09-11T01:54:55+00:00,2026-09-11,cohort,87254776|same|0|0|1|0|0|0|all|0,87254776,Sinful Melody,Harry Potter - J. K. Rowling,Harry Potter - J. K. Rowling,,same,0,0,1,0,0,0,all,0,558,1851,88,22,23,49052,3,Explicit,"Graphic Depictions Of Violence, No Archive Warnings Apply",M/M,English,,17 Aug 2026,4.7541869259859535,1.1885467314964884,1.242571582928147,26.136363636363637,17.940145152083502,4.485036288020876,4.688901573840006,True,False
2026-09-11T01:54:55+00:00,2026-09-11,cohort,90333366|same|0|0|1|0|0|0|all|0,90333366,Secondhand Smoke,Harry Potter - J. K. Rowling,Harry Potter - J. K. Rowling,,same,0,0,1,0,0,0,all,0,558,124,6,1,7,8685,3,Explicit,"Creator Chose Not To Use Archive Warnings, F/F, F/M, M/M",,English,,17 Aug 2026,4.838709677419355,0.8064516129032258,5.64516129032258,116.66666666666667,6.90846286701209,1.1514104778353484,8.059873344847437,True,False
2026-09-11T01:54:55+00:00,2026-09-11,cohort,72246301|same|0|0|1|0|0|0|all|0,72246301,The Legacy of Shadows,Harry Potter - J. K. Rowling,Harry Potter - J. K. Rowling,,same,0,0,1,0,0,0,all,0,558,2456,27,12,42,109716,18,Teen And Up Audiences,Creator Chose Not To Use Archive Warnings,F/M,English,,17 Aug 2026,1.0993485342019544,0.4885993485342019,1.710097719869707,155.55555555555557,2.460899048452368,1.0937329104232747,3.828065186481461,True,False
2026-09-11T01:54:55+00:00,2026-09-11,cohort,90722676|same|0|0|1|0|0|0|all|0,90722676,Just Boys,Harry Potter - J. K. Rowling,Harry Potter - J. K. Rowling,,same,0,0,1,0,0,0,all,0,558,359,49,0,4,0,1,General Audiences,No Archive Warnings Apply,M/M,English,,17 Aug 2026,13.649025069637883,0.0,1.1142061281337048,8.16326530612245,0.0,0.0,0.0,False,False
2026-09-11T01:54:55+00:00,2026-09-11,cohort,90565986|same|0|0|1|0|0|0|all|0,90565986,solemn rite,Harry Potter - J. K. Rowling,Harry Potter - J. K. Rowling,,same,0,0,1,0,0,0,all,0,558,999,30,11,9,7089,3,Explicit,"Rape/Non-Con, Underage Sex",F/M,English,,17 Aug 2026,3.003003003003003,1.1011011011011012,0.9009009009009009,30.0,42.319085907744395,15.516998166172943,12.69572577232332,True,False
2026-09-11T01:54:55+00:00,2026-09-11,cohort,90333971|same|0|0|1|0|0|0|all|0,90333971,my heart will be waiting (to make sure you're never alone),Harry Potter - J. K. Rowling,Harry Potter - J. K. Rowling,,same,0,0,1,0,0,0,all,0,558,291,22,9,7,14551,2,Mature,No Archive Warnings Apply,M/M,English,,17 Aug 2026,7.560137457044673,3.0927835051546393,2.405498281786942,31.818181818181817,15.119235791354546,6.185141914645042,4.81066593361281,True,False
2026-09-11T01:54:55+00:00,2026-09-11,cohort,90722411|same|0|0|1|0|0|0|all|0,90722411,"It's obvious, isn't it?",Harry Potter - J. K. Rowling,Harry Potter - J. K. Rowling,,same,0,0,1,0,0,0,all,0,559,289,41,7,11,5808,1,General Audiences,No Archive Warnings Apply,F/M,English,,17 Aug 2026,14.186851211072666,2.422145328719723,3.8062283737024223,26.82926829268293,70.59228650137742,12.052341597796143,18.93939393939394,True,False
2026-09-11T01:54:55+00:00,2026-09-11,cohort,87035141|same|0|0|1|0|0|0|all|0,87035141,Moonbath,Harry Potter - J. K. Rowling,Harry Potter - J. K. Rowling,,same,0,0,1,0,0,0,all,0,559,270,17,2,37,67465,9,Teen And Up Audiences,"No Archive Warnings Apply, F/M, M/M",,English,,18 Aug 2026,6.296296296296296,0.7407407407407408,13.703703703703704,217.6470588235294,2.5198250944934406,0.2964500111168754,5.484325205662195,True,False
2026-09-11T01:54:55+00:00,2026-09-11,cohort,90716271|same|0|0|1|0|0|0|all|0,90716271,Perfectly in Pieces - Tökéletes darabokban,Harry Potter - J. K. Rowling,Harry Potter - J. K. Rowling,,same,0,0,1,0,0,0,all,0,559,138,0,0,0,442978,65,Explicit,"Graphic Depictions Of Violence, Rape/Non-Con",F/M,Magyar,,17 Aug 2026,0.0,0.0,0.0,0.0,0.0,0.0,0.0,True,False
2026-09-11T01:54:55+00:00,2026-09-11,cohort,90105336|same|0|0|1|0|0|0|all|0,90105336,What We Owe Each Other,Harry Potter - J. K. Rowling,Harry Potter - J. K. Rowling,,same,0,0,1,0,0,0,all,0,559,1849,79,18,35,47147,16,Teen And Up Audiences,No Archive Warnings Apply,M/M,English,,17 Aug 2026,4.2725797728501895,0.9734991887506761,1.8929150892374256,44.303797468354425,16.75610325153244,3.8178463104757463,7.423590048147284,True,False
2026-09-11T01:54:55+00:00,2026-09-11,cohort,86609891|same|0|0|1|0|0|0|all|0,86609891,15th Moon,Harry Potter - J. K. Rowling,Harry Potter - J. K. Rowling,,same,0,0,1,0,0,0,all,0,559,8205,490,155,147,34296,3,Explicit,Creator Chose Not To Use Archive Warnings,M/M,English,,17 Aug 2026,5.971968312004875,1.8890920170627667,1.7915904936014626,30.0,142.87380452530908,45.194774900863074,42.86214135759272,True,False
2026-09-11T01:54:55+00:00,2026-09-11,cohort,52610947|same|0|0|1|0|0|0|all|0,52610947,Regulus and Sirius' strange relation,Harry Potter - J. K. Rowling,Harry Potter - J. K. Rowling,,same,0,0,1,0,0,0,all,0,559,9349,387,53,51,16862,16,Not Rated,"Creator Chose Not To Use Archive Warnings, Graphic Depictions Of Violence",M/M,English,,17 Aug 2026,4.139480158305702,0.5669055513958713,0.5455128890790459,13.178294573643413,229.51014114577154,31.43162139722453,30.245522476574546,True,False
2026-09-11T01:54:55+00:00,2026-09-11,cohort,90720516|same|0|0|1|0|0|0|all|0,90720516,Slipping through the past,Harry Potter - J. K. Rowling,Harry Potter - J. K. Rowling,,same,0,0,1,0,0,0,all,0,559,80,7,0,5,7619,3,Teen And Up Audiences,"Graphic Depictions Of Violence, F/F, F/M, M/M",,English,,17 Aug 2026,8.75,0.0,6.25,71.42857142857143,9.187557422233889,0.0,6.562541015881349,True,False
2026-09-11T01:54:55+00:00,2026-09-11,cohort,30598481|same|0|0|1|0|0|0|all|0,30598481,Since You've Been Gone,Harry Potter - J. K. Rowling,Harry Potter - J. K. Rowling,,same,0,0,1,0,0,0,all,0,559,31512,1578,461,271,40316,5,Explicit,"No Archive Warnings Apply, F/M, M/M",,English,,17 Aug 2026,5.007616146230007,1.4629347550139629,0.8599898451383601,17.173637515842838,391.40787776565134,114.34666137513642,67.21897013592618,True,False
2026-09-11T01:54:55+00:00,2026-09-11,cohort,90507361|same|0|0|1|0|0|0|all|0,90507361,[Art] Одна голова - хорошо | Three is better,Harry Potter - J. K. Rowling,Harry Potter - J. K. Rowling,,same,0,0,1,0,0,0,all,0,559,248,44,0,7,0,1,Teen And Up Audiences,No Archive Warnings Apply,Gen,English,,17 Aug 2026,17.741935483870968,0.0,2.82258064516129,15.909090909090908,0.0,0.0,0.0,False,False
2026-09-11T01:54:55+00:00,2026-09-11,cohort,90506336|same|0|0|1|0|0|0|all|0,90506336,[Art] В поисках истины | Looking for the truth,Harry Potter - J. K. Rowling,Harry Potter - J. K. Rowling,,same,0,0,1,0,0,0,all,0,559,431,59,0,6,0,1,General Audiences,"No Archive Warnings Apply, Gen, M/M",,English,,17 Aug 2026,13.68909512761021,0.0,1.3921113689095126,10.16949152542373,0.0,0.0,0.0,False,False
2026-09-11T01:54:55+00:00,2026-09-11,cohort,90500691|same|0|0|1|0|0|0|all|0,90500691,[Maxi] Сердца и тени,Harry Potter - J. K. Rowling,Harry Potter - J. K. Rowling,,same,0,0,1,0,0,0,all,0,559,313,19,0,8,21480,9,Teen And Up Audiences,No Archive Warnings Apply,M/M,Русский,,17 Aug 2026,6.070287539936102,0.0,2.5559105431309903,42.10526315789473,8.845437616387338,0.0,3.7243947858473,True,False
2026-09-11T01:54:55+00:00,2026-09-11,cohort,90496901|same|0|0|1|0|0|0|all|0,90496901,[Maxi] assemblage point|Точка сборки,Harry Potter - J. K. Rowling,Harry Potter - J. K. Rowling,,same,0,0,1,0,0,0,all,0,559,332,24,2,9,19950,8,Explicit,No Archive Warnings Apply,M/M,Русский,,17 Aug 2026,7.228915662650602,0.6024096385542169,2.710843373493976,37.5,12.030075187969924,1.0025062656641603,4.511278195488722,True,False
2026-09-11T01:54:55+00:00,2026-09-11,cohort,90718006|same|0|0|1|0|0|0|all|0,90718006,Ron Weasley’s Strategy for Killing Draco Malfoy,Harry Potter - J. K. Rowling,Harry Potter - J. K. Rowling,,same,0,0,1,0,0,0,all,0,559,679,106,9,12,3356,1,General Audiences,"No Archive Warnings Apply, No category",,English,,17 Aug 2026,15.61119293078056,1.3254786450662739,1.7673048600883652,11.320754716981133,315.8522050059595,26.817640047675805,35.75685339690107,True,False
2026-09-11T01:54:55+00:00,2026-09-11,cohort,78810811|same|0|0|1|0|0|0|all|0,78810811,to know the stars and desire the sky,Harry Potter - J. K. Rowling,Harry Potter - J. K. Rowling,,same,0,0,1,0,0,0,all,0,559,906,39,12,16,32884,6,Teen And Up Audiences,"Graphic Depictions Of Violence, F/F, F/M, M/M, Multi",,English,,17 Aug 2026,4.304635761589404,1.3245033112582782,1.7660044150110374,41.02564102564102,11.859871061914609,3.649191095973726,4.865588127964967,True,False
2026-09-11T01:54:55+00:00,2026-09-11,cohort,90716231|same|0|0|1|0|0|0|all|0,90716231,Suffering: Part 6 No Longer,Harry Potter - J. K. Rowling,Harry Potter - J. K. Rowling,,same,0,0,1,0,0,0,all,0,559,186,1,0,0,337274,63,Explicit,"Creator Chose Not To Use Archive Warnings, F/F, F/M, M/M, Multi",,English,,17 Aug 2026,0.5376344086021506,0.0,0.0,0.0,0.029649483802486998,0.0,0.0,True,False
2026-09-11T01:54:55+00:00,2026-09-11,cohort,84389151|same|0|0|1|0|0|0|all|0,84389151,Трясовина,Harry Potter - J. K. Rowling,Harry Potter - J. K. Rowling,,same,0,0,1,0,0,0,all,0,559,406,48,1,54,11331,21,Explicit,No Archive Warnings Apply,F/M,Українська,,17 Aug 2026,11.822660098522167,0.24630541871921183,13.30049261083744,112.5,42.36166269526079,0.8825346394845999,47.65687053216839,True,False
2026-09-11T01:54:55+00:00,2026-09-11,cohort,49301170|same|0|0|1|0|0|0|all|0,49301170,On The Hunt,Harry Potter - J. K. Rowling,Harry Potter - J. K. Rowling,,same,0,0,1,0,0,0,all,0,560,190019,1506,746,248,222798,42,Mature,"Graphic Depictions Of Violence, F/F, F/M, Multi",,English,,17 Aug 2026,0.7925523237149968,0.3925923197153969,0.13051326446302738,16.46746347941567,67.59486171330084,33.48324491243189,11.131159166599343,True,False
2026-09-11T01:54:55+00:00,2026-09-11,cohort,74474821|same|0|0|1|0|0|0|all|0,74474821,The Future Is Not Written In Stone,Harry Potter - J. K. Rowling,Harry Potter - J. K. Rowling,,same,0,0,1,0,0,0,all,0,560,13152,380,86,201,28778,16,Mature,No Archive Warnings Apply,F/M,English,,17 Aug 2026,2.889294403892944,0.6538929440389294,1.5282846715328469,52.89473684210526,132.0453123914101,29.883939120161234,69.84502050177218,True,False
2026-09-11T01:54:55+00:00,2026-09-11,cohort,71263986|same|0|0|1|0|0|0|all|0,71263986,Fighting One's Demons,Harry Potter - J. K. Rowling,Harry Potter - J. K. Rowling,,same,0,0,1,0,0,0,all,0,560,16334,752,102,277,33413,12,Teen And Up Audiences,No Archive Warnings Apply,Gen,English,,17 Aug 2026,4.60389371862373,0.6244643075792824,1.695849149014326,36.83510638297872,225.0621015772304,30.52704037350732,82.90186454374047,True,False
2026-09-11T01:54:55+00:00,2026-09-11,cohort,24886456|same|0|0|1|0|0|0|all|0,24886456,True Heart,Harry Potter - J. K. Rowling,Harry Potter - J. K. Rowling,,same,0,0,1,0,0,0,all,0,560,16473,292,68,127,159803,33,General Audiences,No Archive Warnings Apply,Gen,English,,17 Aug 2026,1.772597583925211,0.41279669762641896,0.7709585382140473,43.49315068493151,18.272498013178726,4.255239263342991,7.947285094772939,True,False
2026-09-11T01:54:55+00:00,2026-09-11,cohort,70757491|same|0|0|1|0|0|0|all|0,70757491,Harry Potter and the Heir of Slytherin (Second Year),Harry Potter - J. K. Rowling,Harry Potter - J. K. Rowling,,same,0,0,1,0,0,0,all,0,560,2259,64,16,28,80531,18,Mature,"Graphic Depictions Of Violence, No category",,English,,17 Aug 2026,2.83311199645861,0.7082779991146525,1.239486498450642,43.75,7.947250127280178,1.9868125318200445,3.476921930685078,True,False
2026-09-11T01:54:55+00:00,2026-09-11,cohort,58329466|same|0|0|1|0|0|0|all|0,58329466,Hermione Granger's Tie,Harry Potter - J. K. Rowling,Harry Potter - J. K. Rowling,,same,0,0,1,0,0,0,all,0,560,15923,196,80,45,247460,28,Explicit,Underage Sex,F/M,English,,17 Aug 2026,1.2309238208880235,0.5024178860767443,0.28261006091816865,22.95918367346939,7.920471995474016,3.2328457124383743,1.8184757132465852,True,False
2026-09-11T01:54:55+00:00,2026-09-11,cohort,66960781|same|0|0|1|0|0|0|all|0,66960781,"Us, Cursed Immortals",Harry Potter - J. K. Rowling,Harry Potter - J. K. Rowling,,same,0,0,1,0,0,0,all,0,560,504,21,7,2,50837,7,Mature,"Graphic Depictions Of Violence, F/F, F/M, M/M",,English,,17 Aug 2026,4.166666666666666,1.3888888888888888,0.3968253968253968,9.523809523809524,4.130849578063222,1.3769498593544072,0.3934142455298306,True,False
2026-09-11T01:54:55+00:00,2026-09-11,cohort,54143104|same|0|0|1|0|0|0|all|0,54143104,Paint the Silence,Harry Potter - J. K. Rowling,Harry Potter - J. K. Rowling,,same,0,0,1,0,0,0,all,0,560,4190,110,21,54,132462,18,Mature,Creator Chose Not To Use Archive Warnings,M/M,English,,17 Aug 2026,2.6252983293556085,0.5011933174224343,1.2887828162291168,49.09090909090909,8.304268393954493,1.5853603297549488,4.076640847941296,True,False
2026-09-11T01:54:55+00:00,2026-09-11,cohort,90716226|same|0|0|1|0|0|0|all|0,90716226,Harry Potter and the Desirous Detention,Harry Potter - J. K. Rowling,Harry Potter - J. K. Rowling,,same,0,0,1,0,0,0,all,0,560,4646,204,23,0,4185,1,Explicit,Underage Sex,M/M,English,,17 Aug 2026,4.390873869995695,0.49504950495049505,0.0,0.0,487.45519713261655,54.95818399044205,0.0,True,False
2026-09-11T01:54:55+00:00,2026-09-11,cohort,89288406|same|0|0|1|0|0|0|all|0,89288406,Harry's First Magic,Harry Potter - J. K. Rowling,Harry Potter - J. K. Rowling,,same,0,0,1,0,0,0,all,0,560,159,26,2,4,357,1,General Audiences,"No Archive Warnings Apply, F/M, M/M, Multi",,English,,17 Aug 2026,16.352201257861633,1.257861635220126,2.515723270440252,15.384615384615385,728.2913165266107,56.022408963585434,112.04481792717087,True,False
2026-09-11T01:54:55+00:00,2026-09-11,cohort,82993066|same|0|0|1|0|0|0|all|0,82993066,second (and third) impressions,Harry Potter - J. K. Rowling,Harry Potter - J. K. Rowling,,same,0,0,1,0,0,0,all,0,560,11786,449,77,320,92376,22,Explicit,No Archive Warnings Apply,M/M,English,,17 Aug 2026,3.8096046156456813,0.6533174953334464,2.7150856948922453,71.26948775055679,48.6056984498138,8.335498397852255,34.64103230276262,True,False
2026-09-11T01:54:55+00:00,2026-09-11,cohort,90711621|same|0|0|1|0|0|0|all|0,90711621,Suffering: Part 5,Harry Potter - J. K. Rowling,Harry Potter - J. K. Rowling,,same,0,0,1,0,0,0,all,0,560,344,2,1,0,177648,103,Explicit,"Creator Chose Not To Use Archive Warnings, F/F, F/M, M/M, Multi",,English,,17 Aug 2026,0.5813953488372093,0.29069767441860467,0.0,0.0,0.1125821849950464,0.0562910924975232,0.0,True,False
2026-09-11T01:54:55+00:00,2026-09-11,cohort,85539491|same|0|0|1|0|0|0|all|0,85539491,wait until you taste me,Harry Potter - J. K. Rowling,Harry Potter - J. K. Rowling,,same,0,0,1,0,0,0,all,0,560,27835,1390,211,901,31973,9,Explicit,"No Archive Warnings Apply, F/M, M/M",,English,,17 Aug 2026,4.993712951320281,0.7580384408119274,3.2369319202442965,64.82014388489209,434.74181340506055,65.99318174709911,281.80026897694927,True,False
2026-09-11T01:54:55+00:00,2026-09-11,cohort,64033969|same|0|0|1|0|0|0|all|0,64033969,A Badger's Determination and the House of Black,Harry Potter - J. K. Rowling,Harry Potter - J. K. Rowling,,same,0,0,1,0,0,0,all,0,560,5397,147,32,110,23882,7,Teen And Up Audiences,No Archive Warnings Apply,Gen,English,,17 Aug 2026,2.7237354085603114,0.5929219937002038,2.0381693533444505,74.82993197278913,61.55263378276527,13.39921279624822,46.059793987103255,True,False
2026-09-11T01:54:55+00:00,2026-09-11,cohort,89857001|same|0|0|1|0|0|0|all|0,89857001,Two for the Price of One,Harry Potter - J. K. Rowling,Harry Potter - J. K. Rowling,,same,0,0,1,0,0,0,all,0,560,3483,126,21,15,10820,11,Explicit,"No Archive Warnings Apply, F/M, M/M, Multi",,English,,17 Aug 2026,3.6175710594315245,0.6029285099052542,0.4306632213608958,11.904761904761903,116.45101663585952,19.408502772643253,13.863216266173753,True,False
2026-09-11T01:54:55+00:00,2026-09-11,cohort,86824586|same|0|0|1|0|0|0|all|0,86824586,Without You (my magic fails),Harry Potter - J. K. Rowling,Harry Potter - J. K. Rowling,,same,0,0,1,0,0,0,all,0,560,8577,457,64,208,34261,10,Explicit,No Archive Warnings Apply,F/F,English,,17 Aug 2026,5.328203334499242,0.7461816485950798,2.4250903579340095,45.51422319474836,133.38781705145794,18.680131928431745,60.71042876740317,True,False
2026-09-11T01:54:55+00:00,2026-09-11,cohort,86628601|same|0|0|1|0|0|0|all|0,86628601,Gently with a Chainsaw,Harry Potter - J. K. Rowling,Harry Potter - J. K. Rowling,,same,0,0,1,0,0,0,all,0,560,3676,125,32,48,38556,10,Mature,"Major Character Death, Underage Sex",M/M,English,,17 Aug 2026,3.4004352557127313,0.8705114254624592,1.3057671381936888,38.4,32.42037555763046,8.299616142753397,12.449424214130097,True,False
2026-09-11T01:54:55+00:00,2026-09-11,cohort,90712736|same|0|0|1|0|0|0|all|0,90712736,[Prompt] It Hurts When You're Away (When will you be awake?),Harry Potter - J. K. Rowling,Harry Potter - J. K. Rowling,,same,0,0,1,0,0,0,all,0,560,892,50,5,2,640,1,Not Rated,"Creator Chose Not To Use Archive Warnings, No category",,English,,17 Aug 2026,5.605381165919283,0.5605381165919282,0.2242152466367713,4.0,781.25,78.125,31.25,True,False
